# ************************************************************
# Sequel Pro SQL dump
# Version 3408
#
# http://www.sequelpro.com/
# http://code.google.com/p/sequel-pro/
#
# Host: 127.0.0.1 (MySQL 5.5.25)
# Database: eshop
# Generation Time: 2013-05-28 08:01:56 +0000
# ************************************************************


/*!40101 SET @OLD_CHARACTER_SET_CLIENT=@@CHARACTER_SET_CLIENT */;
/*!40101 SET @OLD_CHARACTER_SET_RESULTS=@@CHARACTER_SET_RESULTS */;
/*!40101 SET @OLD_COLLATION_CONNECTION=@@COLLATION_CONNECTION */;
/*!40101 SET NAMES utf8 */;
/*!40014 SET @OLD_FOREIGN_KEY_CHECKS=@@FOREIGN_KEY_CHECKS, FOREIGN_KEY_CHECKS=0 */;
/*!40101 SET @OLD_SQL_MODE=@@SQL_MODE, SQL_MODE='NO_AUTO_VALUE_ON_ZERO' */;
/*!40111 SET @OLD_SQL_NOTES=@@SQL_NOTES, SQL_NOTES=0 */;


# Dump of table dpge_area_types
# ------------------------------------------------------------

DROP TABLE IF EXISTS `dpge_area_types`;

CREATE TABLE `dpge_area_types` (
  `area_type_multilang_id` int(11) NOT NULL AUTO_INCREMENT,
  `area_type_id` int(11) DEFAULT NULL,
  `area_type_name` varchar(45) DEFAULT NULL,
  `la` int(11) DEFAULT NULL,
  PRIMARY KEY (`area_type_multilang_id`),
  UNIQUE KEY `area_type_multilang_id_UNIQUE` (`area_type_multilang_id`)
) ENGINE=InnoDB DEFAULT CHARSET=utf8;

LOCK TABLES `dpge_area_types` WRITE;
/*!40000 ALTER TABLE `dpge_area_types` DISABLE KEYS */;

INSERT INTO `dpge_area_types` (`area_type_multilang_id`, `area_type_id`, `area_type_name`, `la`)
VALUES
	(1,1,'Χώρα',1),
	(2,1,'Country',2),
	(3,2,'Νομός',1),
	(4,2,'Region',2);

/*!40000 ALTER TABLE `dpge_area_types` ENABLE KEYS */;
UNLOCK TABLES;


# Dump of table dpge_areas
# ------------------------------------------------------------

DROP TABLE IF EXISTS `dpge_areas`;

CREATE TABLE `dpge_areas` (
  `area_id` int(11) NOT NULL AUTO_INCREMENT,
  `area_parent_id` int(11) DEFAULT '0',
  `area_code` varchar(45) DEFAULT NULL,
  `area_name` varchar(45) DEFAULT NULL,
  `area_type` tinyint(4) DEFAULT NULL,
  PRIMARY KEY (`area_id`),
  UNIQUE KEY `area_id_UNIQUE` (`area_id`)
) ENGINE=InnoDB DEFAULT CHARSET=utf8;

LOCK TABLES `dpge_areas` WRITE;
/*!40000 ALTER TABLE `dpge_areas` DISABLE KEYS */;

INSERT INTO `dpge_areas` (`area_id`, `area_parent_id`, `area_code`, `area_name`, `area_type`)
VALUES
	(1,0,'AD','Ανδόρα',1),
	(2,0,'AE','Ηνωμένα Αραβικά Εμιράτα',1),
	(3,0,'AF','Αφγανιστάν',1),
	(4,0,'AG','Αντίγκουα και Μπαρμπούντα',1),
	(5,0,'AI','Ανγκουίλα',1),
	(6,0,'AL','Αλβανία',1),
	(7,0,'AM','Αρμενία',1),
	(8,0,'AN','Ολλανδικές Αντίλλες',1),
	(9,0,'AO','Ανγκόλα',1),
	(10,0,'AQ','Ανταρκτική',1),
	(11,0,'AR','Αργεντινή',1),
	(12,0,'AS','Αμερικανική Σαμόα',1),
	(13,0,'AT','Αυστρία',1),
	(14,0,'AU','Αυστραλία',1),
	(15,0,'AW','Αρούμπα',1),
	(16,0,'AX','Νήσοι Άλαντ',1),
	(17,0,'AZ','Αζερμπαϊτζάν',1),
	(18,0,'BA','Βοσνία - Ερζεγοβίνη',1),
	(19,0,'BB','Μπαρμπάντος',1),
	(20,0,'BD','Μπανγκλαντές',1),
	(21,0,'BE','Βέλγιο',1),
	(22,0,'BF','Μπουρκίνα Φάσο',1),
	(23,0,'BG','Βουλγαρία',1),
	(24,0,'BH','Μπαχρέιν',1),
	(25,0,'BI','Μπουρούντι',1),
	(26,0,'BJ','Μπενίν',1),
	(27,0,'BL','Άγιος Βαρθολομαίος',1),
	(28,0,'BM','Βερμούδες',1),
	(29,0,'BN','Μπρουνέι',1),
	(30,0,'BO','Βολιβία',1),
	(31,0,'BR','Βραζιλία',1),
	(32,0,'BS','Μπαχάμες',1),
	(33,0,'BT','Μπουτάν',1),
	(34,0,'BV','Νήσος Μπουβέ',1),
	(35,0,'BW','Μποτσουάνα',1),
	(36,0,'BY','Λευκορωσία',1),
	(37,0,'BZ','Μπελίσε',1),
	(38,0,'CA','Καναδάς',1),
	(39,0,'CC','Νήσοι Κόκος',1),
	(40,0,'CD','Κονγκό - Κινσάσα',1),
	(41,0,'CF','Κεντροαφρικανική Δημοκρατία',1),
	(42,0,'CG','Κονγκό - Μπραζαβίλ',1),
	(43,0,'CH','Ελβετία',1),
	(44,0,'CI','Ακτή Ελεφαντοστού',1),
	(45,0,'CK','Νήσοι Κουκ',1),
	(46,0,'CL','Χιλή',1),
	(47,0,'CM','Καμερούν',1),
	(48,0,'CN','Κίνα',1),
	(49,0,'CO','Κολομβία',1),
	(50,0,'CR','Κόστα Ρίκα',1),
	(51,0,'CS','Σερβία και Μαυροβούνιο',1),
	(52,0,'CU','Κούβα',1),
	(53,0,'CV','Πράσινο Ακρωτήριο',1),
	(54,0,'CX','Νήσος Χριστουγέννων',1),
	(55,0,'CY','Κύπρος',1),
	(56,0,'CZ','Τσεχία',1),
	(57,0,'DE','Γερμανία',1),
	(58,0,'DJ','Τζιμπουτί',1),
	(59,0,'DK','Δανία',1),
	(60,0,'DM','Ντομίνικα',1),
	(61,0,'DO','Δομινικανή Δημοκρατία',1),
	(62,0,'DZ','Αλγερία',1),
	(63,0,'EC','Ισημερινός',1),
	(64,0,'EE','Εσθονία',1),
	(65,0,'EG','Αίγυπτος',1),
	(66,0,'EH','Δυτική Σαχάρα',1),
	(67,0,'ER','Ερυθραία',1),
	(68,0,'ES','Ισπανία',1),
	(69,0,'ET','Αιθιοπία',1),
	(70,0,'FI','Φινλανδία',1),
	(71,0,'FJ','Φίτζι',1),
	(72,0,'FK','Νήσοι Φώκλαντ',1),
	(73,0,'FM','Μικρονησία',1),
	(74,0,'FO','Νήσοι Φερόε',1),
	(75,0,'FR','Γαλλία',1),
	(76,0,'GA','Γκαμπόν',1),
	(77,0,'GB','Ηνωμένο Βασίλειο',1),
	(78,0,'GD','Γρενάδα',1),
	(79,0,'GE','Γεωργία',1),
	(80,0,'GF','Γαλλική Γουιάνα',1),
	(81,0,'GG','Γκερνσέι',1),
	(82,0,'GH','Γκάνα',1),
	(83,0,'GI','Γιβραλτάρ',1),
	(84,0,'GL','Γροιλανδία',1),
	(85,0,'GM','Γκάμπια',1),
	(86,0,'GN','Γουινέα',1),
	(87,0,'GP','Γουαδελούπη',1),
	(88,0,'GQ','Ισημερινή Γουινέα',1),
	(89,0,'GR','Ελλάδα',1),
	(90,0,'GS','Νότια Γεωργία και Νότιες Νήσοι Σάντουιτς',1),
	(91,0,'GT','Γουατεμάλα',1),
	(92,0,'GU','Γκουάμ',1),
	(93,0,'GW','Γουινέα-Μπισάου',1),
	(94,0,'GY','Γουιάνα',1),
	(95,0,'HK','Χονγκ Κονγκ ΕΔΠ Κίνας',1),
	(96,0,'HM','Νήσοι Χερντ και Μακντόναλντ',1),
	(97,0,'HN','Ονδούρα',1),
	(98,0,'HR','Κροατία',1),
	(99,0,'HT','Αϊτή',1),
	(100,0,'HU','Ουγγαρία',1),
	(101,0,'ID','Ινδονησία',1),
	(102,0,'IE','Ιρλανδία',1),
	(103,0,'IL','Ισραήλ',1),
	(104,0,'IM','Νήσος Μαν',1),
	(105,0,'IN','Ινδία',1),
	(106,0,'IO','Βρετανικά Εδάφη Ινδικού Ωκεανού',1),
	(107,0,'IQ','Ιράκ',1),
	(108,0,'IR','Ιράν',1),
	(109,0,'IS','Ισλανδία',1),
	(110,0,'IT','Ιταλία',1),
	(111,0,'JE','Υερσέη',1),
	(112,0,'JM','Τζαμάικα',1),
	(113,0,'JO','Ιορδανία',1),
	(114,0,'JP','Ιαπωνία',1),
	(115,0,'KE','Κένυα',1),
	(116,0,'KG','Κιργιζία',1),
	(117,0,'KH','Καμπότζη',1),
	(118,0,'KI','Κιριμπάτι',1),
	(119,0,'KM','Κομόρος',1),
	(120,0,'KN','Σαιντ Κιτς και Νέβις',1),
	(121,0,'KP','Βόρεια Κορέα',1),
	(122,0,'KR','Νότια Κορέα',1),
	(123,0,'KW','Κουβέιτ',1),
	(124,0,'KY','Νήσοι Κέιμαν',1),
	(125,0,'KZ','Καζακστάν',1),
	(126,0,'LA','Λάος',1),
	(127,0,'LB','Λίβανος',1),
	(128,0,'LC','Αγία Λουκία',1),
	(129,0,'LI','Λιχτενστάιν',1),
	(130,0,'LK','Σρι Λάνκα',1),
	(131,0,'LR','Λιβερία',1),
	(132,0,'LS','Λεσότο',1),
	(133,0,'LT','Λιθουανία',1),
	(134,0,'LU','Λουξεμβούργο',1),
	(135,0,'LV','Λετονία',1),
	(136,0,'LY','Λιβύη',1),
	(137,0,'MA','Μαρόκο',1),
	(138,0,'MC','Μονακό',1),
	(139,0,'MD','Μολδαβία',1),
	(140,0,'ME','Μαυροβούνιο',1),
	(141,0,'MF','Άγιος Μαρτίνος',1),
	(142,0,'MG','Μαδαγασκάρη',1),
	(143,0,'MH','Νήσοι Μάρσαλ',1),
	(144,0,'MK','ΠΓΔ Μακεδονίας',1),
	(145,0,'ML','Μάλι',1),
	(146,0,'MM','Μιανμάρ',1),
	(147,0,'MN','Μογγολία',1),
	(148,0,'MO','Μακάο ΕΔΠ Κίνας',1),
	(149,0,'MP','Βόρειες Μαριάνες Νήσοι',1),
	(150,0,'MQ','Μαρτινίκα',1),
	(151,0,'MR','Μαυριτανία',1),
	(152,0,'MS','Μονσεράτ',1),
	(153,0,'MT','Μάλτα',1),
	(154,0,'MU','Μαυρίκιος',1),
	(155,0,'MV','Μαλδίβες',1),
	(156,0,'MW','Μαλάουι',1),
	(157,0,'MX','Μεξικό',1),
	(158,0,'MY','Μαλαισία',1),
	(159,0,'MZ','Μοζαμβίκη',1),
	(160,0,'NA','Ναμίμπια',1),
	(161,0,'NC','Νέα Καληδονία',1),
	(162,0,'NE','Νίγηρας',1),
	(163,0,'NF','Νήσος Νόρφολκ',1),
	(164,0,'NG','Νιγηρία',1),
	(165,0,'NI','Νικαράγουα',1),
	(166,0,'NL','Ολλανδία',1),
	(167,0,'NO','Νορβηγία',1),
	(168,0,'NP','Νεπάλ',1),
	(169,0,'NR','Ναούρου',1),
	(170,0,'NU','Νιούε',1),
	(171,0,'NZ','Νέα Ζηλανδία',1),
	(172,0,'OM','Ομάν',1),
	(173,0,'PA','Παναμάς',1),
	(174,0,'PE','Περού',1),
	(175,0,'PF','Γαλλική Πολυνησία',1),
	(176,0,'PG','Παπούα Νέα Γουινέα',1),
	(177,0,'PH','Φιλιππίνες',1),
	(178,0,'PK','Πακιστάν',1),
	(179,0,'PL','Πολωνία',1),
	(180,0,'PM','Σαιντ Πιέρ και Μικελόν',1),
	(181,0,'PN','Πίτκερν',1),
	(182,0,'PR','Πουέρτο Ρίκο',1),
	(183,0,'PS','Παλαιστινιακά Εδάφη',1),
	(184,0,'PT','Πορτογαλία',1),
	(185,0,'PW','Παλάου',1),
	(186,0,'PY','Παραγουάη',1),
	(187,0,'QA','Κατάρ',1),
	(188,0,'RE','Ρεϋνιόν',1),
	(189,0,'RO','Ρουμανία',1),
	(190,0,'RS','Σερβία',1),
	(191,0,'RU','Ρωσία',1),
	(192,0,'RW','Ρουάντα',1),
	(193,0,'SA','Σαουδική Αραβία',1),
	(194,0,'SB','Νήσοι Σολομώντος',1),
	(195,0,'SC','Σεϋχέλλες',1),
	(196,0,'SD','Σουδάν',1),
	(197,0,'SE','Σουηδία',1),
	(198,0,'SG','Σιγκαπούρη',1),
	(199,0,'SH','Αγία Ελένη',1),
	(200,0,'SI','Σλοβενία',1),
	(201,0,'SJ','Σβαλμπάρντ και Γιαν Μαγιέν',1),
	(202,0,'SK','Σλοβακία',1),
	(203,0,'SL','Σιέρα Λεόνε',1),
	(204,0,'SM','Άγιος Μαρίνος',1),
	(205,0,'SN','Σενεγάλη',1),
	(206,0,'SO','Σομαλία',1),
	(207,0,'SR','Σουρινάμ',1),
	(208,0,'ST','Σάο Τομέ και Πρίνσιπε',1),
	(209,0,'SV','Ελ Σαλβαδόρ',1),
	(210,0,'SY','Συρία',1),
	(211,0,'SZ','Ζουαζηλάνδη',1),
	(212,0,'TC','Νήσοι Τερκς και Κάικος',1),
	(213,0,'TD','Τσαντ',1),
	(214,0,'TF','Γαλλικά Νότια Εδάφη',1),
	(215,0,'TG','Τόγκο',1),
	(216,0,'TH','Ταϊλάνδη',1),
	(217,0,'TJ','Τατζικιστάν',1),
	(218,0,'TK','Τοκελάου',1),
	(219,0,'TL','Ανατολικό Τιμόρ',1),
	(220,0,'TM','Τουρκμενιστάν',1),
	(221,0,'TN','Τυνησία',1),
	(222,0,'TO','Τόνγκα',1),
	(223,0,'TR','Τουρκία',1),
	(224,0,'TT','Τρινιντάντ και Τομπάγκο',1),
	(225,0,'TV','Τουβαλού',1),
	(226,0,'TW','Ταϊβάν',1),
	(227,0,'TZ','Τανζανία',1),
	(228,0,'UA','Ουκρανία',1),
	(229,0,'UG','Ουγκάντα',1),
	(230,0,'UM','Απομακρυσμένες Νησίδες Η.Π.Α.',1),
	(231,0,'US','Ηνωμένες Πολιτείες της Αμερικής',1),
	(232,0,'UY','Ουρουγουάη',1),
	(233,0,'UZ','Ουζμπεκιστάν',1),
	(234,0,'VA','Βατικανό',1),
	(235,0,'VC','Άγιος Βικέντιος και Γρεναδίνες',1),
	(236,0,'VE','Βενεζουέλα',1),
	(237,0,'VG','Βρετανικές Παρθένοι Νήσοι',1),
	(238,0,'VI','Αμερικανικές Παρθένοι Νήσοι',1),
	(239,0,'VN','Βιετνάμ',1),
	(240,0,'VU','Βανουάτου',1),
	(241,0,'WF','Νήσοι Ουαλλίς και Φουτουνά',1),
	(242,0,'WS','Σαμόα',1),
	(243,0,'YE','Υεμένη',1),
	(244,0,'YT','Μαγιότ',1),
	(245,0,'ZA','Νότια Αφρική',1),
	(246,0,'ZM','Ζάμπια',1),
	(247,0,'ZW','Ζιμπάμπουε',1),
	(248,0,'ZZ','Άγνωστη ή μη έγκυρη περιοχή',1),
	(249,89,'GR','Αιτωλοακαρνανίας',2),
	(250,89,'GR','Αργολίδας',2),
	(251,89,'GR','Αρκαδίας',2),
	(252,89,'GR','Άρτας',2),
	(253,89,'GR','Αττικής',2),
	(254,89,'GR','Αχαΐας',2),
	(255,89,'GR','Βοιωτίας',2),
	(256,89,'GR','Γρεβενών',2),
	(257,89,'GR','Δράμας',2),
	(258,89,'GR','Δωδεκανήσου',2),
	(259,89,'GR','Εβρου',2),
	(260,89,'GR','Εύβοιας',2),
	(261,89,'GR','Ευρυτανίας',2),
	(262,89,'GR','Ζακύνθου',2),
	(263,89,'GR','Ηλείας',2),
	(264,89,'GR','Ημαθείας',2),
	(265,89,'GR','Ηρακλείου	',2),
	(266,89,'GR','Θεσπρωτίας',2),
	(267,89,'GR','Θεσσαλονίκης',2),
	(268,89,'GR','Ιωαννίνων',2),
	(269,89,'GR','Καβάλας',2),
	(270,89,'GR','Καρδίτσας',2),
	(271,89,'GR','Καστοριάς',2),
	(272,89,'GR','Κέρκυρας',2),
	(273,89,'GR','Κεφαλλονιάς',2),
	(274,89,'GR','Κιλκίς',2),
	(275,89,'GR','Κοζάνης',2),
	(276,89,'GR','Κορινθίας	',2),
	(277,89,'GR','Κυκλάδων	',2),
	(278,89,'GR','Λακωνίας',2),
	(279,89,'GR','Λάρισας',2),
	(280,89,'GR','Λασιθίου',2),
	(281,89,'GR','Λέσβου',2),
	(282,89,'GR','Λευκάδας',2),
	(283,89,'GR','Μαγνησίας',2),
	(284,89,'GR','Μεσσηνίας	',2),
	(285,89,'GR','Ξάνθης',2),
	(286,89,'GR','Πέλλης',2),
	(287,89,'GR','Πιερίας',2),
	(288,89,'GR','Πρέβεζας',2),
	(289,89,'GR','Ρεθύμνου',2),
	(290,89,'GR','Ροδόπης',2),
	(291,89,'GR','Σάμου',2),
	(292,89,'GR','Σερρών',2),
	(293,89,'GR','Τρικάλων',2),
	(294,89,'GR','Φθιώτιδας	',2),
	(295,89,'GR','Φλώρινας',2),
	(296,89,'GR','Φωκίδας',2),
	(297,89,'GR','Χαλκιδικής',2),
	(298,89,'GR','Χανίων',2),
	(299,89,'GR','Χίου',2);

/*!40000 ALTER TABLE `dpge_areas` ENABLE KEYS */;
UNLOCK TABLES;


# Dump of table dpge_attributes
# ------------------------------------------------------------

DROP TABLE IF EXISTS `dpge_attributes`;

CREATE TABLE `dpge_attributes` (
  `attr_multilang_id` int(11) NOT NULL AUTO_INCREMENT,
  `attr_id` int(11) NOT NULL,
  `la` int(11) DEFAULT NULL,
  `attr_group_id` int(11) DEFAULT NULL,
  `attr_value` varchar(245) DEFAULT NULL,
  `attr_image` varchar(245) DEFAULT NULL,
  PRIMARY KEY (`attr_multilang_id`),
  UNIQUE KEY `attr_multilang_id_UNIQUE` (`attr_multilang_id`),
  KEY `fk_group_id` (`attr_group_id`),
  CONSTRAINT `fk_group_id` FOREIGN KEY (`attr_group_id`) REFERENCES `dpge_attributes_groups` (`attr_group_multilang_id`) ON DELETE CASCADE ON UPDATE NO ACTION
) ENGINE=InnoDB DEFAULT CHARSET=utf8;

LOCK TABLES `dpge_attributes` WRITE;
/*!40000 ALTER TABLE `dpge_attributes` DISABLE KEYS */;

INSERT INTO `dpge_attributes` (`attr_multilang_id`, `attr_id`, `la`, `attr_group_id`, `attr_value`, `attr_image`)
VALUES
	(1,1,1,1,'Μεγάλο',NULL),
	(2,1,2,1,'Large',NULL),
	(3,3,1,1,'Μεσαίο',NULL),
	(4,3,2,1,'Medium',NULL),
	(5,5,1,1,'Μικρό',NULL),
	(6,5,2,1,'Small',NULL),
	(7,7,1,3,'Κόκκινο',NULL),
	(8,7,2,3,'red',NULL),
	(9,9,1,3,'Πράσσινο',NULL),
	(10,9,2,3,'Green',NULL),
	(11,11,1,3,'Κίτρινο',NULL),
	(12,11,2,3,'yellow',NULL),
	(13,13,1,5,'Αλβέρτης',''),
	(14,13,2,5,'Alvertis',''),
	(15,15,1,5,'-ΑΤΥΠΩΤΗ-',''),
	(16,15,2,5,'-NO NAME-','');

/*!40000 ALTER TABLE `dpge_attributes` ENABLE KEYS */;
UNLOCK TABLES;


# Dump of table dpge_attributes_groups
# ------------------------------------------------------------

DROP TABLE IF EXISTS `dpge_attributes_groups`;

CREATE TABLE `dpge_attributes_groups` (
  `attr_group_multilang_id` int(11) NOT NULL AUTO_INCREMENT,
  `group_id` int(11) NOT NULL,
  `la` int(11) DEFAULT NULL,
  `group_name` varchar(245) DEFAULT NULL,
  PRIMARY KEY (`attr_group_multilang_id`),
  UNIQUE KEY `attr_group_multilang_id_UNIQUE` (`attr_group_multilang_id`)
) ENGINE=InnoDB DEFAULT CHARSET=utf8;

LOCK TABLES `dpge_attributes_groups` WRITE;
/*!40000 ALTER TABLE `dpge_attributes_groups` DISABLE KEYS */;

INSERT INTO `dpge_attributes_groups` (`attr_group_multilang_id`, `group_id`, `la`, `group_name`)
VALUES
	(1,1,1,'Μέγεθος'),
	(2,1,2,'Size'),
	(3,3,1,'Χρώμα'),
	(4,3,2,'Colour'),
	(5,5,1,'Φανέλα'),
	(6,5,2,'tshirt');

/*!40000 ALTER TABLE `dpge_attributes_groups` ENABLE KEYS */;
UNLOCK TABLES;


# Dump of table dpge_cart
# ------------------------------------------------------------

DROP TABLE IF EXISTS `dpge_cart`;

CREATE TABLE `dpge_cart` (
  `cart_id` int(11) NOT NULL AUTO_INCREMENT,
  `session_id` varchar(45) DEFAULT NULL,
  `product_id` int(11) DEFAULT NULL,
  `parent_product_id` int(11) DEFAULT '0',
  `quantity` int(11) DEFAULT NULL,
  `product_attributes` varchar(45) DEFAULT NULL,
  `datetime` datetime DEFAULT NULL,
  `parent_cart_id` int(11) DEFAULT '0',
  PRIMARY KEY (`cart_id`),
  UNIQUE KEY `cart_id_UNIQUE` (`cart_id`)
) ENGINE=InnoDB DEFAULT CHARSET=utf8;

LOCK TABLES `dpge_cart` WRITE;
/*!40000 ALTER TABLE `dpge_cart` DISABLE KEYS */;

INSERT INTO `dpge_cart` (`cart_id`, `session_id`, `product_id`, `parent_product_id`, `quantity`, `product_attributes`, `datetime`, `parent_cart_id`)
VALUES
	(25,'7c8bd149adf61a1eca7ced108e044cc1',31,0,1,'1',NULL,0),
	(26,'7c8bd149adf61a1eca7ced108e044cc1',39,0,1,'3',NULL,0),
	(27,'7c8bd149adf61a1eca7ced108e044cc1',40,39,1,NULL,NULL,26),
	(38,'ea84a0844384f5929fa7d977d044e1ce',39,0,1,'1',NULL,0),
	(39,'ea84a0844384f5929fa7d977d044e1ce',29,39,1,NULL,NULL,38),
	(40,'ea84a0844384f5929fa7d977d044e1ce',39,0,1,'1',NULL,0),
	(41,'ea84a0844384f5929fa7d977d044e1ce',40,39,1,NULL,NULL,40),
	(44,'3769494cbb7aa665132c98f8edc86fa5',39,0,1,'1',NULL,0),
	(46,'756355c0aa380ca28e19adb76f54087f',39,0,1,'1',NULL,0),
	(47,'756355c0aa380ca28e19adb76f54087f',40,39,1,NULL,NULL,46),
	(50,'1e1a418b4d7d4fa3d9e36e574cf26110',39,0,1,'1',NULL,0),
	(51,'1e1a418b4d7d4fa3d9e36e574cf26110',40,39,1,NULL,NULL,50),
	(52,'1e1a418b4d7d4fa3d9e36e574cf26110',39,0,1,'1',NULL,0),
	(53,'2a6b53ff9a3a56a18deb8d4aae14e17e',39,0,1,'1',NULL,0),
	(54,'2a6b53ff9a3a56a18deb8d4aae14e17e',40,39,1,NULL,NULL,53),
	(55,'bcc5de75b0f618d8cd53499e55e9eb27',39,0,1,'1',NULL,0),
	(56,'756355c0aa380ca28e19adb76f54087f',39,0,1,'1',NULL,0),
	(57,'2a6b53ff9a3a56a18deb8d4aae14e17e',24,0,1,'9',NULL,0),
	(58,'7vooag2225p8mc5nksg4o0ed60',23,0,2,'3',NULL,0),
	(59,'756355c0aa380ca28e19adb76f54087f',0,0,0,NULL,NULL,0),
	(60,'756355c0aa380ca28e19adb76f54087f',0,0,0,NULL,NULL,0),
	(61,'2a6b53ff9a3a56a18deb8d4aae14e17e',0,0,0,NULL,NULL,0),
	(63,'2a6b53ff9a3a56a18deb8d4aae14e17e',632,0,1,NULL,NULL,0),
	(66,'756355c0aa380ca28e19adb76f54087f',745,0,1,NULL,NULL,0),
	(67,'0d8e8acafb9f7dcf4d03bed9b37479ae',860,0,7,NULL,NULL,0),
	(69,'2a6b53ff9a3a56a18deb8d4aae14e17e',963,0,1,'1',NULL,0),
	(70,'49ffca4be25613a6fef5a84faa919360',0,0,0,NULL,NULL,0),
	(71,'96cda4feb0d72bfd29bd37487ce1807c',943,0,1,NULL,NULL,0),
	(72,'96cda4feb0d72bfd29bd37487ce1807c',953,943,1,NULL,NULL,71),
	(73,'49ffca4be25613a6fef5a84faa919360',722,0,1,NULL,NULL,0),
	(74,'49ffca4be25613a6fef5a84faa919360',943,0,2,'1',NULL,0),
	(75,'49ffca4be25613a6fef5a84faa919360',953,943,2,NULL,NULL,74);

/*!40000 ALTER TABLE `dpge_cart` ENABLE KEYS */;
UNLOCK TABLES;


# Dump of table dpge_cart_shipping
# ------------------------------------------------------------

DROP TABLE IF EXISTS `dpge_cart_shipping`;

CREATE TABLE `dpge_cart_shipping` (
  `cs_id` int(11) NOT NULL AUTO_INCREMENT,
  `session_id` varchar(45) DEFAULT NULL,
  `user_id` int(11) DEFAULT NULL,
  `gift` int(11) DEFAULT NULL,
  `gift_wrapping_cost` float(15,2) DEFAULT NULL,
  `firstname` varchar(145) DEFAULT NULL,
  `lastname` varchar(145) DEFAULT NULL,
  `email` varchar(145) DEFAULT NULL,
  `address` varchar(145) DEFAULT NULL,
  `address_more` varchar(245) DEFAULT NULL,
  `city_name` varchar(145) DEFAULT NULL,
  `country_code` varchar(5) DEFAULT NULL,
  `region_id` int(11) DEFAULT NULL,
  `postal` int(11) DEFAULT NULL,
  `doy` varchar(45) DEFAULT NULL,
  `vat` int(11) DEFAULT NULL,
  `company_name` varchar(145) DEFAULT NULL,
  `phone` varchar(20) DEFAULT NULL,
  `courier_id` int(11) DEFAULT NULL,
  `shipping_price` float(15,2) DEFAULT NULL,
  `shipping_weight` float(15,2) DEFAULT NULL,
  `invoice_address` varchar(245) DEFAULT NULL,
  `invoice_company_name` varchar(245) DEFAULT NULL,
  `invoice_profession` varchar(245) DEFAULT NULL,
  `invoice_type` tinyint(1) DEFAULT '0',
  PRIMARY KEY (`cs_id`),
  UNIQUE KEY `cs_id_UNIQUE` (`cs_id`)
) ENGINE=InnoDB DEFAULT CHARSET=utf8;

LOCK TABLES `dpge_cart_shipping` WRITE;
/*!40000 ALTER TABLE `dpge_cart_shipping` DISABLE KEYS */;

INSERT INTO `dpge_cart_shipping` (`cs_id`, `session_id`, `user_id`, `gift`, `gift_wrapping_cost`, `firstname`, `lastname`, `email`, `address`, `address_more`, `city_name`, `country_code`, `region_id`, `postal`, `doy`, `vat`, `company_name`, `phone`, `courier_id`, `shipping_price`, `shipping_weight`, `invoice_address`, `invoice_company_name`, `invoice_profession`, `invoice_type`)
VALUES
	(1,'2a6b53ff9a3a56a18deb8d4aae14e17e',NULL,1,NULL,'Αγγελος','Κατσάρης','akatsaris@gmail.com','Αγίου Γεωργίου 4','Πόρτο Ράφτη','Αθήνα','GR',253,19003,'ΦΑΕΕ ΑΘΗΝΩΝ',69671450,'DPG','6948063251',1,NULL,NULL,'Ε.Ο Αθηνων λαμίας','DPG','WEB DEVELOPMENT',1),
	(2,'bcc5de75b0f618d8cd53499e55e9eb27',1,1,NULL,'Angelos','Katsaris','angelos_katsaris@hotmail.com','Alexiou 8','Ilion','Athens','GR',0,13121,NULL,NULL,'DPG','2106969699',NULL,NULL,NULL,NULL,NULL,NULL,0),
	(3,'7vooag2225p8mc5nksg4o0ed60',NULL,NULL,NULL,'Βασίλης','Κατσάρης','vkatsar@hotmail.com','Αλεξίου 8','Ιλιον','Ιλιον','GR',0,13121,'',0,'','2105712373',NULL,NULL,NULL,'','','',0),
	(4,'13ed0bb371af2a3e406a8b4fc977d69a',NULL,1,NULL,'Αγγελος','Κατσάρης','akatsaris@gmail.com','Αγίου Γεωργίου 4','Πόρτο Ράφτη','Αθήνα','GR',253,19003,'ΦΑΕΕ ΑΘΗΝΩΝ',69671450,'DPG','6948063251',1,NULL,NULL,'Ε.Ο Αθηνων λαμίας','DPG','WEB DEVELOPMENT',1),
	(5,'49ffca4be25613a6fef5a84faa919360',NULL,1,NULL,'Αγγελος','Κατσάρης','akatsaris@gmail.com','Αγίου Γεωργίου 4','Πόρτο Ράφτη','Αθήνα','GR',253,19003,'ΦΑΕΕ ΑΘΗΝΩΝ',69671450,'DPG','6948063251',1,NULL,NULL,'Ε.Ο Αθηνων λαμίας','DPG','WEB DEVELOPMENT',1),
	(6,'96cda4feb0d72bfd29bd37487ce1807c',NULL,1,NULL,'Πολύκαρπος','Τομπούλογλου','n.psyllidis@dpg.gr','Ερμολάου 3','','Αθήνα','GR',253,16532,'',0,'','1234567890',1,NULL,NULL,'','','',0);

/*!40000 ALTER TABLE `dpge_cart_shipping` ENABLE KEYS */;
UNLOCK TABLES;


# Dump of table dpge_clients
# ------------------------------------------------------------

DROP TABLE IF EXISTS `dpge_clients`;

CREATE TABLE `dpge_clients` (
  `client_id` int(11) NOT NULL AUTO_INCREMENT,
  `firtname` varchar(75) DEFAULT NULL,
  `lastname` varchar(75) DEFAULT NULL,
  `username` varchar(75) DEFAULT NULL,
  `password` varchar(75) DEFAULT NULL,
  `birthdate` date DEFAULT NULL,
  `gender` tinyint(1) DEFAULT NULL,
  `country_id` int(11) DEFAULT NULL,
  `city_id` int(11) DEFAULT NULL,
  `currency_id` int(11) DEFAULT NULL,
  PRIMARY KEY (`client_id`),
  UNIQUE KEY `client_id_UNIQUE` (`client_id`),
  KEY `fk_currency_id` (`currency_id`),
  CONSTRAINT `fk_currency_id` FOREIGN KEY (`currency_id`) REFERENCES `dpge_currencies` (`currency_id`) ON UPDATE NO ACTION
) ENGINE=InnoDB DEFAULT CHARSET=utf8;



# Dump of table dpge_content_plugin
# ------------------------------------------------------------

DROP TABLE IF EXISTS `dpge_content_plugin`;

CREATE TABLE `dpge_content_plugin` (
  `menu_data_multilang_id` int(11) NOT NULL,
  `title` varchar(245) DEFAULT NULL,
  `subtitle` varchar(245) DEFAULT NULL,
  `seo` varchar(245) DEFAULT NULL,
  `s_desc` text,
  `f_desc` text,
  `google_keywords` varchar(245) DEFAULT NULL,
  `google_desc` varchar(245) DEFAULT NULL,
  `active` tinyint(1) DEFAULT '0',
  PRIMARY KEY (`menu_data_multilang_id`),
  UNIQUE KEY `menu_data_multilang_id_UNIQUE` (`menu_data_multilang_id`),
  KEY `fk2_menu_data_multilang_id` (`menu_data_multilang_id`),
  CONSTRAINT `fk2_menu_data_multilang_id` FOREIGN KEY (`menu_data_multilang_id`) REFERENCES `dpge_menu_data_multilang` (`menu_data_multilang_id`) ON DELETE CASCADE ON UPDATE NO ACTION
) ENGINE=InnoDB DEFAULT CHARSET=utf8;

LOCK TABLES `dpge_content_plugin` WRITE;
/*!40000 ALTER TABLE `dpge_content_plugin` DISABLE KEYS */;

INSERT INTO `dpge_content_plugin` (`menu_data_multilang_id`, `title`, `subtitle`, `seo`, `s_desc`, `f_desc`, `google_keywords`, `google_desc`, `active`)
VALUES
	(34,'Όροι χρήσης','',NULL,'','<p><strong>Όροι χρήσης του διαδικτυακού τόπου paoshop.gr</strong></p>\r\n<p>Οι δικτυακοί τόποι Paobasketshop.gr, paoshop.gr, pao-shop.gr (<a href=\"http://www.paobasketshop.gr/\">www.paobasketshop.gr</a>, <a href=\"http://www.paoshop.gr/\">www.paoshop.gr</a>, <a href=\"http://www.pao-shop.gr/\">www.pao-shop.gr</a>), στο εξής συμπεριλαμβανόμενοι για συντομία στη φράση \"Paoshop.gr\", δημιουργήθηκαν από την εταιρεία \"Δ. ΓΙΑΝΝΑΚΟΠΟΥΛΟΣ - Ι.ΜΑΡΟΣΟΥΛΗ Ο.Ε.\" (με διακριτικό τίτλο Giatra Ο.Ε.) και αποτελούν πνευματική ιδιοκτησία της, σύμφωνα με το νόμο 2121/1993 \"Περί Πνευματικής Ιδιοκτησίας\", όπως αυτός έχει τροποποιηθεί και ισχύει σήμερα και τις διεθνείς συμβάσεις που έχει υπογράψει η Ελλάδα. Η \"Δ. ΓΙΑΝΝΑΚΟΠΟΥΛΟΣ - Ι.ΜΑΡΟΣΟΥΛΗ Ο.Ε.\" διατηρεί τα αποκλειστικά δικαιώματα πνευματικής ιδιοκτησίας στο σχεδιασμό και στο σύνολο του περιεχομένου των δικτυακών αυτών τόπων. Τυχόν παραβίαση των δικαιωμάτων αυτών της εταιρείας με οποιονδήποτε τρόπο επισύρει τις ευθύνες και ποινές που ορίζει ο νόμος.</p>\r\n<p>ΑΠΑΓΟΡΕΥΕΤΑΙ η αναδημοσίευση, η αναπαραγωγή (ολική ή μερική) του περιεχομένου του ιστότοπου <a href=\"http://www.paoshop.gr/\">www.paoshop.gr</a> με οποιονδήποτε τρόπο, όπως: ηλεκτρονικό, φωτοτυπικό, ηχογράφησης ή άλλο, χωρίς προηγούμενη γραπτή άδεια του εκδότη, σύμφωνα με τον Ν. 2121/1993 και τους κανόνες Διεθνούς Δικαίου πού ισχύουν στην Ελλάδα.<br />Η \"Δ. ΓΙΑΝΝΑΚΟΠΟΥΛΟΣ - Ι.ΜΑΡΟΣΟΥΛΗ Ο.Ε.\" προσφέρει τις υπηρεσίες του δικτυακού τόπου Paoshop.gr με τους πιο κάτω όρους χρήσης, τους οποίους ο χρήστης καλείται να διαβάσει προσεκτικά και να προβεί σε χρήση των υπηρεσιών του Paoshop.gr μόνο εφόσον τους αποδέχεται πλήρως και συναινεί στην εφαρμογή τους:</p>\r\n<p><br /><strong>1. ΕΓΓΡΑΦΗ</strong><br />Η εγγραφή στις υπηρεσίες του paoshop.gr επιτρέπεται μόνο στους ενήλικους, άνω των 18 ετών. <br /><br /><strong>2. ΛΟΓΑΡΙΑΣΜΟΣ ΜΕΛΟΥΣ</strong><br />Ο χρήστης με την ολοκλήρωση της διαδικασίας εγγραφής, παραλαμβάνει επιβεβαίωση του προσωπικού κωδικού (password) πρόσβασης που ο ίδιος έχει ορίσει στο ηλεκτρονικό ταχυδρομείο που έχει δηλώσει. Οι χρήστες παραμένουν προσωπικά και αποκλειστικά υπεύθυνοι για όλες τις πράξεις που διενεργούνται από τον λογαριασμό τους (user account). Οι χρήστες υποχρεούνται να ειδοποιούν άμεσα το paoshop.gr, αν αντιληφθούν οποιαδήποτε μη εξουσιοδοτημένη χρήση του λογαριασμού τους ή οποιαδήποτε γινομένη ή πιθανή παραβίαση ασφάλειας. Επίσης, οι χρήστες ευθύνονται αποκλειστικά για την προσεκτική χρήση του λογαριασμού τους και την τυπική έξοδο τους από τον λογαριασμό τους στο τέλος κάθε χρήσης (Logout). Το paoshop.gr δεν ευθύνεται για οποιαδήποτε βλάβη ή ζημία προκύψει από την αδυναμία των χρηστών να σεβαστούν και να ακολουθήσουν την παρούσα ρήτρα.<br /><br /><strong>3. ΔΕΔΟΜΕΝΑ ΠΡΟΣΩΠΙΚΟΥ ΧΑΡΑΚΤΗΡΑ ΧΡΗΣΤΩΝ<br /></strong>Η Εγγραφή στον δικτυακό τόπο του Paoshop.gr γίνεται μέσω ηλεκτρονικής φόρμας και είναι απαραίτητη για την πραγματοποίηση αγορών από τον δικτυακό τόπο Paoshop.gr. Κατά την εγγραφή του χρήστη στο Paoshop.gr, οι ζητούμενες πληροφορίες είναι οι εξής: Φύλο, Όνομα, Επώνυμο, Ημερομηνία Γέννησης, Διεύθυνση Ηλεκτρονικού Ταχυδρομείου (e-mail), Επαγγελματική Διεύθυνση, Χώρα, Αριθμό Τηλεφώνου και Φαξ, Α.Φ.Μ. και Δ.Ο.Υ. Τα ανωτέρω στοιχεία σύμφωνα με την έννοια του νόμου 2472/97 (άρθρο 2 παρ. α Περί Προστασίας Δεδομένων Προσωπικού Χαρακτήρα), αποτελούν δεδομένα προσωπικού χαρακτήρα και η επεξεργασία τους υπόκειται στις ρυθμίσεις του Ν. 2472/97. <br />Για την εγγραφή του χρήστη στις λίστες παραληπτών (mailing lists) των Ενημερωτικών Δελτίων (newsletters) του Paoshop.gr, o χρήστης συμπληρώνει την φόρμα εγγραφής (βλ. αμέσως ανωτέρω) επιλέγοντας επιπλέον την ένδειξη \"Newsletter\". Το Paoshop.gr μπορεί να διατηρεί αρχείο με τις ηλεκτρονικές διευθύνσεις των παραληπτών για την αποστολή και άλλων μηνυμάτων ενημερωτικού ή οικονομικού χαρακτήρα πέρα από τα Newsletters, εκτός αν ο παραλήπτης δηλώσει ρητά, ότι δεν επιθυμεί κάτι τέτοιο.<br />H διεύθυνση IP (π.χ. 123.45.678.9) καθορίζεται από τον παροχέα (Internet Service Provider) της σύνδεσης μέσω της οποίας ο Η/Υ του επισκέπτη/χρήστη έχει πρόσβαση στο Διαδίκτυο και στη συνέχεια στο Paoshop.gr. Η διεύθυνση IP κρατείται για τεχνικούς λόγους, καθώς και για θέματα που άπτονται της ασφαλείας των συστημάτων του paoshop.gr (server, data base κλπ). Η IP διεύθυνση του χρήστη, από την οποία αυτός επικοινώνησε με το δικτυακό τόπο του Paoshop.gr δύναται να παραδοθεί στις αρμόδιες αστυνομικές ή δικαστικές αρχές, εφόσον ζητηθεί αρμοδίως.<br />Το Paoshop.gr συλλέγει τα δεδομένα προσωπικού χαρακτήρα των χρηστών αποκλειστικά και μόνο κατά το στάδιο της εγγραφής και δήλωσης επιθυμίας λήψης Ενημερωτικών Δελτίων (newsletters). Η συλλογή των δεδομένων προσωπικού χαρακτήρα των χρηστών είναι απαραίτητη προκειμένου να ολοκληρωθούν οι παραγγελίες των προϊόντων και να αποσταλούν τα προϊόντα στον χρήστη ή για να αποσταλούν σε αυτόν Ενημερωτικά Δελτία κατόπιν αίτησής του και αποσκοπεί μόνο στην επιτυχή ολοκλήρωση αυτών των συναλλαγών για λογαριασμό του Paoshop.gr. Αποδέκτης των δεδομένων προσωπικού χαρακτήρα των χρηστών είναι η \"Δ. ΓΙΑΝΝΑΚΟΠΟΥΛΟΣ - Ι.ΜΑΡΟΣΟΥΛΗ Ο.Ε.\", ενώ τα στοιχεία αυτά διαβιβάζονται και αποθηκεύονται σε εξυπηρετητές (servers) συνεργαζόμενων εταιρειών, οι οποίες γραπτώς δεσμεύονται για την ασφάλεια και μη περαιτέρω διαβίβασή τους. <br />Το Paoshop.gr δίνει το δικαίωμα στους χρήστες να διαγράψουν τα στοιχεία που έχουν δηλώσει, να τα διορθώσουν, ενημερώσουν, τροποποιήσουν ή να ζητήσουν τη μη περαιτέρω επεξεργασία τους, ανά πάσα χρονική στιγμή, χρησιμοποιώντας τον σύνδεσμο ‘’αλλαγή στοιχείων λογαριασμού’’ ή \"Επικοινωνία\" στον δικτυακό τόπο www. paoshop.gr.<br />Η \"Δ. ΓΙΑΝΝΑΚΟΠΟΥΛΟΣ - Ι.ΜΑΡΟΣΟΥΛΗ Ο.Ε.\" δεν ευθύνεται για την ακρίβεια και αλήθεια των δεδομένων προσωπικού χαρακτήρα που δηλώνουν οι χρήστες του paoshop.gr.<br />Η \"Δ. ΓΙΑΝΝΑΚΟΠΟΥΛΟΣ - Ι.ΜΑΡΟΣΟΥΛΗ Ο.Ε.\" δεσμεύεται να μην προβεί σε πώληση, ενοικίαση ή καθοιονδήποτε τρόπο δημοσίευση ή/και κοινοποίηση των δεδομένων των χρηστών του paoshop.gr σε κανένα τρίτο φορέα. Το paoshop.gr μπορεί να διοχετεύσει δεδομένα των χρηστών του σε τρίτα νομικά ή/και φυσικά πρόσωπα μόνο εάν:<br />- Έχει τη συγκατάθεση των χρηστών για τη διοχέτευση των δεδομένων και πληροφοριών που το αφορούν. <br />- Τα νομικά και φυσικά πρόσωπα που συνεργάζονται με το paoshop.gr έχουν το δικαίωμα να επεξεργάζονται τα προσωπικά δεδομένα που οι χρήστες του paoshop.gr καταθέτουν σε αυτό, μόνο στο βαθμό που είναι απόλυτα αναγκαίος για την παροχή τεχνικής ή άλλης υποστήριξης προς το paoshop.gr ή για την εξυπηρέτηση των αιτημάτων των ίδιων των χρηστών και δεσμεύονται από το επαγγελματικό τους καθήκον εχεμύθειας και τους αντίστοιχους όρους τήρησης της προστασίας των δεδομένων αυτών. <br />- Επιτάσσεται λόγω συμμόρφωσης με τις σχετικές διατάξεις του νόμου και προς τις αρμόδιες και μόνο αρχές.<br /><br /><strong>4.  ΠΛΗΡΟΦΟΡΙΕΣ ΠΡΟΪΟΝΤΩΝ</strong> <br />Οι φωτογραφίες που απεικονίζουν τα προϊόντα είναι ενδεικτικές και δεν μπορούν σε καμία περίπτωση να λειτουργήσουν δεσμευτικά για το paoshop.gr Επιπλέον, όσον αφορά στα χαρακτηριστικά και τις περιγραφές των προϊόντων που προέρχονται από τους συνεργάτες ή τους προμηθευτές, το paoshop.gr απαλλάσσεται κάθε ευθύνης όσον αφορά στην ισχύ του περιεχομένου τους.<br /><br /><strong> 5. ΤΙΜΕΣ</strong><br />Οι τιμές που αναφέρονται στον Ιστότοπο είναι σε ευρώ και περιλαμβάνουν όλες τις φορολογικές επιβαρύνσεις (23% ΦΠΑ) εκτός από τα έξοδα αποστολής. Τα έξοδα αποστολής επιβαρύνουν τον Πελάτη και εμφανίζονται κατά τη διάρκεια της παραγγελίας ενώ τιμολογούνται στο τέλος της παραγγελίας επιπλέον της τιμής των επιλεχθέντων προϊόντων. <br />Το paoshop.gr επιφυλάσσει το δικαίωμα τροποποίησης των τιμών που εφαρμόζονται στα προϊόντα του Site του σε οποιαδήποτε στιγμή αλλά δεσμεύεται να εφαρμόσει τις τιμές που αναγράφονταν στον Ιστότοπο κατά τη στιγμή της παραγγελία σας.<br /><br /><strong>6. ΔΙΑΘΕΣΙΜΟΤΗΤΑ</strong> <br />Σε περίπτωση που ένα από τα προϊόντα μας δεν είναι διαθέσιμο το προσωπικό του paoshop.gr δεσμεύεται να επικοινωνήσει μέσω ηλεκτρονικού ταχυδρομείου εντός 2 εργάσιμων ημερών από την ημερομηνία της παραγγελίας πληροφορώντας τον Πελάτη για την προθεσμία εντός της οποίας θα μπορεί να παραδοθεί το προϊόν. <br /><br /><strong>7. ΠΑΡΑΔΟΣΗ ΠΡΟΪΟΝΤΩΝ</strong> <br />Το paoshop.gr δεν θα μπορεί να θεωρηθεί υπεύθυνο των συνεπειών που οφείλονται σε καθυστέρηση παράδοσης ή απώλεια του δέματός εκ μέρους του μεταφορέα. <br />Κατά την παραλαβή της παραγγελίας σας, οφείλετε να ελέγξετε ότι τα προϊόντα αντιστοιχούν στην παραγγελία σας και να επισημάνετε, σε αντίθετη περίπτωση, στο δελτίο παράδοσης και υπό μορφή χειρόγραφων παρατηρήσεων μετά υπογραφής, οποιαδήποτε ανωμαλία. <br />Η επιστροφή των προϊόντων δεν θα γίνει δεκτή παρά μόνον για προϊόντα που βρίσκονται στην αρχική τους κατάσταση, με την αρχική τους συσκευασία.<br /><br /><strong>8. COOKIES</strong><br />Το paoshop.gr μπορεί να χρησιμοποιεί cookies για την αναγνώριση του χρήστη ορισμένων υπηρεσιών και σελίδων του paoshop.gr. Cookie είναι ένα μικρό κομμάτι δεδομένων που αποστέλλεται στον browser σας από έναν web server και αποθηκεύεται στο σκληρό δίσκο του υπολογιστή σας. Τα cookies δεν προκαλούν ζημιά στο σύστημά σας και δεν πλήττουν τη λειτουργικότητά του καθ΄ οιονδήποτε τρόπο. Τα cookies καθιστούν επίσης την πλοήγηση στο web ευκολότερη για σας, αποθηκεύοντας τις ρυθμίσεις σας. Ο χρήστης τού paoshop.gr μπορεί να ρυθμίσει τον διακομιστή (browser) του κατά τέτοιο τρόπο ώστε είτε να τον προειδοποιεί για τη χρήση των cookies σε συγκεκριμένες υπηρεσίες του paoshop.gr, είτε να μην επιτρέπει την αποδοχή της χρήσης cookies σε καμία περίπτωση. Σε περίπτωση που ο χρήστης των συγκεκριμένων υπηρεσιών και σελίδων του paoshop.gr δεν επιθυμεί την χρήση cookies για την αναγνώρισή του δεν μπορεί να έχει περαιτέρω πρόσβαση στις υπηρεσίες αυτές.<br /><br /><strong>9. ΣΤΟΙΧΕΙΑ ΠΙΣΤΩΤΙΚΗΣ ΚΑΡΤΑΣ</strong><br />Το paoshop.gr χρησιμοποιεί τεχνολογία SSL (Secure Sockets Layer) με πιστοποίηση από την VeriSign. H VeriSign είναι ο πλέον αξιόπιστος φορέας για την ασφάλεια συναλλαγών μέσω του internet παγκοσμίως. Με αυτή την τεχνολογία, κάθε στοιχείο που καταχωρείτε στο site μας κωδικοποιείται πριν βγει online και σε συνέχεια διερευνάται η αυθεντικότητα του μηνύματος και του server.<br />Το paoshop.gr διαθέτει ψηφιακό πιστοποιητικό προστασίας από τη VeriSign. Η VeriSign, κάθε φορά που εισέρχεστε σε σελίδα που πρόκειται να γίνει συναλλαγή στοιχείων, παρουσιάζει ένα λουκετάκι κάτω δεξιά στην οθόνη σας, που βεβαιώνει ότι η συναλλαγή σας προστατεύεται, καθώς εξασφαλίζει την κωδικοποίηση (encrypting) των στοιχείων των πιστωτικών καρτών.<br />Το paoshop.gr δεν αποθηκεύει τα στοιχεία των πιστωτικών καρτών που εισάγετε κατά την παραγγελία σας. Αντίθετα, χρησιμοποιεί την online credit card clearance τεχνολογία, σε συνεργασία με τη Eurobank, για την αυτόματη έγκριση της συναλλαγής. Αυτό σημαίνει ότι το paoshop.gr δεν χρησιμοποιεί για κανένα σκοπό τα στοιχεία των πιστωτικών καρτών καθώς δεν είναι ορατά σε αυτό, παρά μόνο τα 4 πρώτα ψηφία της κάρτας. Συνεπώς το paoshop.gr δεν ευθύνεται για τους όρους χρήσης προσωπικών δεδομένων που υιοθετούν οι χρηματοπιστωτικοί οργανισμοί με τους οποίους συνεργάζεται για την ολοκλήρωση των εμπορικών συναλλαγών.<br />Τέλος, προσωπική ασφάλεια αποτελεί το password που δίνετε όταν γίνεστε μέλος του paoshop.gr. Για να παρουσιάσουμε οποιοδήποτε προσωπικό σας στοιχείο θα πρέπει πρώτα να δοθεί το όνομα του χρήστη και το password. Γι’ αυτό το λόγο, πρέπει να φυλάξετε καλά αυτά τα στοιχεία για να μην κινδυνεύσουν να πέσουν σε χέρια τρίτων.</p>\r\n<p><strong>10. ΕΞΩΤΕΡΙΚΕΣ ΣΥΝΔΕΣΕΙΣ</strong><br />Το paoshop.gr μπορεί να περιλαμβάνει links (\"συνδέσμους\") προς άλλους δικτυακούς τόπους, οι οποίοι ελέγχονται από τρίτους φορείς. Σε καμία περίπτωση δεν ευθύνεται το paoshop.gr για το περιεχόμενό τους, ούτε για οποιαδήποτε οικονομική ή άλλης φύσεως βλάβη υποστεί ο χρήστης που τους ακολουθεί.<br /><br /><strong>11. ΕΝΑΡΞΗ-ΔΙΑΚΟΠΗ ΛΕΙΤΟΥΡΓΙΑΣ ΥΠΗΡΕΣΙΩΝ<br /></strong>Το paoshop.gr διατηρεί το δικαίωμα να τροποποιεί ή/και να διακόπτει προσωρινά ή μόνιμα μέρος ή το σύνολο των υπηρεσιών του με ή χωρίς προειδοποίηση προς τους χρήστες. <br /><br /><strong>12. ΔΙΑΡΚΕΙΑ</strong><br />Ο χρήστης κατανοεί και αποδέχεται ότι το paoshop.gr διατηρεί το αποκλειστικό δικαίωμα να διακόψει τη χρήση του/των κωδικών πρόσβασης στις υπηρεσίες του ή/και να διακόψει τη διάθεση του περιεχομένου του στους χρήστες που πιστεύει ότι έχουν παραβιάσει το γράμμα και το πνεύμα των παρόντων όρων χρήσης.<br /><br /><strong>13. ΠΕΡΙΟΡΙΣΜΟΣ ΕΥΘΥΝΗΣ<br /></strong>Δεδομένης της φύσης και του όγκου των πληροφοριών του Διαδικτύου, υπό οποιεσδήποτε συνθήκες, συμπεριλαμβανομένης και της περίπτωσης αμέλειας, το paoshop.gr δεν ευθύνεται για οποιασδήποτε μορφής ζημία υποστεί ο χρήστης από την χρήση των σελίδων, υπηρεσιών, επιλογών και περιεχομένων του paoshop.gr στις οποίες προβαίνει με δική του πρωτοβουλία. <br />Ο επισκέπτης / χρήστης των σελίδων και των υπηρεσιών του paoshop.gr αναλαμβάνει την ευθύνη για οποιαδήποτε ζημία προκαλείται στο paoshop.gr από κακή ή αθέμιτη χρήση των σχετικών υπηρεσιών.<br /><br /><strong>14. ΕΦΑΡΜΟΣΤΕΟ ΔΙΚΑΙΟ ΚΑΙ ΛΟΙΠΟΙ ΟΡΟΙ</strong><br />Οι ανωτέρω όροι και προϋποθέσεις χρήσης του paoshop.gr, καθώς και οποιαδήποτε τροποποίηση τους, διέπονται και συμπληρώνονται από το ελληνικό δίκαιο, το δίκαιο της Ευρωπαϊκής Ένωσης και τις σχετικές διεθνείς συνθήκες, που έχει υπογράψει η χώρα. Οποιαδήποτε διάταξη των ανωτέρω όρων καταστεί αντίθετη προς το νόμο, παύει αυτοδικαίως να ισχύει και αφαιρείται από το παρόν, χωρίς σε καμία περίπτωση να θίγεται η ισχύς των λοιπών όρων. <br />Το παρόν αποτελεί τη συνολική συμφωνία μεταξύ του paoshop.gr και του χρήστη υπηρεσιών του και δε δεσμεύει παρά μόνο αυτούς. Καμία τροποποίηση των όρων αυτών δε θα λαμβάνεται υπόψη και δε θα αποτελεί τμήμα της συμφωνίας αυτής, εάν δεν έχει διατυπωθεί εγγράφως και δεν έχει ενσωματωθεί σε αυτή. <br />Σε κάθε περίπτωση το paoshop.gr διατηρεί το δικαίωμα αλλαγής των όρων κατόπιν ενημέρωσης των χρηστών και μέσα στο υπάρχον ή/και ενδεχόμενο νομικό πλαίσιο. Εάν κάποιος χρήστης δε συμφωνεί με τους όρους της Άδειας Χρήσης που προβλέπονται στο παρόν οφείλει να μη χρησιμοποιεί τις υπηρεσίες του paoshop.gr<br />Το paoshop.gr καταβάλει σημαντικές προσπάθειες, ώστε ο ιστότοπος  www. paoshop.gr να συμπεριλαμβάνει ακριβείς και ενημερωμένες πληροφορίες. Οι διαχειριστές του paoshop.gr δεν εγγυώνται ότι οι σελίδες, οι υπηρεσίες, οι επιλογές και τα περιεχόμενα θα παρέχονται χωρίς διακοπή, χωρίς σφάλματα και ότι τα λάθη θα διορθώνονται. <br />Επίσης οι διαχειριστές του paoshop.gr δεν εγγυώνται ότι το ίδιο ή οποιοδήποτε άλλο συγγενικό site ή οι εξυπηρετητές \"servers\" μέσω των οποίων αυτά τίθενται στη διάθεσή σας, σας παρέχονται χωρίς \"ιούς\" ή άλλα επιζήμια συστατικά.</p>','','',1),
	(35,'fdvdfvdfv','',NULL,'<p>fdvdfvfdb</p>','<p>gbfgbgb</p>','','',1),
	(36,'demo2','',NULL,'<p>trgrtgg</p>','<p>tgrtgrtg</p>','','',1),
	(42,'Terms','',NULL,'','<p><strong>Όροι χρήσης του διαδικτυακού τόπου paoshop.gr</strong></p>\r\n<p>Οι δικτυακοί τόποι Paobasketshop.gr, paoshop.gr, pao-shop.gr (<a href=\"http://www.paobasketshop.gr/\">www.paobasketshop.gr</a>, <a href=\"http://www.paoshop.gr/\">www.paoshop.gr</a>, <a href=\"http://www.pao-shop.gr/\">www.pao-shop.gr</a>), στο εξής συμπεριλαμβανόμενοι για συντομία στη φράση \"Paoshop.gr\", δημιουργήθηκαν από την εταιρεία \"Δ. ΓΙΑΝΝΑΚΟΠΟΥΛΟΣ - Ι.ΜΑΡΟΣΟΥΛΗ Ο.Ε.\" (με διακριτικό τίτλο Giatra Ο.Ε.) και αποτελούν πνευματική ιδιοκτησία της, σύμφωνα με το νόμο 2121/1993 \"Περί Πνευματικής Ιδιοκτησίας\", όπως αυτός έχει τροποποιηθεί και ισχύει σήμερα και τις διεθνείς συμβάσεις που έχει υπογράψει η Ελλάδα. Η \"Δ. ΓΙΑΝΝΑΚΟΠΟΥΛΟΣ - Ι.ΜΑΡΟΣΟΥΛΗ Ο.Ε.\" διατηρεί τα αποκλειστικά δικαιώματα πνευματικής ιδιοκτησίας στο σχεδιασμό και στο σύνολο του περιεχομένου των δικτυακών αυτών τόπων. Τυχόν παραβίαση των δικαιωμάτων αυτών της εταιρείας με οποιονδήποτε τρόπο επισύρει τις ευθύνες και ποινές που ορίζει ο νόμος.</p>\r\n<p>ΑΠΑΓΟΡΕΥΕΤΑΙ η αναδημοσίευση, η αναπαραγωγή (ολική ή μερική) του περιεχομένου του ιστότοπου <a href=\"http://www.paoshop.gr/\">www.paoshop.gr</a> με οποιονδήποτε τρόπο, όπως: ηλεκτρονικό, φωτοτυπικό, ηχογράφησης ή άλλο, χωρίς προηγούμενη γραπτή άδεια του εκδότη, σύμφωνα με τον Ν. 2121/1993 και τους κανόνες Διεθνούς Δικαίου πού ισχύουν στην Ελλάδα.<br />Η \"Δ. ΓΙΑΝΝΑΚΟΠΟΥΛΟΣ - Ι.ΜΑΡΟΣΟΥΛΗ Ο.Ε.\" προσφέρει τις υπηρεσίες του δικτυακού τόπου Paoshop.gr με τους πιο κάτω όρους χρήσης, τους οποίους ο χρήστης καλείται να διαβάσει προσεκτικά και να προβεί σε χρήση των υπηρεσιών του Paoshop.gr μόνο εφόσον τους αποδέχεται πλήρως και συναινεί στην εφαρμογή τους:</p>\r\n<p><br /><strong>1. ΕΓΓΡΑΦΗ</strong><br />Η εγγραφή στις υπηρεσίες του paoshop.gr επιτρέπεται μόνο στους ενήλικους, άνω των 18 ετών. <br /><br /><strong>2. ΛΟΓΑΡΙΑΣΜΟΣ ΜΕΛΟΥΣ</strong><br />Ο χρήστης με την ολοκλήρωση της διαδικασίας εγγραφής, παραλαμβάνει επιβεβαίωση του προσωπικού κωδικού (password) πρόσβασης που ο ίδιος έχει ορίσει στο ηλεκτρονικό ταχυδρομείο που έχει δηλώσει. Οι χρήστες παραμένουν προσωπικά και αποκλειστικά υπεύθυνοι για όλες τις πράξεις που διενεργούνται από τον λογαριασμό τους (user account). Οι χρήστες υποχρεούνται να ειδοποιούν άμεσα το paoshop.gr, αν αντιληφθούν οποιαδήποτε μη εξουσιοδοτημένη χρήση του λογαριασμού τους ή οποιαδήποτε γινομένη ή πιθανή παραβίαση ασφάλειας. Επίσης, οι χρήστες ευθύνονται αποκλειστικά για την προσεκτική χρήση του λογαριασμού τους και την τυπική έξοδο τους από τον λογαριασμό τους στο τέλος κάθε χρήσης (Logout). Το paoshop.gr δεν ευθύνεται για οποιαδήποτε βλάβη ή ζημία προκύψει από την αδυναμία των χρηστών να σεβαστούν και να ακολουθήσουν την παρούσα ρήτρα.<br /><br /><strong>3. ΔΕΔΟΜΕΝΑ ΠΡΟΣΩΠΙΚΟΥ ΧΑΡΑΚΤΗΡΑ ΧΡΗΣΤΩΝ<br /></strong>Η Εγγραφή στον δικτυακό τόπο του Paoshop.gr γίνεται μέσω ηλεκτρονικής φόρμας και είναι απαραίτητη για την πραγματοποίηση αγορών από τον δικτυακό τόπο Paoshop.gr. Κατά την εγγραφή του χρήστη στο Paoshop.gr, οι ζητούμενες πληροφορίες είναι οι εξής: Φύλο, Όνομα, Επώνυμο, Ημερομηνία Γέννησης, Διεύθυνση Ηλεκτρονικού Ταχυδρομείου (e-mail), Επαγγελματική Διεύθυνση, Χώρα, Αριθμό Τηλεφώνου και Φαξ, Α.Φ.Μ. και Δ.Ο.Υ. Τα ανωτέρω στοιχεία σύμφωνα με την έννοια του νόμου 2472/97 (άρθρο 2 παρ. α Περί Προστασίας Δεδομένων Προσωπικού Χαρακτήρα), αποτελούν δεδομένα προσωπικού χαρακτήρα και η επεξεργασία τους υπόκειται στις ρυθμίσεις του Ν. 2472/97. <br />Για την εγγραφή του χρήστη στις λίστες παραληπτών (mailing lists) των Ενημερωτικών Δελτίων (newsletters) του Paoshop.gr, o χρήστης συμπληρώνει την φόρμα εγγραφής (βλ. αμέσως ανωτέρω) επιλέγοντας επιπλέον την ένδειξη \"Newsletter\". Το Paoshop.gr μπορεί να διατηρεί αρχείο με τις ηλεκτρονικές διευθύνσεις των παραληπτών για την αποστολή και άλλων μηνυμάτων ενημερωτικού ή οικονομικού χαρακτήρα πέρα από τα Newsletters, εκτός αν ο παραλήπτης δηλώσει ρητά, ότι δεν επιθυμεί κάτι τέτοιο.<br />H διεύθυνση IP (π.χ. 123.45.678.9) καθορίζεται από τον παροχέα (Internet Service Provider) της σύνδεσης μέσω της οποίας ο Η/Υ του επισκέπτη/χρήστη έχει πρόσβαση στο Διαδίκτυο και στη συνέχεια στο Paoshop.gr. Η διεύθυνση IP κρατείται για τεχνικούς λόγους, καθώς και για θέματα που άπτονται της ασφαλείας των συστημάτων του paoshop.gr (server, data base κλπ). Η IP διεύθυνση του χρήστη, από την οποία αυτός επικοινώνησε με το δικτυακό τόπο του Paoshop.gr δύναται να παραδοθεί στις αρμόδιες αστυνομικές ή δικαστικές αρχές, εφόσον ζητηθεί αρμοδίως.<br />Το Paoshop.gr συλλέγει τα δεδομένα προσωπικού χαρακτήρα των χρηστών αποκλειστικά και μόνο κατά το στάδιο της εγγραφής και δήλωσης επιθυμίας λήψης Ενημερωτικών Δελτίων (newsletters). Η συλλογή των δεδομένων προσωπικού χαρακτήρα των χρηστών είναι απαραίτητη προκειμένου να ολοκληρωθούν οι παραγγελίες των προϊόντων και να αποσταλούν τα προϊόντα στον χρήστη ή για να αποσταλούν σε αυτόν Ενημερωτικά Δελτία κατόπιν αίτησής του και αποσκοπεί μόνο στην επιτυχή ολοκλήρωση αυτών των συναλλαγών για λογαριασμό του Paoshop.gr. Αποδέκτης των δεδομένων προσωπικού χαρακτήρα των χρηστών είναι η \"Δ. ΓΙΑΝΝΑΚΟΠΟΥΛΟΣ - Ι.ΜΑΡΟΣΟΥΛΗ Ο.Ε.\", ενώ τα στοιχεία αυτά διαβιβάζονται και αποθηκεύονται σε εξυπηρετητές (servers) συνεργαζόμενων εταιρειών, οι οποίες γραπτώς δεσμεύονται για την ασφάλεια και μη περαιτέρω διαβίβασή τους. <br />Το Paoshop.gr δίνει το δικαίωμα στους χρήστες να διαγράψουν τα στοιχεία που έχουν δηλώσει, να τα διορθώσουν, ενημερώσουν, τροποποιήσουν ή να ζητήσουν τη μη περαιτέρω επεξεργασία τους, ανά πάσα χρονική στιγμή, χρησιμοποιώντας τον σύνδεσμο ‘’αλλαγή στοιχείων λογαριασμού’’ ή \"Επικοινωνία\" στον δικτυακό τόπο www. paoshop.gr.<br />Η \"Δ. ΓΙΑΝΝΑΚΟΠΟΥΛΟΣ - Ι.ΜΑΡΟΣΟΥΛΗ Ο.Ε.\" δεν ευθύνεται για την ακρίβεια και αλήθεια των δεδομένων προσωπικού χαρακτήρα που δηλώνουν οι χρήστες του paoshop.gr.<br />Η \"Δ. ΓΙΑΝΝΑΚΟΠΟΥΛΟΣ - Ι.ΜΑΡΟΣΟΥΛΗ Ο.Ε.\" δεσμεύεται να μην προβεί σε πώληση, ενοικίαση ή καθοιονδήποτε τρόπο δημοσίευση ή/και κοινοποίηση των δεδομένων των χρηστών του paoshop.gr σε κανένα τρίτο φορέα. Το paoshop.gr μπορεί να διοχετεύσει δεδομένα των χρηστών του σε τρίτα νομικά ή/και φυσικά πρόσωπα μόνο εάν:<br />- Έχει τη συγκατάθεση των χρηστών για τη διοχέτευση των δεδομένων και πληροφοριών που το αφορούν. <br />- Τα νομικά και φυσικά πρόσωπα που συνεργάζονται με το paoshop.gr έχουν το δικαίωμα να επεξεργάζονται τα προσωπικά δεδομένα που οι χρήστες του paoshop.gr καταθέτουν σε αυτό, μόνο στο βαθμό που είναι απόλυτα αναγκαίος για την παροχή τεχνικής ή άλλης υποστήριξης προς το paoshop.gr ή για την εξυπηρέτηση των αιτημάτων των ίδιων των χρηστών και δεσμεύονται από το επαγγελματικό τους καθήκον εχεμύθειας και τους αντίστοιχους όρους τήρησης της προστασίας των δεδομένων αυτών. <br />- Επιτάσσεται λόγω συμμόρφωσης με τις σχετικές διατάξεις του νόμου και προς τις αρμόδιες και μόνο αρχές.<br /><br /><strong>4.  ΠΛΗΡΟΦΟΡΙΕΣ ΠΡΟΪΟΝΤΩΝ</strong> <br />Οι φωτογραφίες που απεικονίζουν τα προϊόντα είναι ενδεικτικές και δεν μπορούν σε καμία περίπτωση να λειτουργήσουν δεσμευτικά για το paoshop.gr Επιπλέον, όσον αφορά στα χαρακτηριστικά και τις περιγραφές των προϊόντων που προέρχονται από τους συνεργάτες ή τους προμηθευτές, το paoshop.gr απαλλάσσεται κάθε ευθύνης όσον αφορά στην ισχύ του περιεχομένου τους.<br /><br /><strong> 5. ΤΙΜΕΣ</strong><br />Οι τιμές που αναφέρονται στον Ιστότοπο είναι σε ευρώ και περιλαμβάνουν όλες τις φορολογικές επιβαρύνσεις (23% ΦΠΑ) εκτός από τα έξοδα αποστολής. Τα έξοδα αποστολής επιβαρύνουν τον Πελάτη και εμφανίζονται κατά τη διάρκεια της παραγγελίας ενώ τιμολογούνται στο τέλος της παραγγελίας επιπλέον της τιμής των επιλεχθέντων προϊόντων. <br />Το paoshop.gr επιφυλάσσει το δικαίωμα τροποποίησης των τιμών που εφαρμόζονται στα προϊόντα του Site του σε οποιαδήποτε στιγμή αλλά δεσμεύεται να εφαρμόσει τις τιμές που αναγράφονταν στον Ιστότοπο κατά τη στιγμή της παραγγελία σας.<br /><br /><strong>6. ΔΙΑΘΕΣΙΜΟΤΗΤΑ</strong> <br />Σε περίπτωση που ένα από τα προϊόντα μας δεν είναι διαθέσιμο το προσωπικό του paoshop.gr δεσμεύεται να επικοινωνήσει μέσω ηλεκτρονικού ταχυδρομείου εντός 2 εργάσιμων ημερών από την ημερομηνία της παραγγελίας πληροφορώντας τον Πελάτη για την προθεσμία εντός της οποίας θα μπορεί να παραδοθεί το προϊόν. <br /><br /><strong>7. ΠΑΡΑΔΟΣΗ ΠΡΟΪΟΝΤΩΝ</strong> <br />Το paoshop.gr δεν θα μπορεί να θεωρηθεί υπεύθυνο των συνεπειών που οφείλονται σε καθυστέρηση παράδοσης ή απώλεια του δέματός εκ μέρους του μεταφορέα. <br />Κατά την παραλαβή της παραγγελίας σας, οφείλετε να ελέγξετε ότι τα προϊόντα αντιστοιχούν στην παραγγελία σας και να επισημάνετε, σε αντίθετη περίπτωση, στο δελτίο παράδοσης και υπό μορφή χειρόγραφων παρατηρήσεων μετά υπογραφής, οποιαδήποτε ανωμαλία. <br />Η επιστροφή των προϊόντων δεν θα γίνει δεκτή παρά μόνον για προϊόντα που βρίσκονται στην αρχική τους κατάσταση, με την αρχική τους συσκευασία.<br /><br /><strong>8. COOKIES</strong><br />Το paoshop.gr μπορεί να χρησιμοποιεί cookies για την αναγνώριση του χρήστη ορισμένων υπηρεσιών και σελίδων του paoshop.gr. Cookie είναι ένα μικρό κομμάτι δεδομένων που αποστέλλεται στον browser σας από έναν web server και αποθηκεύεται στο σκληρό δίσκο του υπολογιστή σας. Τα cookies δεν προκαλούν ζημιά στο σύστημά σας και δεν πλήττουν τη λειτουργικότητά του καθ΄ οιονδήποτε τρόπο. Τα cookies καθιστούν επίσης την πλοήγηση στο web ευκολότερη για σας, αποθηκεύοντας τις ρυθμίσεις σας. Ο χρήστης τού paoshop.gr μπορεί να ρυθμίσει τον διακομιστή (browser) του κατά τέτοιο τρόπο ώστε είτε να τον προειδοποιεί για τη χρήση των cookies σε συγκεκριμένες υπηρεσίες του paoshop.gr, είτε να μην επιτρέπει την αποδοχή της χρήσης cookies σε καμία περίπτωση. Σε περίπτωση που ο χρήστης των συγκεκριμένων υπηρεσιών και σελίδων του paoshop.gr δεν επιθυμεί την χρήση cookies για την αναγνώρισή του δεν μπορεί να έχει περαιτέρω πρόσβαση στις υπηρεσίες αυτές.<br /><br /><strong>9. ΣΤΟΙΧΕΙΑ ΠΙΣΤΩΤΙΚΗΣ ΚΑΡΤΑΣ</strong><br />Το paoshop.gr χρησιμοποιεί τεχνολογία SSL (Secure Sockets Layer) με πιστοποίηση από την VeriSign. H VeriSign είναι ο πλέον αξιόπιστος φορέας για την ασφάλεια συναλλαγών μέσω του internet παγκοσμίως. Με αυτή την τεχνολογία, κάθε στοιχείο που καταχωρείτε στο site μας κωδικοποιείται πριν βγει online και σε συνέχεια διερευνάται η αυθεντικότητα του μηνύματος και του server.<br />Το paoshop.gr διαθέτει ψηφιακό πιστοποιητικό προστασίας από τη VeriSign. Η VeriSign, κάθε φορά που εισέρχεστε σε σελίδα που πρόκειται να γίνει συναλλαγή στοιχείων, παρουσιάζει ένα λουκετάκι κάτω δεξιά στην οθόνη σας, που βεβαιώνει ότι η συναλλαγή σας προστατεύεται, καθώς εξασφαλίζει την κωδικοποίηση (encrypting) των στοιχείων των πιστωτικών καρτών.<br />Το paoshop.gr δεν αποθηκεύει τα στοιχεία των πιστωτικών καρτών που εισάγετε κατά την παραγγελία σας. Αντίθετα, χρησιμοποιεί την online credit card clearance τεχνολογία, σε συνεργασία με τη Eurobank, για την αυτόματη έγκριση της συναλλαγής. Αυτό σημαίνει ότι το paoshop.gr δεν χρησιμοποιεί για κανένα σκοπό τα στοιχεία των πιστωτικών καρτών καθώς δεν είναι ορατά σε αυτό, παρά μόνο τα 4 πρώτα ψηφία της κάρτας. Συνεπώς το paoshop.gr δεν ευθύνεται για τους όρους χρήσης προσωπικών δεδομένων που υιοθετούν οι χρηματοπιστωτικοί οργανισμοί με τους οποίους συνεργάζεται για την ολοκλήρωση των εμπορικών συναλλαγών.<br />Τέλος, προσωπική ασφάλεια αποτελεί το password που δίνετε όταν γίνεστε μέλος του paoshop.gr. Για να παρουσιάσουμε οποιοδήποτε προσωπικό σας στοιχείο θα πρέπει πρώτα να δοθεί το όνομα του χρήστη και το password. Γι’ αυτό το λόγο, πρέπει να φυλάξετε καλά αυτά τα στοιχεία για να μην κινδυνεύσουν να πέσουν σε χέρια τρίτων.</p>\r\n<p><strong>10. ΕΞΩΤΕΡΙΚΕΣ ΣΥΝΔΕΣΕΙΣ</strong><br />Το paoshop.gr μπορεί να περιλαμβάνει links (\"συνδέσμους\") προς άλλους δικτυακούς τόπους, οι οποίοι ελέγχονται από τρίτους φορείς. Σε καμία περίπτωση δεν ευθύνεται το paoshop.gr για το περιεχόμενό τους, ούτε για οποιαδήποτε οικονομική ή άλλης φύσεως βλάβη υποστεί ο χρήστης που τους ακολουθεί.<br /><br /><strong>11. ΕΝΑΡΞΗ-ΔΙΑΚΟΠΗ ΛΕΙΤΟΥΡΓΙΑΣ ΥΠΗΡΕΣΙΩΝ<br /></strong>Το paoshop.gr διατηρεί το δικαίωμα να τροποποιεί ή/και να διακόπτει προσωρινά ή μόνιμα μέρος ή το σύνολο των υπηρεσιών του με ή χωρίς προειδοποίηση προς τους χρήστες. <br /><br /><strong>12. ΔΙΑΡΚΕΙΑ</strong><br />Ο χρήστης κατανοεί και αποδέχεται ότι το paoshop.gr διατηρεί το αποκλειστικό δικαίωμα να διακόψει τη χρήση του/των κωδικών πρόσβασης στις υπηρεσίες του ή/και να διακόψει τη διάθεση του περιεχομένου του στους χρήστες που πιστεύει ότι έχουν παραβιάσει το γράμμα και το πνεύμα των παρόντων όρων χρήσης.<br /><br /><strong>13. ΠΕΡΙΟΡΙΣΜΟΣ ΕΥΘΥΝΗΣ<br /></strong>Δεδομένης της φύσης και του όγκου των πληροφοριών του Διαδικτύου, υπό οποιεσδήποτε συνθήκες, συμπεριλαμβανομένης και της περίπτωσης αμέλειας, το paoshop.gr δεν ευθύνεται για οποιασδήποτε μορφής ζημία υποστεί ο χρήστης από την χρήση των σελίδων, υπηρεσιών, επιλογών και περιεχομένων του paoshop.gr στις οποίες προβαίνει με δική του πρωτοβουλία. <br />Ο επισκέπτης / χρήστης των σελίδων και των υπηρεσιών του paoshop.gr αναλαμβάνει την ευθύνη για οποιαδήποτε ζημία προκαλείται στο paoshop.gr από κακή ή αθέμιτη χρήση των σχετικών υπηρεσιών.<br /><br /><strong>14. ΕΦΑΡΜΟΣΤΕΟ ΔΙΚΑΙΟ ΚΑΙ ΛΟΙΠΟΙ ΟΡΟΙ</strong><br />Οι ανωτέρω όροι και προϋποθέσεις χρήσης του paoshop.gr, καθώς και οποιαδήποτε τροποποίηση τους, διέπονται και συμπληρώνονται από το ελληνικό δίκαιο, το δίκαιο της Ευρωπαϊκής Ένωσης και τις σχετικές διεθνείς συνθήκες, που έχει υπογράψει η χώρα. Οποιαδήποτε διάταξη των ανωτέρω όρων καταστεί αντίθετη προς το νόμο, παύει αυτοδικαίως να ισχύει και αφαιρείται από το παρόν, χωρίς σε καμία περίπτωση να θίγεται η ισχύς των λοιπών όρων. <br />Το παρόν αποτελεί τη συνολική συμφωνία μεταξύ του paoshop.gr και του χρήστη υπηρεσιών του και δε δεσμεύει παρά μόνο αυτούς. Καμία τροποποίηση των όρων αυτών δε θα λαμβάνεται υπόψη και δε θα αποτελεί τμήμα της συμφωνίας αυτής, εάν δεν έχει διατυπωθεί εγγράφως και δεν έχει ενσωματωθεί σε αυτή. <br />Σε κάθε περίπτωση το paoshop.gr διατηρεί το δικαίωμα αλλαγής των όρων κατόπιν ενημέρωσης των χρηστών και μέσα στο υπάρχον ή/και ενδεχόμενο νομικό πλαίσιο. Εάν κάποιος χρήστης δε συμφωνεί με τους όρους της Άδειας Χρήσης που προβλέπονται στο παρόν οφείλει να μη χρησιμοποιεί τις υπηρεσίες του paoshop.gr<br />Το paoshop.gr καταβάλει σημαντικές προσπάθειες, ώστε ο ιστότοπος  www. paoshop.gr να συμπεριλαμβάνει ακριβείς και ενημερωμένες πληροφορίες. Οι διαχειριστές του paoshop.gr δεν εγγυώνται ότι οι σελίδες, οι υπηρεσίες, οι επιλογές και τα περιεχόμενα θα παρέχονται χωρίς διακοπή, χωρίς σφάλματα και ότι τα λάθη θα διορθώνονται. <br />Επίσης οι διαχειριστές του paoshop.gr δεν εγγυώνται ότι το ίδιο ή οποιοδήποτε άλλο συγγενικό site ή οι εξυπηρετητές \"servers\" μέσω των οποίων αυτά τίθενται στη διάθεσή σας, σας παρέχονται χωρίς \"ιούς\" ή άλλα επιζήμια συστατικά.</p>','','',1);

/*!40000 ALTER TABLE `dpge_content_plugin` ENABLE KEYS */;
UNLOCK TABLES;


# Dump of table dpge_currencies
# ------------------------------------------------------------

DROP TABLE IF EXISTS `dpge_currencies`;

CREATE TABLE `dpge_currencies` (
  `currency_id` int(11) NOT NULL AUTO_INCREMENT,
  `currency_name` varchar(45) DEFAULT NULL,
  `currency_symbol` varchar(45) DEFAULT NULL,
  PRIMARY KEY (`currency_id`),
  UNIQUE KEY `currency_id_UNIQUE` (`currency_id`)
) ENGINE=InnoDB DEFAULT CHARSET=utf8;

LOCK TABLES `dpge_currencies` WRITE;
/*!40000 ALTER TABLE `dpge_currencies` DISABLE KEYS */;

INSERT INTO `dpge_currencies` (`currency_id`, `currency_name`, `currency_symbol`)
VALUES
	(1,'Euro','&euro;');

/*!40000 ALTER TABLE `dpge_currencies` ENABLE KEYS */;
UNLOCK TABLES;


# Dump of table dpge_gallery_types
# ------------------------------------------------------------

DROP TABLE IF EXISTS `dpge_gallery_types`;

CREATE TABLE `dpge_gallery_types` (
  `gallery_type_id` int(11) NOT NULL AUTO_INCREMENT,
  `gall_name` varchar(245) DEFAULT NULL,
  `gall_width` int(11) DEFAULT NULL,
  `gall_height` int(11) DEFAULT NULL,
  `how_many_items` int(11) DEFAULT '3',
  `gallery_template` varchar(80) DEFAULT '0',
  PRIMARY KEY (`gallery_type_id`),
  UNIQUE KEY `gallery_type_id_UNIQUE` (`gallery_type_id`)
) ENGINE=InnoDB DEFAULT CHARSET=utf8;

LOCK TABLES `dpge_gallery_types` WRITE;
/*!40000 ALTER TABLE `dpge_gallery_types` DISABLE KEYS */;

INSERT INTO `dpge_gallery_types` (`gallery_type_id`, `gall_name`, `gall_width`, `gall_height`, `how_many_items`, `gallery_template`)
VALUES
	(1,'default',600,400,3,'partial_default.phtml'),
	(2,'zoom',1200,960,6,'zoom.phtml'),
	(3,'t-shirt',317,337,1,'t-shirt.phtml');

/*!40000 ALTER TABLE `dpge_gallery_types` ENABLE KEYS */;
UNLOCK TABLES;


# Dump of table dpge_home_sections
# ------------------------------------------------------------

DROP TABLE IF EXISTS `dpge_home_sections`;

CREATE TABLE `dpge_home_sections` (
  `home_section_id` int(11) NOT NULL AUTO_INCREMENT,
  `home_tag` varchar(245) DEFAULT NULL,
  `name` varchar(245) DEFAULT NULL,
  PRIMARY KEY (`home_section_id`),
  UNIQUE KEY `home_section_id_UNIQUE` (`home_section_id`)
) ENGINE=InnoDB DEFAULT CHARSET=utf8;

LOCK TABLES `dpge_home_sections` WRITE;
/*!40000 ALTER TABLE `dpge_home_sections` DISABLE KEYS */;

INSERT INTO `dpge_home_sections` (`home_section_id`, `home_tag`, `name`)
VALUES
	(1,'top_products','Top Products'),
	(2,'offers','Offers'),
	(3,'best_sellers','Best Sellers');

/*!40000 ALTER TABLE `dpge_home_sections` ENABLE KEYS */;
UNLOCK TABLES;


# Dump of table dpge_internet_users
# ------------------------------------------------------------

DROP TABLE IF EXISTS `dpge_internet_users`;

CREATE TABLE `dpge_internet_users` (
  `user_id` int(11) NOT NULL AUTO_INCREMENT,
  `username` varchar(145) NOT NULL,
  `password` varchar(245) NOT NULL,
  `role` varchar(45) NOT NULL,
  `firstname` varchar(145) DEFAULT NULL,
  `lastname` varchar(145) DEFAULT NULL,
  `birth` date DEFAULT NULL,
  `sex` varchar(45) DEFAULT NULL,
  `member` tinyint(1) DEFAULT '0',
  `newsletter` tinyint(1) DEFAULT '0',
  `terms` tinyint(1) DEFAULT '0',
  PRIMARY KEY (`user_id`),
  UNIQUE KEY `user_id_UNIQUE` (`user_id`)
) ENGINE=InnoDB DEFAULT CHARSET=utf8;

LOCK TABLES `dpge_internet_users` WRITE;
/*!40000 ALTER TABLE `dpge_internet_users` DISABLE KEYS */;

INSERT INTO `dpge_internet_users` (`user_id`, `username`, `password`, `role`, `firstname`, `lastname`, `birth`, `sex`, `member`, `newsletter`, `terms`)
VALUES
	(1,'akatsaris@gmail.com','948171','user','Angelos','Katsaris','1978-08-20','male',1,1,1),
	(2,'akatsaris1@gmail.com','948171','user','Angelos','Katsaros','1978-08-20','male',0,0,1),
	(3,'angelos_katsaris@hotmail.com','948171','user','Angelos','Katsaros','1978-08-20','male',0,0,1),
	(4,'vkatsar@gmail.com','743948','user','Βασίλης','Κατσάρης','1978-08-20','male',1,1,1),
	(5,'n.psyllidis@gmail.com','123456','user','Nikos','Psyllidis','1940-02-03','male',1,1,1),
	(6,'ythtyh@trgrth.ht','123456','user','trhth','ythtyh','1932-01-01','male',NULL,NULL,1),
	(7,'a.sklavos@dpg.gr','123456','user','Athanasios','Sklavos','1934-02-02','male',NULL,NULL,1),
	(8,'vkatsar@hotmail.com','12345!!','user','Βασίλης','Κατσάρης','1978-08-20','male',NULL,NULL,1),
	(9,'n.psyllidis@dpg.gr','123456789','user','Πολύκαρπος','Τομπούλογλου','1990-01-01','male',1,NULL,1);

/*!40000 ALTER TABLE `dpge_internet_users` ENABLE KEYS */;
UNLOCK TABLES;


# Dump of table dpge_languages
# ------------------------------------------------------------

DROP TABLE IF EXISTS `dpge_languages`;

CREATE TABLE `dpge_languages` (
  `lang_id` int(11) NOT NULL AUTO_INCREMENT,
  `digits` varchar(45) NOT NULL,
  `name` varchar(45) NOT NULL,
  `default` tinyint(1) DEFAULT NULL,
  `shortcuts` char(4) DEFAULT NULL,
  PRIMARY KEY (`lang_id`),
  UNIQUE KEY `lang_id_UNIQUE` (`lang_id`)
) ENGINE=InnoDB DEFAULT CHARSET=utf8;

LOCK TABLES `dpge_languages` WRITE;
/*!40000 ALTER TABLE `dpge_languages` DISABLE KEYS */;

INSERT INTO `dpge_languages` (`lang_id`, `digits`, `name`, `default`, `shortcuts`)
VALUES
	(1,'el_GR','Greek',1,'el'),
	(2,'en_US','English',0,'en'),
	(3,'es_ES','Spanish',0,'es'),
	(4,'ru_RU','Russian',0,'ru'),
	(5,'zh_CN','Chinese',0,'zh');

/*!40000 ALTER TABLE `dpge_languages` ENABLE KEYS */;
UNLOCK TABLES;


# Dump of table dpge_links_plugin
# ------------------------------------------------------------

DROP TABLE IF EXISTS `dpge_links_plugin`;

CREATE TABLE `dpge_links_plugin` (
  `menu_data_multilang_id` int(11) NOT NULL,
  `link` varchar(245) DEFAULT NULL,
  `target` varchar(45) DEFAULT NULL,
  PRIMARY KEY (`menu_data_multilang_id`),
  UNIQUE KEY `menu_data_multilang_id_UNIQUE` (`menu_data_multilang_id`),
  KEY `fk1_menu_data_multilang_id` (`menu_data_multilang_id`),
  CONSTRAINT `fk1_menu_data_multilang_id` FOREIGN KEY (`menu_data_multilang_id`) REFERENCES `dpge_menu_data_multilang` (`menu_data_multilang_id`) ON DELETE CASCADE ON UPDATE NO ACTION
) ENGINE=InnoDB DEFAULT CHARSET=utf8;

LOCK TABLES `dpge_links_plugin` WRITE;
/*!40000 ALTER TABLE `dpge_links_plugin` DISABLE KEYS */;

INSERT INTO `dpge_links_plugin` (`menu_data_multilang_id`, `link`, `target`)
VALUES
	(20,'/',''),
	(21,'/',''),
	(37,'http://www.on.gr','');

/*!40000 ALTER TABLE `dpge_links_plugin` ENABLE KEYS */;
UNLOCK TABLES;


# Dump of table dpge_menu_data
# ------------------------------------------------------------

DROP TABLE IF EXISTS `dpge_menu_data`;

CREATE TABLE `dpge_menu_data` (
  `menu_id` int(11) NOT NULL,
  `menu_data_id` int(11) NOT NULL AUTO_INCREMENT,
  `parrent_id` int(11) NOT NULL DEFAULT '0',
  `type` varchar(145) NOT NULL,
  `order` int(11) DEFAULT NULL,
  `author` int(11) DEFAULT NULL,
  `template_view_id` int(11) DEFAULT NULL,
  `register_users_only` tinyint(1) DEFAULT '0',
  PRIMARY KEY (`menu_data_id`),
  UNIQUE KEY `menu_data_id_UNIQUE` (`menu_data_id`),
  KEY `fk_menu_id` (`menu_id`),
  CONSTRAINT `fk_menu_id` FOREIGN KEY (`menu_id`) REFERENCES `dpge_menus` (`menu_id`) ON DELETE CASCADE ON UPDATE NO ACTION
) ENGINE=InnoDB DEFAULT CHARSET=utf8;

LOCK TABLES `dpge_menu_data` WRITE;
/*!40000 ALTER TABLE `dpge_menu_data` DISABLE KEYS */;

INSERT INTO `dpge_menu_data` (`menu_id`, `menu_data_id`, `parrent_id`, `type`, `order`, `author`, `template_view_id`, `register_users_only`)
VALUES
	(3,20,0,'link',0,1,0,0),
	(3,33,0,'content',15,1,0,0),
	(4,34,0,'content',0,1,0,0),
	(4,35,0,'content',0,1,0,0),
	(5,36,0,'link',0,1,0,0),
	(5,37,0,'tags',0,1,0,0),
	(6,38,0,'tags',0,1,0,0),
	(6,39,0,'tags',0,1,0,0),
	(3,45,0,'tags',1,1,0,0),
	(3,46,0,'tags',2,1,0,0),
	(3,47,0,'tags',3,1,0,0),
	(3,48,0,'tags',4,1,0,0),
	(3,49,0,'tags',5,1,0,0),
	(3,50,0,'tags',5,1,0,0),
	(3,51,0,'tags',6,1,0,0),
	(3,52,0,'tags',7,1,0,0),
	(3,53,0,'tags',9,1,0,0),
	(3,54,0,'tags',10,1,0,0),
	(3,55,0,'tags',11,1,0,0),
	(3,56,0,'tags',12,1,0,0),
	(3,57,0,'tags',13,1,0,0),
	(3,58,0,'tags',14,1,0,0),
	(3,59,46,'tags',1,1,0,0),
	(3,60,46,'tags',2,1,0,0),
	(3,61,46,'tags',3,1,0,0),
	(3,63,46,'tags',4,1,0,0),
	(3,64,46,'tags',5,1,0,0),
	(3,65,46,'tags',6,1,0,0),
	(3,66,46,'tags',6,1,0,0),
	(3,67,47,'tags',1,1,0,0),
	(3,68,47,'tags',2,1,0,0),
	(3,69,47,'tags',3,1,0,0),
	(3,71,49,'tags',1,1,0,0),
	(3,72,49,'tags',2,1,0,0),
	(3,73,49,'tags',3,1,0,0),
	(3,74,49,'tags',4,1,0,0),
	(3,75,50,'tags',1,1,0,0),
	(3,76,50,'tags',2,1,0,0),
	(3,77,50,'tags',3,1,0,0),
	(3,78,51,'tags',1,1,0,0),
	(3,79,51,'tags',2,1,0,0),
	(3,80,52,'tags',1,1,0,0),
	(3,81,52,'tags',2,1,0,0),
	(3,82,52,'tags',3,1,0,0),
	(3,83,52,'tags',4,1,0,0),
	(3,84,52,'tags',6,1,0,0),
	(3,85,52,'tags',7,1,0,0),
	(3,86,52,'tags',7,1,0,0),
	(3,87,52,'tags',8,1,0,0),
	(3,88,52,'tags',8,1,0,0),
	(3,89,52,'tags',9,1,0,0),
	(3,90,52,'tags',10,1,0,0),
	(3,91,53,'tags',11,1,0,0),
	(3,92,92,'tags',1,1,0,0),
	(3,93,54,'tags',1,1,0,0),
	(3,94,55,'tags',1,1,0,0),
	(3,95,55,'tags',2,1,0,0),
	(3,96,55,'tags',3,1,0,0),
	(3,97,55,'tags',4,1,0,0),
	(3,98,55,'tags',5,1,0,0),
	(3,99,58,'tags',1,1,0,0),
	(3,100,58,'tags',2,1,0,0),
	(3,101,58,'tags',3,1,0,0),
	(3,102,58,'tags',4,1,0,0),
	(3,103,58,'tags',5,1,0,0),
	(3,104,58,'tags',6,1,0,0);

/*!40000 ALTER TABLE `dpge_menu_data` ENABLE KEYS */;
UNLOCK TABLES;


# Dump of table dpge_menu_data_multilang
# ------------------------------------------------------------

DROP TABLE IF EXISTS `dpge_menu_data_multilang`;

CREATE TABLE `dpge_menu_data_multilang` (
  `menu_data_multilang_id` int(11) NOT NULL AUTO_INCREMENT,
  `menu_data_id` int(11) NOT NULL,
  `author` int(11) DEFAULT NULL,
  `la` int(11) DEFAULT NULL,
  `title` varchar(255) DEFAULT NULL,
  `url` varchar(245) DEFAULT NULL,
  `active` tinyint(1) DEFAULT NULL,
  PRIMARY KEY (`menu_data_multilang_id`),
  UNIQUE KEY `menu_data_id_UNIQUE` (`menu_data_multilang_id`),
  KEY `fk_menu_data_id` (`menu_data_id`),
  CONSTRAINT `fk_menu_data_id` FOREIGN KEY (`menu_data_id`) REFERENCES `dpge_menu_data` (`menu_data_id`) ON DELETE CASCADE ON UPDATE NO ACTION
) ENGINE=InnoDB DEFAULT CHARSET=utf8;

LOCK TABLES `dpge_menu_data_multilang` WRITE;
/*!40000 ALTER TABLE `dpge_menu_data_multilang` DISABLE KEYS */;

INSERT INTO `dpge_menu_data_multilang` (`menu_data_multilang_id`, `menu_data_id`, `author`, `la`, `title`, `url`, `active`)
VALUES
	(20,20,1,1,'Αρχική Σελίδα','arxiki-selida',1),
	(21,20,1,2,'Home Page','home',1),
	(34,33,1,1,'Όροι χρήσης','terms_and_conditions',1),
	(35,34,1,1,'demo 1','demo_url',1),
	(36,35,1,1,'demo2','demo_2',1),
	(37,36,1,1,'demo footer 2','demo_footer_2',1),
	(38,37,1,1,'demo footer more','demo_footer_ 3',1),
	(39,38,1,1,'grtgrth','trhrthrth',1),
	(40,39,1,1,'grtgrtgrtg','trgrtgrtg',1),
	(42,33,1,2,'Terms and conditions','terms-and-conditions',1),
	(48,45,1,1,'Όλα τα προϊόντα','ola-ta-proionta',1),
	(49,45,1,2,'All Products','all-products',1),
	(50,46,1,1,'Σειρά Μπάσκετ','seira-basket',1),
	(51,46,1,2,'Basketball collection','basketball-collection',1),
	(52,47,1,1,'Σειρά Ποδόσφαιρο','seira-podosfairo',1),
	(53,47,1,2,'Football collection','football-collection',1),
	(54,48,1,1,'Σειρά Βόλεϊ','seira-volley',1),
	(55,48,1,2,'Volleyball collection','volleyball-collection',1),
	(56,49,1,1,'Ανδρική ένδυση','andrikh-endysh',1),
	(57,49,1,2,'Menswear','menswear',1),
	(58,50,1,1,'Miss Green','miss-green',1),
	(59,50,1,2,'Miss Green','miss-green',1),
	(60,51,1,1,'Junior Green','junior-green',1),
	(61,51,1,2,'Junior Green','junior-green',1),
	(62,52,1,1,'Accessories','accessories',1),
	(63,52,1,2,'Accessories','accessories',1),
	(64,53,1,1,'Είδη για το σπίτι','eidh-gia-to-spiti',1),
	(65,53,1,2,'Homeware','homeware',1),
	(66,54,1,1,'Χαρτοσχολικά','hartosxolika',1),
	(67,54,1,2,'Stationary','stationary',1),
	(68,55,1,1,'Αξεσουάρ γηπέδου','aksesouar-ghpedou',1),
	(69,55,1,2,'Game accessories','game-accessories',1),
	(70,56,1,1,'Συλλεκτική Σειρά \"ΑΛΒΕΡΤΗΣ\"','ktikh-seira-alverths',1),
	(71,56,1,2,'Alvertis Memorabilia','alvertis memorabilia',1),
	(72,57,1,1,'Εποχιακά','epohiaka',1),
	(73,57,1,2,'Seasonal','seasonal',1),
	(74,58,1,1,'Προσφορές','prosfores',1),
	(75,58,1,2,'Offers','offers',1),
	(76,59,1,1,'Επίσημες Εμφανίσεις 2012-2013','epishmes-emfaniseis-2012-2013',1),
	(77,59,1,2,'Official Jerseys 2012-2013','official-jerseys-2012-2013',1),
	(78,60,1,1,'Επίσημες Εμφανίσεις 2011-2012','episimes-emfaniseis-2011-2012',1),
	(79,60,1,2,'Official Jerseys 2011-2012','official-jerseys-2011-2012',1),
	(80,61,1,1,'Επίσημες Εμφανίσεις 2010-2011','episimes-emfaniseis-2010-2011',1),
	(81,61,1,2,'Official Jerseys 2010-2011','official-jerseys-2010-2011',1),
	(84,63,1,1,'Επίσημες Εμφανίσεις 2009-2010','episimes-emfaniseis-2009-2010',1),
	(85,63,1,2,'Official Jerseys 2009-2010','official-jerseys-2009-2010',1),
	(86,64,1,1,'Προπονητικό υλικό Adidas 2011-2012','proponitiko-yliko-adidas-2011-2012',1),
	(87,64,1,2,'Training suits Adidas 2011-2012','training-suits-adidas-2011-2012',1),
	(88,65,1,1,'Προπονητικό υλικό Adidas 2009-2010','propoitiko-yliko-adidas-2009-2010',1),
	(89,65,1,2,'Training suits Adidas 2009-2010','training-suits-adidas-2009-2010',1),
	(90,66,1,1,'Retro Εμφανίσεις','retro-emfaniseis',1),
	(91,66,1,2,'Retro Uniforms','retro-uniforms',1),
	(92,67,1,1,'Επίσημες Εμφανίσεις 2011-2012','episimes-emfaniseis-2011-2012',1),
	(93,67,1,2,'Official Jerseys 2011-2012','official-jerseys-2011-2012',1),
	(94,68,1,1,'Επίσημες Εμφανίσεις 2010-2011','episimes-emfaniseis-2010-2011',1),
	(95,68,1,2,'Official Jerseys 2010-2011','official -jerseys-2010-2011',1),
	(96,69,1,1,'Retro Εμφανίσεις','retro-emfaniseis',1),
	(97,69,1,2,'Retro Uniforms','retro-uniforms',1),
	(100,71,1,1,'T-shirts-Polo','t-shirts-polo',1),
	(101,71,1,2,'T-shirts-Polo','t-shirts-Polo',1),
	(102,72,1,1,'Polo','polo',1),
	(103,72,1,2,'Polo','polo',1),
	(104,73,1,1,'Φόρμες-Φούτερ','formes-footer',1),
	(105,73,1,2,'Tracksuits-Trousers','tracksuits-trousers',1),
	(106,74,1,1,'Ζακέτες','zaketes',1),
	(107,74,1,2,'Jackets','jackets',1),
	(108,75,1,1,'T-shirts-Polo','t-shirts-Polo',1),
	(109,75,1,2,'T-shirts-Polo','t-shirts-Polo',1),
	(110,76,1,1,'Jackets','jackets',1),
	(111,76,1,2,'Jackets','jackets',1),
	(112,77,1,1,'Φόρμες-Παντελόνια','formes-pantelonia',1),
	(113,77,1,2,'Tracksuits-Trousers','tracksuits-trousers',1),
	(114,78,1,1,' Παιδικά','paidika',1),
	(115,78,1,2,'Kids','kids',1),
	(116,79,1,1,'Βρεφικά','vrefika',1),
	(117,79,1,2,'Infants','infants',1),
	(118,80,1,1,'Συλλογές DVD','sylloges-dvd',1),
	(119,80,1,2,'DVD Collections','dvd-collections',1),
	(120,81,1,1,'Σειρά με τον ύμνο','seira-me-ton-ymno',1),
	(121,81,1,2,'Gadgets with music','gadgets-with-music',1),
	(122,82,1,1,'Ασημένια αξεσουάρ','asimenia-aksesouar',1),
	(123,82,1,2,'Silver Accessories','silver-accessories',1),
	(124,83,1,1,'Ρολόγια','rologia',1),
	(125,83,1,2,'Waches-Clocks','waches-clocks',1),
	(126,84,1,1,'Μπρελόκ','mprelok',1),
	(127,84,1,2,'Keyrings','keyrings',1),
	(128,85,1,1,' Κομπολόγια','kompologia',1),
	(129,85,1,2,'Worry beads','worry-beads',1),
	(130,86,1,1,'Καρφίτσες-Μαγνήτες','karfitses-magnites',1),
	(131,86,1,2,'Pins-Magnets','pins-magnets',1),
	(132,87,1,1,'Είδη γραφείου-H/Y','eidi-grafeiou-h/y',1),
	(133,87,1,2,'Stationary-Computer','stationary-Computer',1),
	(134,88,1,1,'Τσάντες-Πορτοφόλια','tsantes-portofolia',1),
	(135,88,1,2,'Bags-Wallets','bags-wallets',1),
	(136,89,1,1,'Μπάλες','mpales',1),
	(137,89,1,2,'Balls','balls',1),
	(138,90,1,1,'Κύπελλα - Κουκλάκια','kypelakia-kouklakia',1),
	(139,90,1,2,'Trophies-Bobbleheads','trophies-bobbleheads',1),
	(140,91,1,1,'Υαλικά - Κρύσταλλα','yalika-krystallika',1),
	(141,91,1,2,'Glasses-Crystals','glasses-crystals',1),
	(142,92,1,1,'Σχολικά αξεσουάρ','sxolika-aksesouar',1),
	(143,92,1,2,'School accessories','school-accessories',1),
	(144,93,1,1,'Σχολικά αξεσουάρ','sxolika-aksesouar',1),
	(145,93,1,2,'School accessories','school-accessories',1),
	(146,94,1,1,'Κασκόλ','kaskol',1),
	(147,94,1,2,'Scarves','scarves',1),
	(148,95,1,1,'Καπέλα','kapela',1),
	(149,95,1,2,'Caps','caps',1),
	(150,96,1,1,'Σκούφοι-Γάντια','skoufoi-gantia',1),
	(151,96,1,2,'Hats-Gloves','hats-gloves',1),
	(152,97,1,1,'Λάβαρα-Σημαίες','lavara-shmaies',1),
	(153,97,1,2,'Pennants-Flags','pennants-flags',1),
	(154,98,1,1,'Περικάρπια - Headbands','perikarpia-headbands',1),
	(155,98,1,2,'Wristbands-Headbands','wristbands-headbands',1),
	(156,99,1,1,'Adidas','adidas',1),
	(157,99,1,2,'Adidas','adidas',1),
	(158,100,1,1,'Ανδρική ένδυση','andriki-endysi',1),
	(159,100,1,2,'Menswear','menswear',1),
	(160,101,1,1,'Γυναικεία ένδυση','gynaikeia-endysi',1),
	(161,101,1,2,'Womenswear','womenswear',1),
	(162,102,1,1,'Παιδική ένδυση','paidiki-endysi',1),
	(163,102,1,2,'Kidswear','kidswear',1),
	(164,103,1,1,'Accessories','accessories',1),
	(165,103,1,2,'Accessories','accessories',1),
	(166,104,1,1,'Αναπτήρες','anaptires',1),
	(167,104,1,2,'Lighters','lighters',1),
	(168,45,1,3,'Todos los productos','todos-los-productos',1),
	(169,45,1,4,'Все продукты','all-products',1),
	(170,45,1,5,'所有产品','all-products',1),
	(171,46,1,3,'Colección de baloncesto','coleccion-de-baloncesto',1),
	(172,46,1,4,'Баскетбольная коллекция','basketball-collection',1),
	(173,46,1,5,'篮球收藏','basketball-collection',1);

/*!40000 ALTER TABLE `dpge_menu_data_multilang` ENABLE KEYS */;
UNLOCK TABLES;


# Dump of table dpge_menus
# ------------------------------------------------------------

DROP TABLE IF EXISTS `dpge_menus`;

CREATE TABLE `dpge_menus` (
  `menu_id` int(11) NOT NULL AUTO_INCREMENT,
  `menu_name` varchar(145) NOT NULL,
  `menu_position_name` varchar(145) DEFAULT NULL,
  PRIMARY KEY (`menu_id`),
  UNIQUE KEY `menu_id_UNIQUE` (`menu_id`)
) ENGINE=InnoDB DEFAULT CHARSET=utf8;

LOCK TABLES `dpge_menus` WRITE;
/*!40000 ALTER TABLE `dpge_menus` DISABLE KEYS */;

INSERT INTO `dpge_menus` (`menu_id`, `menu_name`, `menu_position_name`)
VALUES
	(3,'Top Menu','top_menu'),
	(4,'footer menu','footer_menu'),
	(5,'footer menu 2','footer_menu_2'),
	(6,'footer menu 3','footer_menu_3');

/*!40000 ALTER TABLE `dpge_menus` ENABLE KEYS */;
UNLOCK TABLES;


# Dump of table dpge_multilanguage_html_content
# ------------------------------------------------------------

DROP TABLE IF EXISTS `dpge_multilanguage_html_content`;

CREATE TABLE `dpge_multilanguage_html_content` (
  `multilanguage_html_content_id` int(11) NOT NULL AUTO_INCREMENT,
  `content_id` int(11) DEFAULT NULL,
  `name` varchar(245) DEFAULT NULL,
  `html_content` text,
  `la` int(11) DEFAULT NULL,
  PRIMARY KEY (`multilanguage_html_content_id`),
  UNIQUE KEY `multilanguage_html_content_id_UNIQUE` (`multilanguage_html_content_id`)
) ENGINE=InnoDB DEFAULT CHARSET=utf8;

LOCK TABLES `dpge_multilanguage_html_content` WRITE;
/*!40000 ALTER TABLE `dpge_multilanguage_html_content` DISABLE KEYS */;

INSERT INTO `dpge_multilanguage_html_content` (`multilanguage_html_content_id`, `content_id`, `name`, `html_content`, `la`)
VALUES
	(1,1,'Top banner html for homepage','<div class=\"row\">\r\n<div class=\"w5\">\r\n<div class=\"p10\">Για <strong>τηλεφωνικές παραγγελίες</strong> καλέστε στο <span class=\"bigger\">210 350 3121</span></div>\r\n</div>\r\n<div class=\"w5\">\r\n<div class=\"p10 separate-left\">Αποστολή στο σπίτι σας μόνο με <span class=\"bigger\">€3,50</span></div>\r\n</div>\r\n<div class=\"shadow-bottom\"> </div>\r\n</div>',1),
	(2,1,'Top banner html for homepage','<div class=\"row\">\r\n<div class=\"w5\">\r\n<div class=\"p10\"><strong>Phone Orders</strong> call at <span class=\"bigger\">210 350 3121</span></div>\r\n</div>\r\n<div class=\"w5\">\r\n<div class=\"p10 separate-left\">Shipping price only <span class=\"bigger\">€3,50</span></div>\r\n</div>\r\n<div class=\"shadow-bottom\"> </div>\r\n</div>',2),
	(3,3,'Banner home page','<div class=\"row light-gray\">\r\n<div class=\"inner-shadow-top\"> </div>\r\n<div class=\"w10\">\r\n<div class=\"p20\"><img class=\"a-right\" src=\"http://sandbox.keegot.net/paoshop/content/banners/banner-privileges.png\" alt=\"banner-privileges\" />\r\n<h3>Επωφεληθείτε από τα μοναδικά Προνόμια που σας προσφέρει το PAO SHOP!</h3>\r\n<strong>10% έκπτωση για τους κατόχους:</strong>\r\n<ul>\r\n<li>έγκυρων καρτών διαρκείας της ΚΑΕ ΠΑΝΑΘΗΝΑΪΚΟΣ</li>\r\n<li>και της πιστωτικής κάρτας PAO BC EUROBANK MASTERCARD</li>\r\n</ul>\r\n<div class=\"clr\"> </div>\r\n</div>\r\n</div>\r\n</div>',1),
	(4,3,'Banner Home page','<div class=\"row light-gray\">\r\n<div class=\"inner-shadow-top\"> </div>\r\n<div class=\"w10\">\r\n<div class=\"p20\"><img class=\"a-right\" src=\"http://sandbox.keegot.net/paoshop/content/banners/banner-privileges.png\" alt=\"banner-privileges\" />\r\n<h3>Επωφεληθείτε από τα μοναδικά Προνόμια που σας προσφέρει το PAO SHOP!</h3>\r\n<strong>10% έκπτωση για τους κατόχους:</strong>\r\n<ul>\r\n<li>έγκυρων καρτών διαρκείας της ΚΑΕ ΠΑΝΑΘΗΝΑΪΚΟΣ</li>\r\n<li>και της πιστωτικής κάρτας PAO BC EUROBANK MASTERCARD</li>\r\n</ul>\r\n<div class=\"clr\"> </div>\r\n</div>\r\n</div>\r\n</div>',2);

/*!40000 ALTER TABLE `dpge_multilanguage_html_content` ENABLE KEYS */;
UNLOCK TABLES;


# Dump of table dpge_pay_methods
# ------------------------------------------------------------

DROP TABLE IF EXISTS `dpge_pay_methods`;

CREATE TABLE `dpge_pay_methods` (
  `pay_method_multilang_id_id` int(11) NOT NULL AUTO_INCREMENT,
  `pay_method_id` int(11) DEFAULT NULL,
  `la` int(11) DEFAULT NULL,
  `pay_name` varchar(45) DEFAULT NULL,
  `pay_description` varchar(255) DEFAULT NULL,
  `pay_notification` varchar(255) DEFAULT NULL,
  `pay_receipt_comment` varchar(255) DEFAULT NULL,
  `merchant_plugin` varchar(145) DEFAULT NULL,
  PRIMARY KEY (`pay_method_multilang_id_id`)
) ENGINE=InnoDB DEFAULT CHARSET=utf8;

LOCK TABLES `dpge_pay_methods` WRITE;
/*!40000 ALTER TABLE `dpge_pay_methods` DISABLE KEYS */;

INSERT INTO `dpge_pay_methods` (`pay_method_multilang_id_id`, `pay_method_id`, `la`, `pay_name`, `pay_description`, `pay_notification`, `pay_receipt_comment`, `merchant_plugin`)
VALUES
	(1,1,1,'Πιστωτική Κάρτα','Πληρωμή με πιστωτική κάρτα','Επιλέξατε να πληρώσετε με πιστωτική κάρτα.','','eurobank'),
	(2,1,2,'Credit Card','Πληρωμή με πιστωτική κάρτα (Δεν αποθηκεύονται τα στοιχεία της κάρτας)','You choose to pay with credit card','','eurobank'),
	(3,3,1,'Αντικαταβολή','ΠΡΟΣΟΧΗ: Επιλέγοντας να πληρώσετε με αντικαταβολή χρεώνεστε επιπλέον τα έξοδα αντικαταβολής.','Επιλέξατε να πληρώσετε με αντικαταβολή','','cash_on_delivery'),
	(4,3,2,'Cash on delivery','WARNING: If you choose to pay with \"cash on delivery\" you will pay an extra fee for this service.','Cash on delivery method selected','','cash_on_delivery'),
	(5,5,1,'PayPal','Πληρωμή με PayPal',' <font color=\"red\">ΠΡΟΣΟΧΗ: Μην ξεχάσετε να πατήσετε SAVE ORDER στο τελευταίο βήμα του PayPal</font>','','paypal'),
	(6,5,2,'PayPal','Pay with PayPal (redirection to PayPal)',' <font color=\"red\">ΠΡΟΣΟΧΗ: Μην ξεχάσετε να πατήσετε SAVE ORDER στο τελευταίο βήμα του PayPal</font>','','paypal');

/*!40000 ALTER TABLE `dpge_pay_methods` ENABLE KEYS */;
UNLOCK TABLES;


# Dump of table dpge_product_accompaying_relation
# ------------------------------------------------------------

DROP TABLE IF EXISTS `dpge_product_accompaying_relation`;

CREATE TABLE `dpge_product_accompaying_relation` (
  `acc_id` int(11) NOT NULL AUTO_INCREMENT,
  `product_id` int(11) DEFAULT NULL,
  `tags` varchar(245) DEFAULT NULL,
  `title` varchar(45) DEFAULT NULL,
  PRIMARY KEY (`acc_id`),
  UNIQUE KEY `acc_id_UNIQUE` (`acc_id`),
  KEY `fk_acc_product_id` (`product_id`),
  CONSTRAINT `fk_acc_product_id` FOREIGN KEY (`product_id`) REFERENCES `dpge_products` (`product_id`) ON DELETE CASCADE ON UPDATE NO ACTION
) ENGINE=InnoDB DEFAULT CHARSET=utf8;

LOCK TABLES `dpge_product_accompaying_relation` WRITE;
/*!40000 ALTER TABLE `dpge_product_accompaying_relation` DISABLE KEYS */;

INSERT INTO `dpge_product_accompaying_relation` (`acc_id`, `product_id`, `tags`, `title`)
VALUES
	(5,943,'23,113','tshirt');

/*!40000 ALTER TABLE `dpge_product_accompaying_relation` ENABLE KEYS */;
UNLOCK TABLES;


# Dump of table dpge_product_attributes
# ------------------------------------------------------------

DROP TABLE IF EXISTS `dpge_product_attributes`;

CREATE TABLE `dpge_product_attributes` (
  `prd_attr_id` int(11) NOT NULL AUTO_INCREMENT,
  `product_id` int(11) NOT NULL,
  `attr_id` int(11) NOT NULL,
  PRIMARY KEY (`prd_attr_id`),
  UNIQUE KEY `prd_attr_id_UNIQUE` (`prd_attr_id`),
  KEY `fk_prd_attr_id` (`product_id`),
  CONSTRAINT `fk_prd_attr_id` FOREIGN KEY (`product_id`) REFERENCES `dpge_products` (`product_id`) ON DELETE CASCADE ON UPDATE NO ACTION
) ENGINE=InnoDB DEFAULT CHARSET=utf8;

LOCK TABLES `dpge_product_attributes` WRITE;
/*!40000 ALTER TABLE `dpge_product_attributes` DISABLE KEYS */;

INSERT INTO `dpge_product_attributes` (`prd_attr_id`, `product_id`, `attr_id`)
VALUES
	(4,943,1),
	(5,943,3),
	(6,943,5);

/*!40000 ALTER TABLE `dpge_product_attributes` ENABLE KEYS */;
UNLOCK TABLES;


# Dump of table dpge_product_gallery_files
# ------------------------------------------------------------

DROP TABLE IF EXISTS `dpge_product_gallery_files`;

CREATE TABLE `dpge_product_gallery_files` (
  `photo_id` int(11) NOT NULL AUTO_INCREMENT,
  `gallery_id` int(11) DEFAULT NULL,
  `product_id` int(11) DEFAULT NULL,
  `photo_path` varchar(245) DEFAULT NULL,
  `order` int(11) DEFAULT NULL,
  PRIMARY KEY (`photo_id`),
  UNIQUE KEY `photo_id_UNIQUE` (`photo_id`),
  KEY `fk_product_id_gallery` (`product_id`),
  KEY `fk_gallery_id` (`gallery_id`),
  CONSTRAINT `fk_gallery_id` FOREIGN KEY (`gallery_id`) REFERENCES `dpge_gallery_types` (`gallery_type_id`) ON DELETE CASCADE ON UPDATE NO ACTION,
  CONSTRAINT `fk_product_id_gallery` FOREIGN KEY (`product_id`) REFERENCES `dpge_products` (`product_id`) ON DELETE CASCADE ON UPDATE NO ACTION
) ENGINE=InnoDB DEFAULT CHARSET=utf8;



# Dump of table dpge_product_tags
# ------------------------------------------------------------

DROP TABLE IF EXISTS `dpge_product_tags`;

CREATE TABLE `dpge_product_tags` (
  `prd_tag_id` int(11) NOT NULL AUTO_INCREMENT,
  `product_id` int(11) NOT NULL,
  `tag_id` int(11) NOT NULL,
  PRIMARY KEY (`prd_tag_id`),
  UNIQUE KEY `prd_tag_id_UNIQUE` (`prd_tag_id`),
  KEY `fk_product_tags` (`product_id`),
  CONSTRAINT `fk_product_tags` FOREIGN KEY (`product_id`) REFERENCES `dpge_products` (`product_id`) ON DELETE CASCADE ON UPDATE NO ACTION
) ENGINE=InnoDB DEFAULT CHARSET=utf8;

LOCK TABLES `dpge_product_tags` WRITE;
/*!40000 ALTER TABLE `dpge_product_tags` DISABLE KEYS */;

INSERT INTO `dpge_product_tags` (`prd_tag_id`, `product_id`, `tag_id`)
VALUES
	(1,92,21),
	(2,100,21),
	(3,103,21),
	(4,108,21),
	(5,110,21),
	(6,111,21),
	(7,112,21),
	(8,118,21),
	(9,120,21),
	(10,143,21),
	(11,153,21),
	(12,157,21),
	(13,158,21),
	(14,164,21),
	(15,166,21),
	(16,167,21),
	(17,172,21),
	(18,174,21),
	(19,182,21),
	(20,184,21),
	(21,185,21),
	(24,192,21),
	(26,194,21),
	(27,196,21),
	(28,203,21),
	(29,204,21),
	(30,219,21),
	(31,222,21),
	(32,223,21),
	(33,224,21),
	(34,230,21),
	(35,231,21),
	(36,232,21),
	(37,234,21),
	(38,235,21),
	(39,236,21),
	(40,240,21),
	(41,242,21),
	(42,245,21),
	(43,246,21),
	(44,252,21),
	(45,254,21),
	(46,258,21),
	(47,259,21),
	(48,266,21),
	(49,268,21),
	(50,269,21),
	(51,270,21),
	(52,271,21),
	(53,272,21),
	(54,276,21),
	(57,281,21),
	(58,285,21),
	(59,287,21),
	(60,288,21),
	(61,289,21),
	(62,293,21),
	(63,295,21),
	(64,299,21),
	(65,300,21),
	(67,304,21),
	(68,305,21),
	(70,323,21),
	(71,324,21),
	(72,325,21),
	(73,326,21),
	(74,329,21),
	(75,336,21),
	(76,358,21),
	(77,359,21),
	(78,364,21),
	(79,368,21),
	(80,369,21),
	(81,370,21),
	(82,372,21),
	(83,383,21),
	(84,384,21),
	(85,393,21),
	(86,394,21),
	(87,399,21),
	(88,403,21),
	(89,404,21),
	(90,405,21),
	(91,407,21),
	(92,415,21),
	(93,416,21),
	(94,418,21),
	(95,419,21),
	(96,423,21),
	(97,424,21),
	(98,425,21),
	(99,426,21),
	(100,429,21),
	(101,432,21),
	(102,438,21),
	(103,439,21),
	(104,440,21),
	(105,441,21),
	(106,442,21),
	(107,443,21),
	(108,444,21),
	(109,446,21),
	(110,447,21),
	(111,448,21),
	(112,449,21),
	(113,450,21),
	(114,457,21),
	(115,458,21),
	(116,459,21),
	(117,461,21),
	(118,465,21),
	(119,468,21),
	(120,469,21),
	(121,470,21),
	(122,471,21),
	(123,472,21),
	(124,473,21),
	(125,474,21),
	(126,475,21),
	(127,476,21),
	(128,478,21),
	(129,479,21),
	(130,482,21),
	(131,484,21),
	(132,486,21),
	(133,492,21),
	(134,493,21),
	(136,496,21),
	(137,498,21),
	(138,499,21),
	(139,500,21),
	(140,501,21),
	(141,502,21),
	(142,503,21),
	(143,504,21),
	(144,505,21),
	(145,507,21),
	(146,528,21),
	(147,529,21),
	(148,530,21),
	(149,531,21),
	(150,532,21),
	(151,533,21),
	(152,534,21),
	(153,535,21),
	(154,536,21),
	(155,537,21),
	(156,538,21),
	(157,539,21),
	(158,540,21),
	(159,541,21),
	(160,542,21),
	(161,543,21),
	(162,544,21),
	(163,545,21),
	(164,546,21),
	(165,547,21),
	(166,548,21),
	(167,549,21),
	(168,550,21),
	(169,551,21),
	(170,552,21),
	(171,553,21),
	(172,554,21),
	(173,555,21),
	(174,556,21),
	(175,557,21),
	(176,558,21),
	(177,559,21),
	(178,560,21),
	(179,561,21),
	(180,562,21),
	(181,563,21),
	(182,564,21),
	(183,565,21),
	(184,566,21),
	(185,567,21),
	(186,568,21),
	(187,569,21),
	(188,570,21),
	(189,571,21),
	(190,572,21),
	(191,573,21),
	(192,574,21),
	(193,575,21),
	(194,576,21),
	(195,577,21),
	(196,578,21),
	(197,579,21),
	(198,580,21),
	(199,581,21),
	(200,582,21),
	(201,583,21),
	(202,584,21),
	(203,585,21),
	(204,586,21),
	(205,588,21),
	(206,593,21),
	(207,594,21),
	(208,595,21),
	(209,596,21),
	(210,597,21),
	(211,598,21),
	(212,599,21),
	(213,600,21),
	(214,601,21),
	(215,602,21),
	(216,607,21),
	(217,608,21),
	(218,609,21),
	(219,610,21),
	(220,611,21),
	(221,612,21),
	(222,613,21),
	(223,614,21),
	(224,615,21),
	(225,616,21),
	(226,617,21),
	(227,618,21),
	(228,619,21),
	(229,621,21),
	(230,622,21),
	(231,623,21),
	(232,624,21),
	(233,627,21),
	(234,630,21),
	(235,631,21),
	(236,632,21),
	(237,635,21),
	(238,637,21),
	(239,638,21),
	(240,639,21),
	(241,640,21),
	(242,641,21),
	(243,642,21),
	(244,643,21),
	(245,644,21),
	(246,645,21),
	(247,647,21),
	(248,648,21),
	(249,649,21),
	(250,652,21),
	(251,653,21),
	(252,655,21),
	(253,657,21),
	(254,660,21),
	(255,663,21),
	(256,665,21),
	(257,667,21),
	(258,668,21),
	(259,669,21),
	(260,675,21),
	(261,676,21),
	(262,677,21),
	(263,678,21),
	(264,681,21),
	(265,683,21),
	(266,684,21),
	(267,691,21),
	(268,692,21),
	(269,694,21),
	(270,695,21),
	(271,706,21),
	(272,707,21),
	(273,712,21),
	(274,714,21),
	(275,720,21),
	(276,721,21),
	(277,722,21),
	(278,723,21),
	(279,725,21),
	(280,733,21),
	(281,735,21),
	(282,737,21),
	(283,738,21),
	(284,739,21),
	(285,743,21),
	(286,744,21),
	(288,746,21),
	(289,748,21),
	(290,750,21),
	(291,752,21),
	(292,753,21),
	(293,754,21),
	(294,755,21),
	(295,757,21),
	(296,759,21),
	(297,760,21),
	(298,762,21),
	(299,764,21),
	(301,781,21),
	(302,782,21),
	(303,783,21),
	(304,784,21),
	(305,786,21),
	(306,787,21),
	(307,789,21),
	(308,790,21),
	(309,792,21),
	(310,795,21),
	(311,796,21),
	(312,797,21),
	(313,798,21),
	(314,799,21),
	(315,800,21),
	(316,801,21),
	(317,802,21),
	(318,803,21),
	(319,805,21),
	(321,807,21),
	(322,808,21),
	(323,809,21),
	(324,810,21),
	(325,811,21),
	(326,812,21),
	(327,813,21),
	(328,814,21),
	(329,829,21),
	(330,831,21),
	(331,832,21),
	(332,833,21),
	(333,834,21),
	(334,835,21),
	(335,836,21),
	(336,837,21),
	(337,838,21),
	(338,839,21),
	(339,840,21),
	(340,841,21),
	(341,842,21),
	(342,843,21),
	(343,844,21),
	(344,845,21),
	(345,848,21),
	(346,849,21),
	(347,855,21),
	(348,856,21),
	(349,857,21),
	(350,858,21),
	(351,859,21),
	(353,862,21),
	(354,864,21),
	(355,865,21),
	(356,867,21),
	(357,868,21),
	(358,869,21),
	(359,870,21),
	(360,871,21),
	(361,872,21),
	(362,873,21),
	(363,875,21),
	(364,876,21),
	(365,877,21),
	(366,881,21),
	(367,882,21),
	(368,895,21),
	(369,896,21),
	(370,897,21),
	(371,898,21),
	(372,899,21),
	(373,903,21),
	(374,907,21),
	(375,908,21),
	(376,909,21),
	(377,910,21),
	(378,911,21),
	(379,912,21),
	(380,913,21),
	(381,914,21),
	(382,915,21),
	(383,916,21),
	(384,917,21),
	(385,918,21),
	(386,919,21),
	(387,920,21),
	(388,921,21),
	(389,922,21),
	(390,923,21),
	(391,924,21),
	(392,925,21),
	(393,926,21),
	(394,927,21),
	(395,928,21),
	(396,929,21),
	(397,930,21),
	(398,931,21),
	(399,932,21),
	(400,933,21),
	(401,935,21),
	(402,936,21),
	(403,937,21),
	(404,938,21),
	(405,939,21),
	(406,940,21),
	(407,941,21),
	(408,942,21),
	(410,944,21),
	(411,945,21),
	(412,946,21),
	(413,947,21),
	(414,948,21),
	(415,949,21),
	(416,950,21),
	(417,951,21),
	(419,954,21),
	(420,955,21),
	(421,956,21),
	(422,957,21),
	(423,958,21),
	(424,959,21),
	(425,960,21),
	(426,961,21),
	(427,962,21),
	(438,860,21),
	(439,860,77),
	(440,860,121),
	(441,806,21),
	(442,806,23),
	(443,806,57),
	(444,806,127),
	(445,495,21),
	(446,495,23),
	(447,495,59),
	(448,745,21),
	(449,193,21),
	(450,193,115),
	(451,307,21),
	(452,307,33),
	(453,307,73),
	(454,301,21),
	(455,301,33),
	(456,301,73),
	(457,188,21),
	(458,188,77),
	(459,188,121),
	(460,778,21),
	(461,778,77),
	(462,778,121),
	(463,186,21),
	(467,279,21),
	(468,279,41),
	(469,279,111),
	(470,280,21),
	(471,280,41),
	(472,280,111),
	(475,953,21),
	(476,953,23),
	(477,953,113),
	(484,943,21),
	(485,943,23),
	(486,943,49),
	(487,943,135);

/*!40000 ALTER TABLE `dpge_product_tags` ENABLE KEYS */;
UNLOCK TABLES;


# Dump of table dpge_products
# ------------------------------------------------------------

DROP TABLE IF EXISTS `dpge_products`;

CREATE TABLE `dpge_products` (
  `product_id` int(11) NOT NULL AUTO_INCREMENT,
  `home_section_id` int(11) DEFAULT NULL COMMENT '	',
  `product_code` varchar(80) DEFAULT NULL,
  `registered_users_only` tinyint(1) DEFAULT '0',
  `active` tinyint(1) DEFAULT '0',
  `start_price` float(15,2) DEFAULT NULL,
  `end_price` float(15,2) DEFAULT NULL,
  `weight` float(15,2) DEFAULT NULL,
  `template_view_id` int(11) DEFAULT '0',
  `product_view_template` varchar(80) DEFAULT '0',
  `accompaying` tinyint(1) DEFAULT '0',
  PRIMARY KEY (`product_id`),
  UNIQUE KEY `product_id_UNIQUE` (`product_id`)
) ENGINE=InnoDB DEFAULT CHARSET=utf8 AVG_ROW_LENGTH=133;

LOCK TABLES `dpge_products` WRITE;
/*!40000 ALTER TABLE `dpge_products` DISABLE KEYS */;

INSERT INTO `dpge_products` (`product_id`, `home_section_id`, `product_code`, `registered_users_only`, `active`, `start_price`, `end_price`, `weight`, `template_view_id`, `product_view_template`, `accompaying`)
VALUES
	(92,0,'10.270.003',0,1,8.00,5.00,0.50,0,'0',0),
	(100,0,'10.270.013',0,1,8.00,5.00,0.50,0,'0',0),
	(103,0,'10.270.016',0,1,8.00,5.00,0.50,0,'0',0),
	(108,0,'10.270.021',0,1,8.00,3.00,0.50,0,'0',0),
	(110,0,'10.280.001',0,1,NULL,9.00,0.50,0,'0',0),
	(111,0,'10.280.002',0,1,NULL,9.00,0.50,0,'0',0),
	(112,0,'10.280.003',0,1,NULL,9.00,0.50,0,'0',0),
	(118,0,'10.020.007',0,1,22.00,10.00,0.28,0,'0',0),
	(120,0,'10.090.001',0,1,NULL,5.00,0.12,0,'0',0),
	(143,0,'10.660.001',0,1,NULL,7.00,0.10,0,'0',0),
	(153,0,'10.520.005',0,1,NULL,5.00,0.03,0,'0',0),
	(157,0,'10.960.001',0,1,NULL,4.00,0.03,0,'0',0),
	(158,0,'10.500.001',0,1,NULL,6.00,0.02,0,'0',0),
	(164,0,'10.450.001',0,1,NULL,16.00,0.07,0,'0',0),
	(166,0,'10.210.001',0,1,20.00,15.00,0.23,0,'0',0),
	(167,0,'10.430.001',0,1,NULL,5.00,0.21,0,'0',0),
	(172,0,'10.620.002',0,1,NULL,4.00,0.03,0,'0',0),
	(174,0,'10.350.001',0,1,18.00,13.20,0.90,0,'0',0),
	(182,0,'10.010.018',0,1,10.00,6.00,0.17,0,'0',0),
	(184,0,'10.010.014',0,1,17.00,10.00,0.21,0,'0',0),
	(185,0,'10.330.001',0,1,15.00,10.00,0.28,0,'0',0),
	(186,0,'10.320.001',0,1,0.00,6.50,0.12,0,'0',0),
	(188,0,'10.310.001',0,1,5.00,4.00,0.13,0,'0',0),
	(192,0,'10.280.004',0,1,NULL,9.00,0.50,0,'0',0),
	(193,0,'10.950.001',0,1,7.00,3.50,0.09,0,'0',0),
	(194,0,'10.380.000',0,1,NULL,5.50,0.18,0,'0',0),
	(196,0,'10.440.001',0,1,30.00,10.00,0.06,0,'0',0),
	(203,0,'10.010.024',0,1,15.00,9.00,0.12,0,'0',0),
	(204,0,'10.050.005',0,1,25.00,20.00,0.39,0,'0',0),
	(219,0,'10.570.003',0,1,18.00,6.00,0.21,0,'0',0),
	(222,0,'10.330.003',0,1,7.00,6.00,0.17,0,'0',0),
	(223,0,'10.430.002',0,1,NULL,5.00,0.21,0,'0',0),
	(224,0,'10.520.010',0,1,NULL,5.00,0.03,0,'0',0),
	(230,0,'10.450.005',0,1,NULL,5.00,0.07,0,'0',0),
	(231,0,'10.450.004',0,1,NULL,5.00,0.07,0,'0',0),
	(232,0,'10.450.006',0,1,NULL,5.00,0.07,0,'0',0),
	(234,0,'10.450.008',0,1,NULL,5.00,0.07,0,'0',0),
	(235,0,'10.450.009',0,1,NULL,5.00,0.07,0,'0',0),
	(236,0,'10.450.010',0,1,NULL,5.00,0.07,0,'0',0),
	(240,0,'10.590.001',0,1,60.00,40.00,0.05,0,'0',0),
	(242,0,'10.460.002',0,1,22.50,15.00,0.01,0,'0',0),
	(245,0,'10.520.012',0,1,NULL,3.00,0.03,0,'0',0),
	(246,0,'10.520.011',0,1,3.50,2.00,0.03,0,'0',0),
	(252,0,'10.330.004',0,1,30.00,24.00,1.08,0,'0',0),
	(254,0,'10.010.027',0,1,13.00,8.00,0.21,0,'0',0),
	(258,0,'10.570.004',0,1,18.00,6.00,0.40,0,'0',0),
	(259,0,'10.570.005',0,1,18.00,6.00,0.40,0,'0',0),
	(266,0,'10.050.006',0,1,NULL,20.00,0.29,0,'0',0),
	(268,0,'10.050.007',0,1,25.00,20.00,0.39,0,'0',0),
	(269,0,'10.460.005',0,1,3.50,2.00,0.01,0,'0',0),
	(270,0,'10.460.006',0,1,5.00,3.50,0.01,0,'0',0),
	(271,0,'10.460.007',0,1,5.00,3.50,0.01,0,'0',0),
	(272,0,'10.460.009',0,1,5.00,3.50,0.01,0,'0',0),
	(276,0,'10.460.004',0,1,5.00,3.50,0.01,0,'0',0),
	(279,0,'10.170.001',0,1,2.50,2.00,0.03,0,'0',0),
	(280,0,'10.170.002',0,1,2.50,2.00,0.03,0,'0',0),
	(281,0,'10.170.003',0,1,2.50,2.00,0.03,0,'0',0),
	(285,0,'10.460.008',0,1,5.00,3.50,0.01,0,'0',0),
	(287,0,'10.080.002',0,1,NULL,10.00,0.12,0,'0',0),
	(288,0,'10.400.001',0,1,9.00,5.00,0.20,0,'0',0),
	(289,0,'10.040.013',0,1,17.00,15.00,0.30,0,'0',0),
	(293,0,'10.040.012',0,1,17.00,15.00,0.30,0,'0',0),
	(295,0,'10.010.032',0,1,15.00,10.00,0.12,0,'0',0),
	(299,0,'10.990.001',0,1,7.90,7.00,0.12,0,'0',0),
	(300,0,'11.000.001',0,1,8.90,7.50,0.12,0,'0',0),
	(301,0,'10.950.002',0,1,8.50,7.00,0.06,0,'0',0),
	(304,0,'10.250.001',0,1,NULL,8.90,0.07,0,'0',0),
	(305,0,'10.240.001',0,1,NULL,9.90,0.18,0,'0',0),
	(307,0,'10.950.004',0,1,8.50,7.00,0.06,0,'0',0),
	(323,0,'21.010.001',0,1,30.00,21.00,0.18,0,'0',0),
	(324,0,'21.010.002',0,1,35.00,29.90,0.18,0,'0',0),
	(325,0,'20.020.008',0,1,24.00,18.00,0.12,0,'0',0),
	(326,0,'10.260.007',0,1,29.90,21.00,0.29,0,'0',0),
	(329,0,'20.130.000',0,1,45.00,15.00,0.23,0,'0',0),
	(336,0,'10.830.001',0,1,NULL,1.10,0.02,0,'0',0),
	(358,0,'10.040.011',0,1,16.00,12.00,0.41,0,'0',0),
	(359,0,'10.040.010',0,1,16.00,12.00,0.41,0,'0',0),
	(364,0,'20.130.016',0,1,45.00,15.00,0.23,0,'0',0),
	(368,0,'10.050.003',0,1,22.00,15.00,0.46,0,'0',0),
	(369,0,'10.050.002',0,1,18.00,13.00,0.28,0,'0',0),
	(370,0,'10.950.005',0,1,13.50,10.00,0.06,0,'0',0),
	(372,0,'10.200.007',0,1,18.00,13.00,0.23,0,'0',0),
	(383,0,'10.130.068',0,1,22.50,15.00,0.12,0,'0',0),
	(384,0,'10.130.067',0,1,22.50,15.00,0.12,0,'0',0),
	(393,0,'20.130.017',0,1,45.00,15.00,0.23,0,'0',0),
	(394,0,'10.010.034',0,1,13.00,9.00,0.21,0,'0',0),
	(399,0,'20.800.000',0,1,NULL,7.00,0.18,0,'0',0),
	(403,0,'20.600.000',0,1,NULL,21.00,0.32,0,'0',0),
	(404,0,'21.140.000',0,1,3.00,1.50,0.07,0,'0',0),
	(405,0,'21.150.000',0,1,NULL,3.00,0.08,0,'0',0),
	(407,0,'10.940.001',0,1,2.50,2.00,0.29,0,'0',0),
	(415,0,'10.010.044',0,1,15.00,9.00,0.21,0,'0',0),
	(416,0,'10.010.043',0,1,14.00,9.00,0.21,0,'0',0),
	(418,0,'10.240.003',0,1,NULL,19.90,0.18,0,'0',0),
	(419,0,'10.240.004',0,1,NULL,19.50,0.18,0,'0',0),
	(423,0,'10.260.012',0,1,29.90,21.00,0.71,0,'0',0),
	(424,0,'10.560.008',0,1,15.00,13.00,0.12,0,'0',0),
	(425,0,'10.560.009',0,1,5.00,4.50,0.02,0,'0',0),
	(426,0,'10.010.048',0,1,13.00,9.50,0.21,0,'0',0),
	(429,0,'10.010.045',0,1,16.00,11.00,0.12,0,'0',0),
	(432,0,'10.010.050',0,1,15.00,10.00,0.21,0,'0',0),
	(438,0,'10.010.051',0,1,18.00,9.00,0.21,0,'0',0),
	(439,0,'10.010.052',0,1,18.00,9.00,0.21,0,'0',0),
	(440,0,'10.010.053',0,1,18.00,9.00,0.21,0,'0',0),
	(441,0,'10.010.054',0,1,18.00,9.00,0.21,0,'0',0),
	(442,0,'10.010.056',0,1,18.00,12.00,0.12,0,'0',0),
	(443,0,'11.070.000',0,1,NULL,6.00,0.13,0,'0',0),
	(444,0,'10.010.055',0,1,18.00,10.00,0.21,0,'0',0),
	(446,0,'10.280.005',0,1,NULL,9.00,0.50,0,'0',0),
	(447,0,'20.780.002',0,1,NULL,10.00,0.65,0,'0',0),
	(448,0,'10.700.009',0,1,10.00,6.00,0.44,0,'0',0),
	(449,0,'10.700.010',0,1,NULL,5.00,0.44,0,'0',0),
	(450,0,'11.180.000',0,1,NULL,1.60,0.10,0,'0',0),
	(457,0,'11.190.001',0,1,12.00,10.90,0.14,0,'0',0),
	(458,0,'10.010.062',0,1,13.00,9.00,0.21,0,'0',0),
	(459,0,'10.010.063',0,1,13.00,9.00,0.21,0,'0',0),
	(461,0,'10.110.012',0,1,15.00,10.00,0.23,0,'0',0),
	(465,0,'10.130.298',0,1,35.00,15.00,0.17,0,'0',0),
	(468,0,'11.190.000',0,1,NULL,8.00,0.06,0,'0',0),
	(469,0,'10.130.235',0,1,35.00,15.00,0.17,0,'0',0),
	(470,0,'10.130.236',0,1,35.00,15.00,0.17,0,'0',0),
	(471,0,'10.130.237',0,1,30.00,15.00,0.14,0,'0',0),
	(472,0,'10.130.238',0,1,30.00,15.00,0.14,0,'0',0),
	(473,0,'10.130.304',0,1,35.00,15.00,0.17,0,'0',0),
	(474,0,'10.130.305',0,1,30.00,15.00,0.14,0,'0',0),
	(475,0,'10.010.066',0,1,15.00,7.00,0.21,0,'0',0),
	(476,0,'10.110.018',0,1,NULL,8.00,0.12,0,'0',0),
	(478,0,'10.110.020',0,1,NULL,8.00,0.12,0,'0',0),
	(479,0,'10.110.015',0,1,NULL,8.00,0.12,0,'0',0),
	(482,0,'10.110.017',0,1,NULL,8.00,0.12,0,'0',0),
	(484,0,'10.020.048',0,1,35.00,10.00,0.29,0,'0',0),
	(486,0,'10.080.018',0,1,25.00,15.00,0.23,0,'0',0),
	(492,0,'10.460.011',0,1,20.00,15.00,0.18,0,'0',0),
	(493,0,'10.460.010',0,1,5.00,3.50,0.01,0,'0',0),
	(495,0,'10.190.005',0,1,25.00,10.00,0.21,0,'0',0),
	(496,0,'10.080.019',0,1,25.00,15.00,0.23,0,'0',0),
	(498,0,'10.030.011',0,1,120.00,35.00,0.86,0,'0',0),
	(499,0,'10.030.007',0,1,80.00,35.00,1.15,0,'0',0),
	(500,0,'11.240.001',0,1,25.00,10.00,0.80,0,'0',0),
	(501,0,'11.030.001',0,1,8.50,7.50,0.09,0,'0',0),
	(502,0,'10.960.003',0,1,NULL,5.00,0.07,0,'0',0),
	(503,0,'10.680.003',0,1,NULL,6.50,0.05,0,'0',0),
	(504,0,'10.330.009',0,1,5.00,3.50,0.07,0,'0',0),
	(505,0,'10.330.010',0,1,6.00,4.50,0.12,0,'0',0),
	(507,0,'10.260.013',0,1,29.90,21.00,0.29,0,'0',0),
	(528,0,'χχχχ',0,1,NULL,0.00,0.00,0,'0',1),
	(529,0,'χχχχ',0,1,NULL,0.00,0.00,0,'0',1),
	(530,0,'χχχχ',0,1,NULL,0.00,0.00,0,'0',1),
	(531,0,'χχχχ',0,1,NULL,0.00,0.00,0,'0',1),
	(532,0,'χχχχ',0,1,NULL,0.00,0.00,0,'0',1),
	(533,0,'χχχχ',0,1,NULL,0.00,0.00,0,'0',1),
	(534,0,'χχχχ',0,1,NULL,0.00,0.00,0,'0',1),
	(535,0,'χχχχ',0,1,NULL,0.00,0.00,0,'0',1),
	(536,0,'χχχχ',0,1,NULL,0.00,0.00,0,'0',1),
	(537,0,'χχχχ',0,1,NULL,0.00,0.00,0,'0',1),
	(538,0,'χχχχ',0,1,NULL,0.00,0.00,0,'0',1),
	(539,0,'χχχχ',0,1,NULL,0.00,0.00,0,'0',1),
	(540,0,'χχχχ',0,1,NULL,0.00,0.00,0,'0',1),
	(541,0,'χχχχ',0,1,NULL,0.00,0.00,0,'0',1),
	(542,0,'χχχχ',0,1,NULL,0.00,0.00,0,'0',1),
	(543,0,'χχχχ',0,1,NULL,0.00,0.00,0,'0',1),
	(544,0,'χχχχ',0,1,NULL,0.00,0.00,0,'0',1),
	(545,0,'χχχχ',0,1,NULL,0.00,0.00,0,'0',1),
	(546,0,'χχχχ',0,1,NULL,0.00,0.00,0,'0',1),
	(547,0,'χχχχ',0,1,NULL,0.00,0.00,0,'0',1),
	(548,0,'χχχχ',0,1,NULL,0.00,0.00,0,'0',1),
	(549,0,'χχχχ',0,1,NULL,0.00,0.00,0,'0',1),
	(550,0,'χχχχ',0,1,NULL,0.00,0.00,0,'0',1),
	(551,0,'χχχχ',0,1,NULL,0.00,0.00,0,'0',1),
	(552,0,'χχχχ',0,1,NULL,0.00,0.00,0,'0',1),
	(553,0,'χχχχ',0,1,NULL,0.00,0.00,0,'0',1),
	(554,0,'χχχχ',0,1,NULL,0.00,0.00,0,'0',1),
	(555,0,'χχχχ',0,1,NULL,0.00,0.00,0,'0',1),
	(556,0,'χχχχ',0,1,NULL,0.00,0.00,0,'0',1),
	(557,0,'χχχχ',0,1,NULL,0.00,0.00,0,'0',1),
	(558,0,'χχχχ',0,1,NULL,0.00,0.00,0,'0',1),
	(559,0,'χχχχ',0,1,NULL,0.00,0.00,0,'0',1),
	(560,0,'χχχχ',0,1,NULL,0.00,0.00,0,'0',1),
	(561,0,'χχχχ',0,1,NULL,0.00,0.00,0,'0',1),
	(562,0,'χχχχ',0,1,NULL,0.00,0.00,0,'0',1),
	(563,0,'χχχχ',0,1,NULL,0.00,0.00,0,'0',1),
	(564,0,'χχχχ',0,1,NULL,0.00,0.00,0,'0',1),
	(565,0,'χχχχ',0,1,NULL,0.00,0.00,0,'0',1),
	(566,0,'χχχχ',0,1,NULL,0.00,0.00,0,'0',1),
	(567,0,'χχχχ',0,1,NULL,0.00,0.00,0,'0',1),
	(568,0,'χχχχ',0,1,NULL,0.00,0.00,0,'0',1),
	(569,0,'χχχχ',0,1,NULL,0.00,0.00,0,'0',1),
	(570,0,'χχχχ',0,1,NULL,0.00,0.00,0,'0',1),
	(571,0,'χχχχ',0,1,NULL,0.00,0.00,0,'0',1),
	(572,0,'χχχχ',0,1,NULL,0.00,0.00,0,'0',1),
	(573,0,'χχχχ',0,1,NULL,0.00,0.00,0,'0',1),
	(574,0,'χχχχ',0,1,NULL,0.00,0.00,0,'0',1),
	(575,0,'χχχχ',0,1,NULL,0.00,0.00,0,'0',1),
	(576,0,'χχχχ',0,1,NULL,0.00,0.00,0,'0',1),
	(577,0,'χχχχ',0,1,NULL,0.00,0.00,0,'0',1),
	(578,0,'χχχχ',0,1,NULL,0.00,0.00,0,'0',1),
	(579,0,'χχχχ',0,1,NULL,0.00,0.00,0,'0',1),
	(580,0,'χχχχ',0,1,NULL,0.00,0.00,0,'0',1),
	(581,0,'χχχχ',0,1,NULL,0.00,0.00,0,'0',1),
	(582,0,'χχχχ',0,1,NULL,0.00,0.00,0,'0',1),
	(583,0,'χχχχ',0,1,NULL,0.00,0.00,0,'0',1),
	(584,0,'χχχχ',0,1,NULL,0.00,0.00,0,'0',1),
	(585,0,'χχχχ',0,1,NULL,0.00,0.00,0,'0',1),
	(586,0,'χχχχ',0,1,NULL,0.00,0.00,0,'0',1),
	(588,0,'10.050.017',0,1,35.00,30.00,0.71,0,'0',0),
	(593,0,'10.200.009',0,1,NULL,20.00,0.46,0,'0',0),
	(594,0,'10.570.006',0,1,7.50,5.50,0.12,0,'0',0),
	(595,0,'10.570.007',0,1,7.50,5.50,0.12,0,'0',0),
	(596,0,'10.570.008',0,1,NULL,7.50,0.12,0,'0',0),
	(597,0,'10.570.009',0,1,NULL,15.00,0.23,0,'0',0),
	(598,0,'10.330.011',0,1,6.00,4.50,0.09,0,'0',0),
	(599,0,'11.180.001',0,1,6.50,5.00,0.10,0,'0',0),
	(600,0,'11.230.000',0,1,4.50,2.00,0.03,0,'0',0),
	(601,0,'11.230.001',0,1,6.00,3.00,0.05,0,'0',0),
	(602,0,'11.240.000',0,1,5.00,4.00,0.05,0,'0',0),
	(607,0,'10.020.046',0,1,26.00,25.00,0.37,0,'0',0),
	(608,0,'10.020.045',0,1,NULL,20.00,0.24,0,'0',0),
	(609,0,'10.030.008',0,1,40.00,30.00,0.46,0,'0',0),
	(610,0,'10.030.010',0,1,40.00,28.00,0.46,0,'0',0),
	(611,0,'10.050.014',0,1,23.00,21.00,0.44,0,'0',0),
	(612,0,'10.030.012',0,1,50.00,36.00,0.74,0,'0',0),
	(613,0,'10.040.014',0,1,24.00,18.00,0.29,0,'0',0),
	(614,0,'10.040.015',0,1,14.50,12.00,0.12,0,'0',0),
	(615,0,'10.080.014',0,1,30.00,15.00,0.23,0,'0',0),
	(616,0,'10.080.015',0,1,30.00,15.00,0.23,0,'0',0),
	(617,0,'10.070.017',0,1,31.00,25.00,0.32,0,'0',0),
	(618,0,'10.070.014',0,1,21.00,19.00,0.25,0,'0',0),
	(619,0,'10.070.015',0,1,25.00,20.00,0.28,0,'0',0),
	(621,0,'10.260.014',0,1,35.40,23.00,0.46,0,'0',0),
	(622,0,'10.260.015',0,1,39.50,25.00,0.71,0,'0',0),
	(623,0,'10.050.018',0,1,30.00,28.00,0.34,0,'0',0),
	(624,0,'10.450.011',0,1,23.00,16.00,0.09,0,'0',0),
	(627,0,'10.520.017',0,1,NULL,4.00,0.02,0,'0',0),
	(630,0,'10.560.012',0,1,12.00,9.00,0.04,0,'0',0),
	(631,0,'10.560.013',0,1,6.00,4.50,0.12,0,'0',0),
	(632,0,'10.560.014',0,1,4.00,2.50,0.02,0,'0',0),
	(635,0,'10.390.006',0,1,4.00,3.50,0.05,0,'0',0),
	(637,0,'10.770.001',0,1,36.00,25.90,0.98,0,'0',0),
	(638,0,'10.770.002',0,1,99.00,66.90,5.17,0,'0',0),
	(639,0,'10.980.004',0,1,NULL,1.50,0.01,0,'0',0),
	(640,0,'10.980.005',0,1,NULL,1.50,0.01,0,'0',0),
	(641,0,'11.250.000',0,1,3.00,2.00,0.03,0,'0',0),
	(642,0,'11.250.001',0,1,3.00,2.00,0.03,0,'0',0),
	(643,0,'11.250.002',0,1,NULL,1.00,0.02,0,'0',0),
	(644,0,'11.250.003',0,1,9.00,7.50,0.40,0,'0',0),
	(645,0,'11.250.004',0,1,6.50,5.50,0.28,0,'0',0),
	(647,0,'11.270.000',0,1,NULL,3.50,0.02,0,'0',0),
	(648,0,'10.060.004',0,1,NULL,18.00,0.25,0,'0',0),
	(649,0,'10.060.005',0,1,NULL,28.00,0.46,0,'0',0),
	(652,0,'10.080.016',0,1,25.00,15.00,0.17,0,'0',0),
	(653,0,'10.080.017',0,1,25.00,15.00,0.17,0,'0',0),
	(655,0,'10.090.013',0,1,7.00,6.00,0.12,0,'0',0),
	(657,0,'10.090.015',0,1,8.00,6.00,0.12,0,'0',0),
	(660,0,'10.090.018',0,1,10.00,8.00,0.12,0,'0',0),
	(663,0,'10.100.006',0,1,8.00,4.00,0.09,0,'0',0),
	(665,0,'10.100.008',0,1,NULL,8.00,0.09,0,'0',0),
	(667,0,'10.100.010',0,1,10.00,4.00,0.09,0,'0',0),
	(668,0,'10.120.000',0,1,NULL,4.00,0.09,0,'0',0),
	(669,0,'10.120.001',0,1,NULL,4.00,0.09,0,'0',0),
	(675,0,'10.260.008',0,1,35.40,25.00,0.52,0,'0',0),
	(676,0,'10.260.009',0,1,39.50,28.00,0.71,0,'0',0),
	(677,0,'10.200.010',0,1,NULL,16.00,0.12,0,'0',0),
	(678,0,'10.200.011',0,1,NULL,13.50,0.06,0,'0',0),
	(681,0,'χχχχ',0,1,NULL,0.00,0.00,0,'0',1),
	(683,0,'10.010.070',0,1,13.00,6.00,0.12,0,'0',0),
	(684,0,'20.130.024',0,1,45.00,15.00,0.29,0,'0',0),
	(691,0,'10.620.001',0,1,NULL,4.00,0.03,0,'0',0),
	(692,0,'10.930.000',0,1,NULL,14.50,0.90,0,'0',0),
	(694,0,'10.660.003',0,1,18.00,10.00,0.34,0,'0',0),
	(695,0,'10.840.000',0,1,30.00,25.00,0.07,0,'0',0),
	(706,0,'11.080.005',0,1,8.50,7.00,0.01,0,'0',0),
	(707,0,'11.080.006',0,1,8.50,7.00,0.01,0,'0',0),
	(712,0,'10.010.072',0,1,8.00,6.50,0.12,0,'0',0),
	(714,0,'20.130.027',0,1,50.00,25.00,0.29,0,'0',0),
	(720,0,'10.700.012',0,1,NULL,3.00,0.25,0,'0',0),
	(721,0,'10.700.013',0,1,NULL,4.50,0.37,0,'0',0),
	(722,0,'10.720.003',0,1,NULL,1.10,0.12,0,'0',0),
	(723,0,'11.180.002',0,1,NULL,3.00,0.10,0,'0',0),
	(725,0,'10.330.027',0,1,NULL,19.90,0.69,0,'0',0),
	(733,0,'10.330.028',0,1,29.90,24.90,1.73,0,'0',0),
	(735,0,'11.030.002',0,1,NULL,4.90,0.12,0,'0',0),
	(737,0,'10.680.004',0,1,NULL,2.50,0.07,0,'0',0),
	(738,0,'10.680.005',0,1,NULL,11.00,0.12,0,'0',0),
	(739,0,'10.500.004',0,1,65.00,52.00,0.34,0,'0',0),
	(743,0,'10.660.007',0,1,189.00,94.50,1.15,0,'0',0),
	(744,0,'10.660.006',0,1,189.00,94.50,1.15,0,'0',0),
	(745,0,'10.660.004',0,1,129.00,64.50,1.15,0,'0',0),
	(746,0,'10.660.005',0,1,129.00,64.50,1.15,0,'0',0),
	(748,0,'10.800.000',0,1,7.00,5.90,0.70,0,'0',0),
	(750,0,'11.250.010',0,1,6.00,4.50,0.80,0,'0',0),
	(752,0,'10.130.306',0,1,40.00,20.00,0.29,0,'0',0),
	(753,0,'10.130.307',0,1,40.00,20.00,0.29,0,'0',0),
	(754,0,'10.130.308',0,1,40.00,20.00,0.29,0,'0',0),
	(755,0,'10.130.309',0,1,30.00,20.00,0.14,0,'0',0),
	(757,0,'10.130.311',0,1,40.00,20.00,0.12,0,'0',0),
	(759,0,'10.080.020',0,1,35.00,15.00,0.29,0,'0',0),
	(760,0,'10.080.021',0,1,35.00,15.00,0.29,0,'0',0),
	(762,0,'10.080.025',0,1,25.90,22.00,0.23,0,'0',0),
	(764,0,'10.060.006',0,1,74.90,54.90,0.23,0,'0',0),
	(778,0,'11.190.004',0,1,47.00,27.00,0.80,0,'0',0),
	(781,0,'20.130.029',0,1,50.00,25.00,0.29,0,'0',0),
	(782,0,'20.060.000',0,1,85.00,50.00,0.56,0,'0',0),
	(783,0,'10.660.008',0,1,125.00,62.50,1.15,0,'0',0),
	(784,0,'10.660.009',0,1,125.00,62.50,1.15,0,'0',0),
	(786,0,'10.780.006',0,1,NULL,5.50,0.60,0,'0',0),
	(787,0,'11.250.011',0,1,24.00,20.00,1.15,0,'0',0),
	(789,0,'10.500.006',0,1,12.50,11.00,0.07,0,'0',0),
	(790,0,'11.250.014',0,1,NULL,9.90,1.15,0,'0',0),
	(792,0,'10.780.005',0,1,NULL,11.00,1.30,0,'0',0),
	(795,0,'10.010.077',0,1,NULL,15.00,0.21,0,'0',0),
	(796,0,'10.010.076',0,1,NULL,14.00,0.17,0,'0',0),
	(797,0,'10.010.078',0,1,13.00,9.00,0.21,0,'0',0),
	(798,0,'10.130.316',0,1,69.00,50.00,0.29,0,'0',0),
	(799,0,'10.130.317',0,1,69.00,50.00,0.29,0,'0',0),
	(800,0,'10.130.318',0,1,34.90,29.00,0.29,0,'0',0),
	(801,0,'10.130.319',0,1,34.90,29.00,0.29,0,'0',0),
	(802,0,'10.080.022',0,1,34.90,29.00,0.23,0,'0',0),
	(803,0,'10.080.023',0,1,34.90,29.00,0.23,0,'0',0),
	(805,0,'10.020.049',0,1,44.90,29.90,0.23,0,'0',0),
	(806,0,'10.190.007',0,1,25.90,22.00,0.21,0,'0',0),
	(807,0,'10.040.017',0,1,44.90,35.00,0.29,0,'0',0),
	(808,0,'10.040.018',0,1,64.90,45.00,0.29,0,'0',0),
	(809,0,'10.040.019',0,1,45.00,35.00,0.29,0,'0',0),
	(810,0,'10.050.019',0,1,49.90,38.00,0.32,0,'0',0),
	(811,0,'10.050.020',0,1,69.90,49.00,0.29,0,'0',0),
	(812,0,'10.070.020',0,1,46.90,35.00,0.34,0,'0',0),
	(813,0,'10.010.079',0,1,22.90,17.90,0.21,0,'0',0),
	(814,0,'10.010.080',0,1,22.90,17.90,0.21,0,'0',0),
	(829,0,'10.520.023',0,1,NULL,8.00,0.06,0,'0',0),
	(831,0,'10.010.083',0,1,NULL,15.00,0.21,0,'0',0),
	(832,0,'10.010.087',0,1,12.00,10.00,0.17,0,'0',0),
	(833,0,'10.510.003',0,1,7.00,6.00,0.06,0,'0',0),
	(834,0,'21.250.000',0,1,2.00,1.80,0.06,0,'0',0),
	(835,0,'11.250.015',0,1,NULL,7.00,0.14,0,'0',0),
	(836,0,'10.090.021',0,1,NULL,11.00,0.12,0,'0',0),
	(837,0,'10.090.022',0,1,NULL,12.00,0.12,0,'0',0),
	(838,0,'10.010.081',0,1,NULL,15.00,0.21,0,'0',0),
	(839,0,'10.390.007',0,1,NULL,7.00,0.05,0,'0',0),
	(840,0,'10.010.089',0,1,NULL,15.00,0.14,0,'0',0),
	(841,0,'10.010.088',0,1,14.00,10.00,0.14,0,'0',0),
	(842,0,'10.110.023',0,1,NULL,13.00,0.09,0,'0',0),
	(843,0,'10.010.082',0,1,NULL,14.00,0.12,0,'0',0),
	(844,0,'10.500.007',0,1,11.00,10.00,0.06,0,'0',0),
	(845,0,'10.290.004',0,1,49.00,44.50,0.60,0,'0',0),
	(848,0,'20.130.034',0,1,50.00,30.00,0.23,0,'0',0),
	(849,0,'20.130.033',0,1,65.00,35.00,0.23,0,'0',0),
	(855,0,'10.110.024',0,1,NULL,9.50,0.12,0,'0',0),
	(856,0,'10.280.006',0,1,NULL,9.00,0.50,0,'0',0),
	(857,0,'11.080.015',0,1,NULL,8.00,0.12,0,'0',0),
	(858,0,'10.110.025',0,1,NULL,9.50,0.17,0,'0',0),
	(859,0,'10.010.090',0,1,15.00,9.00,0.17,0,'0',0),
	(860,0,'11.190.005',0,1,10.00,8.00,0.23,0,'0',0),
	(862,0,'60.000.000',0,1,45.00,35.00,1.38,0,'0',0),
	(864,0,'10.460.014',0,1,NULL,3.00,0.02,0,'0',0),
	(865,0,'10.520.024',0,1,NULL,5.50,0.06,0,'0',0),
	(867,0,'10.520.026',0,1,NULL,5.00,0.06,0,'0',0),
	(868,0,'10.580.012',0,1,NULL,3.00,0.06,0,'0',0),
	(869,0,'10.520.027',0,1,NULL,6.00,0.06,0,'0',0),
	(870,0,'10.580.013',0,1,NULL,3.00,0.06,0,'0',0),
	(871,0,'10.580.014',0,1,NULL,3.00,0.06,0,'0',0),
	(872,0,'11.250.016',0,1,NULL,4.00,0.06,0,'0',0),
	(873,0,'10.110.026',0,1,NULL,9.50,0.06,0,'0',0),
	(875,0,'10.230.007',0,1,NULL,18.00,0.17,0,'0',0),
	(876,0,'10.240.006',0,1,NULL,19.90,0.17,0,'0',0),
	(877,0,'10.230.008',0,1,NULL,19.90,0.17,0,'0',0),
	(881,0,'1.013.0318 B',0,1,34.90,29.00,0.29,0,'0',0),
	(882,0,'1.013.0319 B',0,1,34.90,29.00,0.29,0,'0',0),
	(895,0,'BK115',0,1,NULL,29.50,0.12,0,'0',0),
	(896,0,'BK116',0,1,NULL,29.50,0.12,0,'0',0),
	(897,0,'BK122',0,1,NULL,21.90,0.12,0,'0',0),
	(898,0,'BK123',0,1,NULL,29.50,0.12,0,'0',0),
	(899,0,'10.450.016',0,1,NULL,21.90,0.12,0,'0',0),
	(903,0,'10.470.029',0,1,8.50,7.00,0.16,0,'0',0),
	(907,0,'10.000.002',0,1,NULL,0.00,0.00,0,'0',1),
	(908,0,'10.000.003',0,1,NULL,0.00,0.00,0,'0',1),
	(909,0,'10.000.004',0,1,NULL,0.00,0.00,0,'0',1),
	(910,0,'10.000.005',0,1,NULL,0.00,0.00,0,'0',1),
	(911,0,'10.000.006',0,1,NULL,0.00,0.00,0,'0',1),
	(912,0,'10.000.007',0,1,NULL,0.00,0.00,0,'0',1),
	(913,0,'10.890.000',0,1,NULL,9.90,0.12,0,'0',0),
	(914,0,'10.000.008',0,1,NULL,0.00,0.00,0,'0',1),
	(915,0,'10.000.009',0,1,NULL,0.00,0.00,0,'0',1),
	(916,0,'10.000.010',0,1,NULL,0.00,0.00,0,'0',1),
	(917,0,'10.000.011',0,1,NULL,0.00,0.00,0,'0',1),
	(918,0,'10.000.012',0,1,NULL,0.00,0.00,0,'0',1),
	(919,0,'10.000.013',0,1,NULL,0.00,0.00,0,'0',1),
	(920,0,'10.920.000',0,1,NULL,6.90,0.12,0,'0',0),
	(921,0,'10.000.014',0,1,NULL,0.00,0.00,0,'0',1),
	(922,0,'10.000.015',0,1,NULL,0.00,0.00,0,'0',1),
	(923,0,'10.000.016',0,1,NULL,0.00,0.00,0,'0',1),
	(924,0,'10.000.017',0,1,NULL,0.00,0.00,0,'0',1),
	(925,0,'10.000.018',0,1,NULL,0.00,0.00,0,'0',1),
	(926,0,'10.230.010',0,1,NULL,21.90,0.17,0,'0',0),
	(927,0,'10.920.002',0,1,NULL,6.90,0.12,0,'0',0),
	(928,0,'10.000.019',0,1,NULL,0.00,0.00,0,'0',1),
	(929,0,'10.920.001',0,1,NULL,6.90,0.12,0,'0',0),
	(930,0,'10.780.007',0,1,NULL,10.90,0.55,0,'0',0),
	(931,0,'10.230.009',0,1,NULL,19.90,0.15,0,'0',0),
	(932,0,'10.660.016',0,1,NULL,17.50,0.50,0,'0',0),
	(933,0,'10.660.013',0,1,NULL,8.50,0.30,0,'0',0),
	(935,0,'10.580.016',0,1,10.50,8.50,0.15,0,'0',0),
	(936,0,'11.250.026',0,1,10.50,9.00,0.50,0,'0',0),
	(937,0,'11.250.023',0,1,8.90,7.90,0.45,0,'0',0),
	(938,0,'11.160.294',0,1,NULL,0.00,0.00,0,'0',1),
	(939,0,'11.160.293',0,1,NULL,0.00,0.00,0,'0',1),
	(940,0,'10.130.228',0,1,14.50,10.00,0.15,0,'0',0),
	(941,0,'10.130.030',0,1,15.00,10.00,0.15,0,'0',0),
	(942,0,'10.130.070',0,1,22.50,15.00,0.15,0,'0',0),
	(943,2,'10.130.325',0,1,69.90,50.00,0.15,0,'0',0),
	(944,0,'10.130.326',0,1,69.90,50.00,0.15,0,'0',0),
	(945,0,'10.130.327',0,1,69.90,50.00,0.15,0,'0',0),
	(946,0,'10.010.091',0,1,NULL,14.90,0.15,0,'0',0),
	(947,0,'10.000.020',0,1,NULL,11.90,0.15,0,'0',0),
	(948,0,'10.130.116',0,1,15.00,10.00,0.15,0,'0',0),
	(949,0,'10.780.008',0,1,NULL,6.50,0.55,0,'0',0),
	(950,0,'10.110.027',0,1,NULL,11.50,0.20,0,'0',0),
	(951,0,'10.560.015',0,1,NULL,10.00,0.08,0,'0',0),
	(953,0,'11.160.295',0,1,NULL,4.00,0.00,0,'0',1),
	(954,0,'10.250.004',0,1,NULL,19.90,0.20,0,'0',0),
	(955,0,'11.250.042',0,1,NULL,29.90,0.50,0,'0',0),
	(956,0,'1.063.0007B',0,1,NULL,35.90,0.30,0,'0',0),
	(957,0,'1.067.0004Β',0,1,NULL,35.90,0.50,0,'0',0),
	(958,0,'10.240.007',0,1,NULL,21.90,0.20,0,'0',0),
	(959,0,'10.240.008',0,1,NULL,21.90,0.20,0,'0',0),
	(960,0,'10.820.004',0,1,NULL,4.90,0.10,0,'0',0),
	(961,0,'10.530.003',0,1,NULL,35.90,0.50,0,'0',0),
	(962,0,'10.010.093',0,1,NULL,15.00,0.20,0,'0',0);

/*!40000 ALTER TABLE `dpge_products` ENABLE KEYS */;
UNLOCK TABLES;


# Dump of table dpge_products_multilang
# ------------------------------------------------------------

DROP TABLE IF EXISTS `dpge_products_multilang`;

CREATE TABLE `dpge_products_multilang` (
  `product_multilang_id` int(11) NOT NULL AUTO_INCREMENT,
  `product_id` int(11) NOT NULL,
  `la` int(11) NOT NULL,
  `name` varchar(245) DEFAULT NULL,
  `prd_description` text,
  `prd_content` text,
  `keywords` text,
  `main_photo` varchar(245) DEFAULT NULL,
  `friendly_url` varchar(245) DEFAULT NULL,
  PRIMARY KEY (`product_multilang_id`),
  UNIQUE KEY `product_multilang_id_UNIQUE` (`product_multilang_id`),
  KEY `fk_product_id` (`product_id`),
  CONSTRAINT `fk_product_id` FOREIGN KEY (`product_id`) REFERENCES `dpge_products` (`product_id`) ON DELETE CASCADE ON UPDATE NO ACTION
) ENGINE=InnoDB DEFAULT CHARSET=utf8;

LOCK TABLES `dpge_products_multilang` WRITE;
/*!40000 ALTER TABLE `dpge_products_multilang` DISABLE KEYS */;

INSERT INTO `dpge_products_multilang` (`product_multilang_id`, `product_id`, `la`, `name`, `prd_description`, `prd_content`, `keywords`, `main_photo`, `friendly_url`)
VALUES
	(39,92,1,'ΚΟΥΚΛΑΚΙ VRANKOVIC','ΚΟΥΚΛΑΚΙ&nbsp;\"Stojan Vrankovic\"','ΚΟΥΚΛΑΚΙ&nbsp;\"Stojan Vrankovic\"','','','KOΥKLAKΙ-VRANKOVIC'),
	(47,100,1,'ΚΟΥΚΛΑΚΙ REBRACA','ΚΟΥΚΛΑΚΙ&nbsp;\"Zeljko Rebraca\"','ΚΟΥΚΛΑΚΙ&nbsp;\"Zeljko Rebraca\"','','','KOΥKLAKΙ-REBRACA'),
	(50,103,1,'ΚΟΥΚΛΑΚΙ SCOTT','ΚΟΥΚΛΑΚΙ&nbsp;\"Byron Scott\"','ΚΟΥΚΛΑΚΙ&nbsp;\"Byron Scott\"','','','KOΥKLAKΙ-SCOTT'),
	(55,108,1,'ΚΟΥΚΛΑΚΙ KUTLUAY','ΚΟΥΚΛΑΚΙ&nbsp;\"Ibrahem Kutluay\"','ΚΟΥΚΛΑΚΙ&nbsp;\"Ibrahem Kutluay\"','','','KOΥKLAKΙ-KUTLUAI'),
	(57,110,1,'ΕΥΡΩΠΑΪΚΟ ΚΥΠΕΛΛΟ  ΜΠΟΛΟΝΙΑ 2002','ΕΥΡΩΠΑΪΚΟ ΚΥΠΕΛΛΟ&nbsp; ΜΠΟΛΟΝΙΑ 2002','ΕΥΡΩΠΑΪΚΟ ΚΥΠΕΛΛΟ&nbsp; ΜΠΟΛΟΝΙΑ 2002','','','EΥRΩPAΪKO-KΥPELLO-MPOLOΝΙA-2002'),
	(58,111,1,'ΕΥΡΩΠΑΪΚΟ ΚΥΠΕΛΛΟ ΠΑΡΙΣΙ 1996','<span style=\"background-color: #dee0e5;\">ΕΥΡΩΠΑΪΚΟ ΚΥΠΕΛΛΟ ΠΑΡΙΣΙ 1996</span>','<span style=\"background-color: #dee0e5;\">ΕΥΡΩΠΑΪΚΟ ΚΥΠΕΛΛΟ ΠΑΡΙΣΙ 1996</span>','','','EΥRΩPAΪKO-KΥPELLO-PARΙSΙ-1996'),
	(59,112,1,'ΕΥΡΩΠΑΪΚΟ ΚΥΠΕΛΛΟ ΘΕΣΣΑΛΟΝΙΚΗ 2000','ΕΥΡΩΠΑΪΚΟ ΚΥΠΕΛΛΟ ΘΕΣΣΑΛΟΝΙΚΗ 2000','ΕΥΡΩΠΑΪΚΟ ΚΥΠΕΛΛΟ ΘΕΣΣΑΛΟΝΙΚΗ 2000','','','EΥRΩPAΪKO-KΥPELLO-TIESSALOΝΙKΗ-2000'),
	(65,118,1,'POLO ΤΡΙΦΥΛΛΙ (ΛΕΥΚΟ)','Λευκό polo με τριφύλλι','Λευκό polo με τριφύλλι','','','POLO-TRΙFΥLLΙ-LEΥKO'),
	(67,120,1,'ΚΑΠΕΛΟ','Καπέλο πράσινο με το τριφύλλι','Καπέλο πράσινο με το τριφύλλι','','','KAPELO'),
	(87,143,1,'ΡΟΛΟΪ \"BASKET BALL\"','ΡΟΛΟΪ \"BASKET BALL\" LIMITED EDITION<br />  Επιτραπέζιο ηλεκτρονικό ρολόϊ','ΡΟΛΟΪ \"BASKET BALL\" LIMITED EDITION<br />  Επιτραπέζιο ηλεκτρονικό ρολόϊ','','','ROLOΪ-BASKET-BALL-'),
	(95,153,1,'ΜΠΡΕΛΟΚ \"ΠΑΝΑΘΗΝΑΪΚΟΣ 1908\"','ΜΠΡΕΛΟΚ \"ΠΑΝΑΘΗΝΑΪΚΟΣ 1908\"','ΜΠΡΕΛΟΚ \"ΠΑΝΑΘΗΝΑΪΚΟΣ 1908\"','','','MPRELOK-PAΝATIΗΝAΪKOS-1908-'),
	(99,157,1,'ΑΝΟΙΧΤΗΡΙ \"ΠΑΝΑΘΗΝΑΙΚΟΣ 1908\"','ΑΝΟΙΧΤΗΡΙ \"ΠΑΝΑΘΗΝΑΙΚΟΣ 1908\"<br />  Με μαγνήτη στο πίσω μέρος','ΑΝΟΙΧΤΗΡΙ \"ΠΑΝΑΘΗΝΑΙΚΟΣ 1908\"<br />  Με μαγνήτη στο πίσω μέρος','','','AΝOΙCHTΗRΙ-PAΝATIΗΝAΙKOS-1908-'),
	(100,158,1,'ΚΟΜΠΟΛΟΪ \"ΠΑΝΑΘΗΝΑΪΚΟΣ 1908\"','Με λευκή χάντρα','Με λευκή χάντρα','','','KOMPOLOΪ-PAΝATIΗΝAΪKOS-1908-'),
	(105,164,1,'ZIPPO \"PANATHINAIKOS B.C.\"','Συλλεκτικός αναπτήρας με μπάλα 3 αστέρια.','Συλλεκτικός αναπτήρας με μπάλα 3 αστέρια.','','','ZIPPO-PANATIINAIKOS-BC-'),
	(107,166,1,'ΠΟΥΚΑΜΙΣΟ \"ΤΡΙΦΥΛΛΙ\" ΛΕΥΚΟ','Το βαμβακερό πουκάμισο του κάθε Παναθηναϊκού με κεντημένο το τριφύλλι.','Το βαμβακερό πουκάμισο του κάθε Παναθηναϊκού με κεντημένο το τριφύλλι.','','','POΥKAMΙSO-TRΙFΥLLΙ-LEΥKO'),
	(108,167,1,'ΑΤΟΜΙΚΟ ΘΕΡΜΟΣ','<p>Ατομικός θερμός για να διατηρείτε τα ροφήματα σας ζεστά ή κρύα.</p>','<p>Ατομικός θερμός για να διατηρείτε τα ροφήματα σας ζεστά ή κρύα.</p>','','','ATOMΙKO-TIERMOS'),
	(111,172,1,'ΜΠΑΛΟΝΙΑ \"ΠΑΝΑΘΗΝΑΪΚΟΣ\" ΛΕΥΚΑ','ΜΠΑΛΟΝΙΑ \"ΠΑΝΑΘΗΝΑΪΚΟΣ\" ΛΕΥΚΑ<br />  Τα μπαλόνια του Παναθηναϊκού για τα πάρτι και όχι μόνο ,σε συσκευασία των 10 τεμαχίων.','ΜΠΑΛΟΝΙΑ \"ΠΑΝΑΘΗΝΑΪΚΟΣ\" ΛΕΥΚΑ<br />  Τα μπαλόνια του Παναθηναϊκού για τα πάρτι και όχι μόνο ,σε συσκευασία των 10 τεμαχίων.','','','MPALOΝΙA-PAΝATIΗΝAΪKOS-LEΥKA'),
	(113,174,1,'ΒΙΒΛΙΟ GLORY DAYS','Αποκτήστε τώρα τα χρυσά χρόνια του Παναθηναϊκού 1992-2007, με πλούσιο φωτογραφικό υλικό!','Αποκτήστε τώρα τα χρυσά χρόνια του Παναθηναϊκού 1992-2007, με πλούσιο φωτογραφικό υλικό!','','','ΒΙΒLΙO-GLORI-DAIS'),
	(121,182,1,'ΠΑΙΔΙΚΟ T-SHIRT \"DAMAN\"','Για παιδιά από 1 έως 10 ετών.','Για παιδιά από 1 έως 10 ετών.','','','PAΙDΙKO-T-SIIRT-DAMAN-'),
	(123,184,1,'T-SHIRT PANATHINAIKOS ΧΡΥΣΑ ΓΡΑΜΜΑΤΑ','Μαύρο γυναικείο t-shirt με χρυσά γράμματα.','Μαύρο γυναικείο t-shirt με χρυσά γράμματα.','','','T-SIIRT-PANATIINAIKOS-CHRΥSA-GRAMMATA'),
	(124,185,1,'ΣΑΚΙΔΙΟ \"ΠΑΝΑΘΗΝΑΪΚΟΣ\"','ΣΑΚΙΔΙΟ \"ΠΑΝΑΘΗΝΑΪΚΟΣ\"','ΣΑΚΙΔΙΟ \"ΠΑΝΑΘΗΝΑΪΚΟΣ\"','','','SAKΙDΙO-PAΝATIΗΝAΪKOS-'),
	(125,186,1,'COOLER \"ΠΑΝΑΘΗΝΑΪΚΟΣ\"','COOLER \"ΠΑΝΑΘΗΝΑΪΚΟΣ\"','COOLER \"ΠΑΝΑΘΗΝΑΪΚΟΣ\"','','','COOLER-PAΝATIΗΝAΪKOS-'),
	(127,188,1,'CD CASE \"PANATHINAIKOS B.C.\"','Θήκη για cd σε σχήμα μπάλας μπάσκετ.','Θήκη για cd σε σχήμα μπάλας μπάσκετ.','','','CD-CASE-PANATIINAIKOS-BC-'),
	(131,192,1,'ΕΥΡΩΠΑΪΚΟ ΚΥΠΕΛΛΟ ΑΘΗΝΑΣ 2007','ΕΥΡΩΠΑΪΚΟ ΚΥΠΕΛΛΟ ΑΘΗΝΑΣ 2007','ΕΥΡΩΠΑΪΚΟ ΚΥΠΕΛΛΟ ΑΘΗΝΑΣ 2007','','','EΥRΩPAΪKO-KΥPELLO-ATIΗΝAS-2007'),
	(132,193,1,'BOXER \"ΣΗΚΩΣΕ ΤΟ!\"','BOXER \"ΣΗΚΩΣΕ ΤΟ!\"','BOXER \"ΣΗΚΩΣΕ ΤΟ!\"','boxer','','BOXER-SΗKΩSE-TO-'),
	(133,194,1,'MEMO PAD \"PANATHINAIKOS\"','MEMO PAD \"PANATHINAIKOS\"','MEMO PAD \"PANATHINAIKOS\"','','','MEMO-PAD-PANATIINAIKOS-'),
	(135,196,1,'USB (1GB) ΠΑΝΑΘΗΝΑΪΚΟΣ','Σχέδιο η μπάλα με 4 αστέρια','Σχέδιο η μπάλα με 4 αστέρια','','','USB-1GB-PAΝATIΗΝAΪKOS'),
	(142,203,1,'ΠΑΙΔΙΚΟ T-SHIRT \"PANATHINAIKOS BC\"','ΠΑΙΔΙΚΟ T-SHIRT \"PANATHINAIKOS BC\"','ΠΑΙΔΙΚΟ T-SHIRT \"PANATHINAIKOS BC\"','','','PAΙDΙKO-T-SIIRT-PANATIINAIKOS-BC-'),
	(143,204,1,'ΓΥΝΑΙΚΕΙΑ ΖΑΚΕΤΑ \"PANATHINAIKOS BC\" (ΛΕΥΚΗ)','ΓΥΝΑΙΚΕΙΑ ΖΑΚΕΤΑ \"PANATHINAIKOS BC\"','ΓΥΝΑΙΚΕΙΑ ΖΑΚΕΤΑ \"PANATHINAIKOS BC\"','','','GΥΝAΙKEΙA-ZAKETA-PANATIINAIKOS-BC-LEΥKΗ'),
	(157,219,1,'ΣΗΜΑΙΑ ΚΑΘΕΤΗ \"ΠΑΝΑΘΗΝΑΪΚΟΣ\"','ΣΗΜΑΙΑ ΚΑΘΕΤΗ \"ΠΑΝΑΘΗΝΑΪΚΟΣ\"<br />  Οι διαστάσεις της σημαίας είναι 90*150 εκατοστά.','ΣΗΜΑΙΑ ΚΑΘΕΤΗ \"ΠΑΝΑΘΗΝΑΪΚΟΣ\"<br />  Οι διαστάσεις της σημαίας είναι 90*150 εκατοστά.','','','SΗMAΙA-KATIETΗ-PAΝATIΗΝAΪKOS-'),
	(160,222,1,'ΤΣΑΝΤΑΚΙ ΜΕΣΗΣ \"ΠΑΝΑΘΗΝΑΪΚΟΣ\"','ΤΣΑΝΤΑΚΙ ΜΕΣΗΣ \"ΠΑΝΑΘΗΝΑΪΚΟΣ\"','ΤΣΑΝΤΑΚΙ ΜΕΣΗΣ \"ΠΑΝΑΘΗΝΑΪΚΟΣ\"','','','TSAΝTAKΙ-MESΗS-PAΝATIΗΝAΪKOS-'),
	(161,223,1,'ΑΤΟΜΙΚΟ ΘΕΡΜΟΣ \"100 ΧΡΟΝΙΑ\"','ΑΤΟΜΙΚΟ ΘΕΡΜΟΣ \"100 ΧΡΟΝΙΑ\"','ΑΤΟΜΙΚΟ ΘΕΡΜΟΣ \"100 ΧΡΟΝΙΑ\"','','','ATOMΙKO-TIERMOS-100-CHROΝΙA-'),
	(162,224,1,'ΜΠΡΕΛΟΚ \"100 ΧΡΟΝΙΑ\"','ΜΠΡΕΛΟΚ \"100 ΧΡΟΝΙΑ\"','ΜΠΡΕΛΟΚ \"100 ΧΡΟΝΙΑ\"','','','MPRELOK-100-CHROΝΙA-'),
	(168,230,1,'ΑΝΑΠΤΗΡΑΣ \"PANATHINAIKOS B.C.\" ΜΠΑΛΑ 4*','ΑΝΑΠΤΗΡΑΣ \"PANATHINAIKOS B.C.\"','ΑΝΑΠΤΗΡΑΣ \"PANATHINAIKOS B.C.\"','','','AΝAPTΗRAS-PANATIINAIKOS-BC-MPALA-4'),
	(169,231,1,'ΑΝΑΠΤΗΡΑΣ \"TROPHY COLLECTOR\"','ΑΝΑΠΤΗΡΑΣ \"TROPHY COLLECTOR\"','ΑΝΑΠΤΗΡΑΣ \"TROPHY COLLECTOR\"','','','AΝAPTΗRAS-TROPII-COLLECTOR-'),
	(170,232,1,'ΑΝΑΠΤΗΡΑΣ \"DAMAN\"','ΑΝΑΠΤΗΡΑΣ \"DAMAN\"','ΑΝΑΠΤΗΡΑΣ \"DAMAN\"','','','AΝAPTΗRAS-DAMAN-'),
	(172,234,1,'ΑΝΑΠΤΗΡΑΣ \"EUROPEAN CHAMPION\"','ΑΝΑΠΤΗΡΑΣ \"EUROPEAN CHAMPION\"','ΑΝΑΠΤΗΡΑΣ \"EUROPEAN CHAMPION\"','','','AΝAPTΗRAS-EUROPEAN-CIAMPION-'),
	(173,235,1,'ΑΝΑΠΤΗΡΑΣ \"ΚΟΜΗΤΗΣ\"','ΑΝΑΠΤΗΡΑΣ \"ΚΟΜΗΤΗΣ\"','ΑΝΑΠΤΗΡΑΣ \"ΚΟΜΗΤΗΣ\"','','','AΝAPTΗRAS-KOMΗTΗS-'),
	(174,236,1,'ΑΝΑΠΤΗΡΑΣ \"PANATHINAIKOS B.C.\" ΜΠΑΛΑ 4*','ΑΝΑΠΤΗΡΑΣ \"PANATHINAIKOS B.C.\"','ΑΝΑΠΤΗΡΑΣ \"PANATHINAIKOS B.C.\"','','','AΝAPTΗRAS-PANATIINAIKOS-BC-MPALA-4'),
	(178,240,1,'ΑΣΗΜΕΝΙΑ (925) ΜΑΝΙΚΕΤΟΚΟΥΜΠΑ \"ΠΑΝΑΘΗΝΑΪΚΟΣ\"','ΑΣΗΜΕΝΙΑ (925) ΜΑΝΙΚΕΤΟΚΟΥΜΠΑ \"ΠΑΝΑΘΗΝΑΪΚΟΣ\"','ΑΣΗΜΕΝΙΑ (925) ΜΑΝΙΚΕΤΟΚΟΥΜΠΑ \"ΠΑΝΑΘΗΝΑΪΚΟΣ\"','','','ASΗMEΝΙA-925-MAΝΙKETOKOΥMPA-PAΝATIΗΝAΪKOS-'),
	(180,242,1,'ΑΣΗΜΕΝΙΑ (925) ΚΑΡΦΙΤΣΑ ΠΕΤΟΥ \"ΠΑΝΑΘΗΝΑΪΚΟΣ\"','ΑΣΗΜΕΝΙΑ (925) ΚΑΡΦΙΤΣΑ ΠΕΤΟΥ \"ΠΑΝΑΘΗΝΑΪΚΟΣ\"','ΑΣΗΜΕΝΙΑ (925) ΚΑΡΦΙΤΣΑ ΠΕΤΟΥ \"ΠΑΝΑΘΗΝΑΪΚΟΣ\"','','','ASΗMEΝΙA-925-KARFΙTSA-PETOΥ-PAΝATIΗΝAΪKOS-'),
	(183,245,1,'ΜΠΡΕΛΟΚ \"ΑΛΒΕΡΤΗΣ\"','ΜΠΡΕΛΟΚ \"ΑΛΒΕΡΤΗΣ\"','ΜΠΡΕΛΟΚ \"ΑΛΒΕΡΤΗΣ\"','','','MPRELOK-ALΒERTΗS-'),
	(184,246,1,'ΜΠΡΕΛΟΚ ΜΕ ΦΩΤΑΚΙ \"ΠΑΝΑΘΗΝΑΪΚΟΣ\"','ΜΠΡΕΛΟΚ ΜΕ ΦΩΤΑΚΙ \"ΠΑΝΑΘΗΝΑΪΚΟΣ\"','ΜΠΡΕΛΟΚ ΜΕ ΦΩΤΑΚΙ \"ΠΑΝΑΘΗΝΑΪΚΟΣ\"','','','MPRELOK-ME-FΩTAKΙ-PAΝATIΗΝAΪKOS-'),
	(190,252,1,'ΣΑΚΟΣ ΓΥΜΝΑΣΤΗΡΙΟΥ','Σάκος γυμναστηρίου σε χρώμα πράσινο-άσπρο.','Σάκος γυμναστηρίου σε χρώμα πράσινο-άσπρο.','','','SAKOS-GΥMΝASTΗRΙOΥ'),
	(192,254,1,'T-SHIRT RETRO \"PANATHINAIKOS\"','<p><strong></strong><br />  <a href=\"https://www.socialdeal.gr/PreView.php?id=83\" target=\"_blank\"><strong></strong></a></p>','<p><strong></strong><br />  <a href=\"https://www.socialdeal.gr/PreView.php?id=83\" target=\"_blank\"><strong></strong></a></p>','','','T-SIIRT-RETRO-PANATIINAIKOS-'),
	(196,258,1,'ΣΗΜΑΙΑ \"PANATHINAIKOS B.C.\"','ΣΗΜΑΙΑ \"PANATHINAIKOS B.C.\"<br />  Η σημαία του Παναθηναϊκού με τις κατακτήσεις όλων των τροπαίων.','ΣΗΜΑΙΑ \"PANATHINAIKOS B.C.\"<br />  Η σημαία του Παναθηναϊκού με τις κατακτήσεις όλων των τροπαίων.','','','SΗMAΙA-PANATIINAIKOS-BC-'),
	(197,259,1,'ΣΗΜΑΙΑ \"100 ΧΡΟΝΙΑ\"','ΣΗΜΑΙΑ \"100 ΧΡΟΝΙΑ\"','ΣΗΜΑΙΑ \"100 ΧΡΟΝΙΑ\"','','','SΗMAΙA-100-CHROΝΙA-'),
	(204,266,1,'ΠΑΙΔΙΚΗ ΖΑΚΕΤΑ  \"PANATHINAIKOS\"','ΠΑΙΔΙΚΗ ΖΑΚΕΤΑ \"PANATHINAIKOS\"','ΠΑΙΔΙΚΗ ΖΑΚΕΤΑ \"PANATHINAIKOS\"','','','PAΙDΙKΗ-ZAKETA-PANATIINAIKOS-'),
	(206,268,1,'ΓΥΝΑΙΚΕΙΑ ΖΑΚΕΤΑ \"PANATHINAIKOS B.C.\" ΠΡΑΣΙΝΗ','ΓΥΝΑΙΚΕΙΑ ΖΑΚΕΤΑ \"PANATHINAIKOS B.C.\"','ΓΥΝΑΙΚΕΙΑ ΖΑΚΕΤΑ \"PANATHINAIKOS B.C.\"','','','GΥΝAΙKEΙA-ZAKETA-PANATIINAIKOS-BC-PRASΙΝΗ'),
	(207,269,1,'ΚΑΡΦΙΤΣΑ \"PANATHINAIKOS B.C.\"','ΚΑΡΦΙΤΣΑ \"PANATHINAIKOS B.C.\"','ΚΑΡΦΙΤΣΑ \"PANATHINAIKOS B.C.\"','','','KARFΙTSA-PANATIINAIKOS-BC-'),
	(208,270,1,'ΚΑΡΦΙΤΣΑ ΚΥΠΕΛΛΟ \"PARIS 1996\"','ΚΑΡΦΙΤΣΑ ΚΥΠΕΛΛΟ \"PARIS 1996\"','ΚΑΡΦΙΤΣΑ ΚΥΠΕΛΛΟ \"PARIS 1996\"','','','KARFΙTSA-KΥPELLO-PARIS-1996-'),
	(209,271,1,'ΚΑΡΦΙΤΣΑ ΚΥΠΕΛΛΟ \"THESSALONIKI 2000\"','ΚΑΡΦΙΤΣΑ ΚΥΠΕΛΛΟ \"THESSALONIKI 2000\"','ΚΑΡΦΙΤΣΑ ΚΥΠΕΛΛΟ \"THESSALONIKI 2000\"','','','KARFΙTSA-KΥPELLO-TIESSALONIKI-2000-'),
	(210,272,1,'ΚΑΡΦΙΤΣΑ ΚΥΠΕΛΛΟ \"ATHENS 2007\"','ΚΑΡΦΙΤΣΑ ΚΥΠΕΛΛΟ \"ATHENS 2007\"','ΚΑΡΦΙΤΣΑ ΚΥΠΕΛΛΟ \"ATHENS 2007\"','','','KARFΙTSA-KΥPELLO-ATIENS-2007-'),
	(214,276,1,'ΚΑΡΦΙΤΣΑ \"ΠΑΝΑΘΗΝΑΪΚΟΣ\"','ΚΑΡΦΙΤΣΑ \"ΠΑΝΑΘΗΝΑΪΚΟΣ\"','ΚΑΡΦΙΤΣΑ \"ΠΑΝΑΘΗΝΑΪΚΟΣ\"','','','KARFΙTSA-PAΝATIΗΝAΪKOS-'),
	(217,279,1,'HEADBAND \"ΠΑΝΑΘΗΝΑΪΚΟΣ\"','<div class=\"description\">  <div class=\"description\">Λευκό headband με το logo του Παναθηναϊκού </div>  <br />  <br />  </div>','<div class=\"description\">\r\n<div class=\"description\">Λευκό headband με το logo του Παναθηναϊκού</div>\r\n</div>','','','IEADBAND-PAΝATIΗΝAΪKOS-'),
	(218,280,1,'HEADBAND \"ΠΑΝΑΘΗΝΑΪΚΟΣ\"','<div class=\"description\">Μαύρο headband με το logo του Παναθηναϊκού </div>  <p> </p>','<div class=\"description\">Μαύρο headband με το logo του Παναθηναϊκού</div>\r\n<p> </p>','','','IEADBAND-PAΝATIΗΝAΪKOS-'),
	(219,281,1,'HEADBAND \"ΠΑΝΑΘΗΝΑΪΚΟΣ\"','Πράσινο headband με το logo του Παναθηναϊκού','Πράσινο headband με το logo του Παναθηναϊκού','','','IEADBAND-PAΝATIΗΝAΪKOS-'),
	(223,285,1,'ΚΑΡΦΙΤΣΑ ΚΥΠΕΛΛΟ \"BOLOGNA 2002\"','ΚΑΡΦΙΤΣΑ ΚΥΠΕΛΛΟ \"BOLOGNA 2002\"','ΚΑΡΦΙΤΣΑ ΚΥΠΕΛΛΟ \"BOLOGNA 2002\"','','','KARFΙTSA-KΥPELLO-BOLOGNA-2002-'),
	(225,287,1,'SHORTS ΓΥΝΑΙΚΕΙΟ \"ΠΑΝΑΘΗΝΑΪΚΟΣ\"','SHORTS ΓΥΝΑΙΚΕΙΟ \"ΠΑΝΑΘΗΝΑΪΚΟΣ\"<br />  ME STRASS','SHORTS ΓΥΝΑΙΚΕΙΟ \"ΠΑΝΑΘΗΝΑΪΚΟΣ\"<br />  ME STRASS','','','SIORTS-GΥΝAΙKEΙO-PAΝATIΗΝAΪKOS-'),
	(226,288,1,'ORGANISER \"PANATHINAIKOS B.C.\"','ORGANISER \"PANATHINAIKOS B.C.\"','ORGANISER \"PANATHINAIKOS B.C.\"','','','ORGANISER-PANATIINAIKOS-BC-'),
	(227,289,1,'ΓΥΝΑΙΚΕΙΑ ΦΟΡΜΑ \"ΠΑΝΑΘΗΝΑΪΚΟΣ\" (ΠΡΑΣΙΝΗ)','ΓΥΝΑΙΚΕΙΑ ΦΟΡΜΑ \"ΠΑΝΑΘΗΝΑΪΚΟΣ\"','ΓΥΝΑΙΚΕΙΑ ΦΟΡΜΑ \"ΠΑΝΑΘΗΝΑΪΚΟΣ\"','','','GΥΝAΙKEΙA-FORMA-PAΝATIΗΝAΪKOS-PRASΙΝΗ'),
	(231,293,1,'ΓΥΝΑΙΚΕΙΑ ΦΟΡΜΑ \"ΠΑΝΑΘΗΝΑΪΚΟΣ\" (ΜΑΥΡΗ)','ΓΥΝΑΙΚΕΙΑ ΦΟΡΜΑ \"ΠΑΝΑΘΗΝΑΪΚΟΣ\"','ΓΥΝΑΙΚΕΙΑ ΦΟΡΜΑ \"ΠΑΝΑΘΗΝΑΪΚΟΣ\"','','','GΥΝAΙKEΙA-FORMA-PAΝATIΗΝAΪKOS-MAΥRΗ'),
	(233,295,1,'ΜΠΛΟΥΖΑΚΙ ΓΥΝΑΙΚΕΙΟ ΜΕ ΤΙΡΑΝΤΑ','Μπλουζάκι με στρας σε ροζ χρώμα.','Μπλουζάκι με στρας σε ροζ χρώμα.','','','MPLOΥZAKΙ-GΥΝAΙKEΙO-ME-TΙRAΝTA'),
	(237,299,1,'ΦΑΝΕΛΑΚΙ ΠΑΙΔΙΚΟ \"ΠΑΝΑΘΗΝΑΪΚΟΣ\"','Με τιράντα.','Με τιράντα.','','','FAΝELAKΙ-PAΙDΙKO-PAΝATIΗΝAΪKOS-'),
	(238,300,1,'ΦΑΝΕΛΑΚΙ ΠΑΙΔΙΚΟ \"ΠΑΝΑΘΗΝΑΪΚΟΣ\"','ΦΑΝΕΛΑΚΙ ΠΑΙΔΙΚΟ \"ΠΑΝΑΘΗΝΑΪΚΟΣ\"<br />  Με μανίκι.','ΦΑΝΕΛΑΚΙ ΠΑΙΔΙΚΟ \"ΠΑΝΑΘΗΝΑΪΚΟΣ\"<br />  Με μανίκι.','','','FAΝELAKΙ-PAΙDΙKO-PAΝATIΗΝAΪKOS-'),
	(239,301,1,'BOXER ΠΑΙΔΙΚΟ \"ΠΑΝΑΘΗΝΑΪΚΟΣ\"','BOXER ΠΑΙΔΙΚΟ \"ΠΑΝΑΘΗΝΑΪΚΟΣ\"','BOXER ΠΑΙΔΙΚΟ \"ΠΑΝΑΘΗΝΑΪΚΟΣ\"','','','BOXER-PAΙDΙKO-PAΝATIΗΝAΪKOS-'),
	(242,304,1,'ΖΙΠΟΥΝΑΚΙ ΑΜΑΝΙΚΟ \"ΠΑΝΑΘΗΝΑΪΚΟΣ\"','<span style=\"background-color: #dee0e5;\">ΖΙΠΟΥΝΑΚΙ ΑΜΑΝΙΚΟ \"ΠΑΝΑΘΗΝΑΪΚΟΣ\"</span>','<span style=\"background-color: #dee0e5;\">ΖΙΠΟΥΝΑΚΙ ΑΜΑΝΙΚΟ \"ΠΑΝΑΘΗΝΑΪΚΟΣ\"</span>','','','ZΙPOΥΝAKΙ-AMAΝΙKO-PAΝATIΗΝAΪKOS-'),
	(243,305,1,'ΖΙΠΟΥΝΑΚΙ ΚΟΝΤΟΜΑΝΙΚΟ \"ΠΑΝΑΘΗΝΑΪΚΟΣ\"','<span style=\"background-color: #dee0e5;\">ΖΙΠΟΥΝΑΚΙ ΚΟΝΤΟΜΑΝΙΚΟ \"ΠΑΝΑΘΗΝΑΪΚΟΣ\"</span>','<span style=\"background-color: #dee0e5;\">ΖΙΠΟΥΝΑΚΙ ΚΟΝΤΟΜΑΝΙΚΟ \"ΠΑΝΑΘΗΝΑΪΚΟΣ\"</span>','','','ZΙPOΥΝAKΙ-KOΝTOMAΝΙKO-PAΝATIΗΝAΪKOS-'),
	(245,307,1,'BOXER ΠΑΙΔΙΚΟ \"ΜΠΑΣΚΕΤΑ\"','BOXER ΠΑΙΔΙΚΟ \"ΜΠΑΣΚΕΤΑ\"','BOXER ΠΑΙΔΙΚΟ \"ΜΠΑΣΚΕΤΑ\"','','','BOXER-PAΙDΙKO-MPASKETA-'),
	(261,323,1,'ΣΕΤ \"MY FIRST PANATHINAIKOS T-SHIRT\"','ΣΕΤ&nbsp;\"MY FIRST PANATHINAIKOS T-SHIRT\"','ΣΕΤ&nbsp;\"MY FIRST PANATHINAIKOS T-SHIRT\"','','','SET-MI-FIRST-PANATIINAIKOS-T-SIIRT-'),
	(262,324,1,'ΣΕΤ ΠΑΙΔΙΚΟ \"PANATHINAIKOS\" ΑΜΑΝΙΚΟ','ΣΕΤ ΠΑΙΔΙΚΟ&nbsp;\"PANATHINAIKOS\" ΑΜΑΝΙΚΟ','ΣΕΤ ΠΑΙΔΙΚΟ&nbsp;\"PANATHINAIKOS\" ΑΜΑΝΙΚΟ','','','SET-PAΙDΙKO-PANATIINAIKOS-AMAΝΙKO'),
	(263,325,1,'POLO ΠΑΙΔΙΚΟ \"ΠΑΝΑΘΗΝΑΪΚΟΣ\"','POLO ΠΑΙΔΙΚΟ \"ΠΑΝΑΘΗΝΑΪΚΟΣ\"','POLO ΠΑΙΔΙΚΟ \"ΠΑΝΑΘΗΝΑΪΚΟΣ\"','','','POLO-PAΙDΙKO-PAΝATIΗΝAΪKOS-'),
	(264,326,1,'ΠΥΖΑΜΑ ΠΑΙΔΙΚΗ \"ΠΑΝΑΘΗΝΑΪΚΟΣ\"','ΠΥΖΑΜΑ ΠΑΙΔΙΚΗ \"ΠΑΝΑΘΗΝΑΪΚΟΣ\" ΓΙΑ 0-6 ΕΤΩΝ','ΠΥΖΑΜΑ ΠΑΙΔΙΚΗ \"ΠΑΝΑΘΗΝΑΪΚΟΣ\" ΓΙΑ 0-6 ΕΤΩΝ','','','PΥZAMA-PAΙDΙKΗ-PAΝATIΗΝAΪKOS-'),
	(267,329,1,'ΕΠΕΤΕΙΑΚΗ ΦΑΝΕΛΑ  100 ΕΤΩΝ','ΕΠΕΤΕΙΑΚΗ ΦΑΝΕΛΑ  100 ΕΤΩΝ','ΕΠΕΤΕΙΑΚΗ ΦΑΝΕΛΑ  100 ΕΤΩΝ','','','EPETEΙAKΗ-FAΝELA-100-ETΩΝ'),
	(274,336,1,'ΣΕΤ ΕΤΙΚΕΤΕΣ ΤΕΤΡΑΔΙΟΥ','Η ΣΥΣΚΕΥΑΣΙΑ ΠΕΡΙΛΑΜΒΑΝΕΙ 20 ΕΤΙΚΕΤΕΣ','Η ΣΥΣΚΕΥΑΣΙΑ ΠΕΡΙΛΑΜΒΑΝΕΙ 20 ΕΤΙΚΕΤΕΣ','','','SET-ETΙKETES-TETRADΙOΥ'),
	(296,358,1,'ΦΟΡΜΑ ΠΡΑΣΙΝΗ ΠΑΝΑΘΗΝΑΪΚΟΣ','ΦΟΡΜΑ ΠΡΑΣΙΝΗ ΠΑΝΑΘΗΝΑΪΚΟΣ','ΦΟΡΜΑ ΠΡΑΣΙΝΗ ΠΑΝΑΘΗΝΑΪΚΟΣ','','','FORMA-PRASΙΝΗ-PAΝATIΗΝAΪKOS'),
	(297,359,1,'ΦΟΡΜΑ ΜΑΥΡΗ ΠΑΝΑΘΗΝΑΪΚΟΣ','ΦΟΡΜΑ ΜΑΥΡΗ ΠΑΝΑΘΗΝΑΪΚΟΣ','ΦΟΡΜΑ ΜΑΥΡΗ ΠΑΝΑΘΗΝΑΪΚΟΣ','','','FORMA-MAΥRΗ-PAΝATIΗΝAΪKOS'),
	(302,364,1,'ΕΠΙΣΗΜΗ ΕΜΦΑΝΙΣΗ ΒΟΛΕΪ 2008-2009 (ΠΡΑΣΙΝΟ)','<span style=\"background-color: #dee0e5;\">ΕΠΙΣΗΜΗ ΕΜΦΑΝΙΣΗ ΒΟΛΕΪ 2008-2009<br />  Χρώμα:&nbsp;πράσινο&nbsp;</span>','<span style=\"background-color: #dee0e5;\">ΕΠΙΣΗΜΗ ΕΜΦΑΝΙΣΗ ΒΟΛΕΪ 2008-2009<br />  Χρώμα:&nbsp;πράσινο&nbsp;</span>','','','EPΙSΗMΗ-EMFAΝΙSΗ-ΒOLEΪ-2008-2009-PRASΙΝO'),
	(306,368,1,'ΖΑΚΕΤΑ \"PANATHINAIKOS 1908\"','ΖΑΚΕΤΑ \"PANATHINAIKOS 1908\"','ΖΑΚΕΤΑ \"PANATHINAIKOS 1908\"','','','ZAKETA-PANATIINAIKOS-1908-'),
	(307,369,1,'ΠΑΙΔΙΚΗ ΖΑΚΕΤΑ \"PANATHINAIKOS B.C.\"','ΠΑΙΔΙΚΗ ΖΑΚΕΤΑ \"PANATHINAIKOS B.C.\"<br />  <br />  Το μέγεθος για 12 ετών διαφέρει από την φωτογραφία (αντί&nbsp;για λευκό είναι πράσινος ο γιακάς / το τελείωμα στα μανίκια και&nbsp;στη μέση)&nbsp;','ΠΑΙΔΙΚΗ ΖΑΚΕΤΑ \"PANATHINAIKOS B.C.\"<br />  <br />  Το μέγεθος για 12 ετών διαφέρει από την φωτογραφία (αντί&nbsp;για λευκό είναι πράσινος ο γιακάς / το τελείωμα στα μανίκια και&nbsp;στη μέση)&nbsp;','','','PAΙDΙKΗ-ZAKETA-PANATIINAIKOS-BC-'),
	(308,370,1,'ΠΡΑΣΙΝΟ ΠΑΙΔΙΚΟ BOXER \"ΠΑΝΑΘΗΝΑΪΚΟΣ\"','ΠΡΑΣΙΝΟ ΠΑΙΔΙΚΟ BOXER \"ΠΑΝΑΘΗΝΑΪΚΟΣ\"','ΠΡΑΣΙΝΟ ΠΑΙΔΙΚΟ BOXER \"ΠΑΝΑΘΗΝΑΪΚΟΣ\"','','','PRASΙΝO-PAΙDΙKO-BOXER-PAΝATIΗΝAΪKOS-'),
	(310,372,1,'ΜΠΛΟΥΖΑ ΜΑΚΡΥΜΑΝΙΚΗ \"PANATHINAIKOS\"','<p><strong></strong><a href=\"https://www.socialdeal.gr/PreView.php?id=83\" target=\"_blank\"><strong><font color=\"#4f6128\"></font></strong></a></p>  <p><a href=\"https://www.socialdeal.gr/PreView.php?id=83\" target=\"_blank\"><strong></strong></a></p>','<p><strong></strong><a href=\"https://www.socialdeal.gr/PreView.php?id=83\" target=\"_blank\"><strong><font color=\"#4f6128\"></font></strong></a></p>  <p><a href=\"https://www.socialdeal.gr/PreView.php?id=83\" target=\"_blank\"><strong></strong></a></p>','','','MPLOΥZA-MAKRΥMAΝΙKΗ-PANATIINAIKOS-'),
	(321,383,1,'ΠΑΙΔΙΚΗ ΕΠΙΣΗΜΗ ΕΜΦΑΝΙΣΗ ΜΠΑΣΚΕΤ 2008-09 (ΠΡΑΣΙΝΗ)','ΠΑΙΔΙΚΗ ΕΠΙΣΗΜΗ ΕΜΦΑΝΙΣΗ ΜΠΑΣΚΕΤ 2008-09<br />  Χρώμα: πράσινο','ΠΑΙΔΙΚΗ ΕΠΙΣΗΜΗ ΕΜΦΑΝΙΣΗ ΜΠΑΣΚΕΤ 2008-09<br />  Χρώμα: πράσινο','','','PAΙDΙKΗ-EPΙSΗMΗ-EMFAΝΙSΗ-MPASKET-2008-09-PRASΙΝΗ'),
	(322,384,1,'ΠΑΙΔΙΚΗ ΕΠΙΣΗΜΗ ΕΜΦΑΝΙΣΗ ΜΠΑΣΚΕΤ 2008-09 (ΛΕΥΚΗ)','<span style=\"background-color: #dee0e5;\">ΠΑΙΔΙΚΗ ΕΠΙΣΗΜΗ ΕΜΦΑΝΙΣΗ ΜΠΑΣΚΕΤ 2008-09<br />  Χρώμα: λευκό</span>','<span style=\"background-color: #dee0e5;\">ΠΑΙΔΙΚΗ ΕΠΙΣΗΜΗ ΕΜΦΑΝΙΣΗ ΜΠΑΣΚΕΤ 2008-09<br />  Χρώμα: λευκό</span>','','','PAΙDΙKΗ-EPΙSΗMΗ-EMFAΝΙSΗ-MPASKET-2008-09-LEΥKΗ'),
	(331,393,1,'ΕΠΙΣΗΜΗ ΕΜΦΑΝΙΣΗ ΒΟΛΕΪ 2008-2009 (ΛΕΥΚΟ)','ΕΠΙΣΗΜΗ ΕΜΦΑΝΙΣΗ ΒΟΛΕΪ 2008-2009<br />  Χρώμα: λευκό','ΕΠΙΣΗΜΗ ΕΜΦΑΝΙΣΗ ΒΟΛΕΪ 2008-2009<br />  Χρώμα: λευκό','','','EPΙSΗMΗ-EMFAΝΙSΗ-ΒOLEΪ-2008-2009-LEΥKO'),
	(332,394,1,'T-SHIRT \"PANATHINAIKOS\"','T-SHIRT \"PANATHINAIKOS\"','T-SHIRT \"PANATHINAIKOS\"','','','T-SIIRT-PANATIINAIKOS-'),
	(337,399,1,'ΤΑΣΑΚΙ','ΤΑΣΑΚΙ ΑΝΑΓΛΥΦΟ ΣΕ ΣΧΗΜΑ ΤΡΙΦΥΛΛΙΟΥ','ΤΑΣΑΚΙ ΑΝΑΓΛΥΦΟ ΣΕ ΣΧΗΜΑ ΤΡΙΦΥΛΛΙΟΥ','','','TASAKΙ'),
	(341,403,1,'ΜΑΞΙΛΑΡΙ ΛΟΥΤΡΙΝΟ \"ΠΑΝΑΘΗΝΑΪΚΟΣ\"','ΜΑΞΙΛΑΡΙ ΛΟΥΤΡΙΝΟ \"ΠΑΝΑΘΗΝΑΪΚΟΣ\"','ΜΑΞΙΛΑΡΙ ΛΟΥΤΡΙΝΟ \"ΠΑΝΑΘΗΝΑΪΚΟΣ\"','','','MAKSΙLARΙ-LOΥTRΙΝO-PAΝATIΗΝAΪKOS-'),
	(342,404,1,'ΚΡΕΜΑΣΤΡΑΚΙ \"ΠΑΝΑΘΗΝΑΪΚΟΣ\"','ΚΡΕΜΑΣΤΡΑΚΙ \"ΠΑΝΑΘΗΝΑΪΚΟΣ\"','ΚΡΕΜΑΣΤΡΑΚΙ \"ΠΑΝΑΘΗΝΑΪΚΟΣ\"','','','KREMASTRAKΙ-PAΝATIΗΝAΪKOS-'),
	(343,405,1,'ΣΟΥΠΛΑ \"ΠΑΝΑΘΗΝΑΪΚΟΣ\"','ΣΟΥΠΛΑ \"ΠΑΝΑΘΗΝΑΪΚΟΣ\"','ΣΟΥΠΛΑ \"ΠΑΝΑΘΗΝΑΪΚΟΣ\"','','','SOΥPLA-PAΝATIΗΝAΪKOS-'),
	(345,407,1,'ΚΟΡΝΙΖΑ \"ΠΑΝΑΘΗΝΑΪΚΟΣ 2008-2009\"','ΚΟΡΝΙΖΑ \"ΠΑΝΑΘΗΝΑΪΚΟΣ 2008-2009\"','ΚΟΡΝΙΖΑ \"ΠΑΝΑΘΗΝΑΪΚΟΣ 2008-2009\"','','','KORΝΙZA-PAΝATIΗΝAΪKOS-2008-2009-'),
	(352,415,1,'T-SHIRT ΠΡΩΤΑΘΛΗΤΗΣ ΕΥΡΩΠΗΣ 2009','T-SHIRT ΠΡΩΤΑΘΛΗΤΗΣ ΕΥΡΩΠΗΣ 2009','T-SHIRT ΠΡΩΤΑΘΛΗΤΗΣ ΕΥΡΩΠΗΣ 2009','','','T-SIIRT-PRΩTATILΗTΗS-EΥRΩPΗS-2009'),
	(353,416,1,'T-SHIRT EUROPEAN CHAMPION ΠΑΙΔΙΚΟ 2009','T-SHIRT EUROPEAN CHAMPION ΠΑΙΔΙΚΟ 2009','T-SHIRT EUROPEAN CHAMPION ΠΑΙΔΙΚΟ 2009','','','T-SIIRT-EUROPEAN-CIAMPION-PAΙDΙKO-2009'),
	(355,418,1,'ΦΟΡΜΑΚΙ ΠΙΚΕ ΚΟΝΤΟΜΑΝΙΚΟ ΣΗΜΑ ΠΑΟ','ΦΟΡΜΑΚΙ ΠΙΚΕ ΚΟΝΤΟΜΑΝΙΚΟ ΣΗΜΑ ΠΑΟ','ΦΟΡΜΑΚΙ ΠΙΚΕ ΚΟΝΤΟΜΑΝΙΚΟ ΣΗΜΑ ΠΑΟ','','','FORMAKΙ-PΙKE-KOΝTOMAΝΙKO-SΗMA-PAO'),
	(356,419,1,'ΦΟΡΜΑΚΙ ΚΑΛΤΣΑ ΚΟΝΤΟΜΑΝΙΚΟ ΣΗΜΑ ΠΑΟ','ΦΟΡΜΑΚΙ ΚΑΛΤΣΑ ΚΟΝΤΟΜΑΝΙΚΟ ΣΗΜΑ ΠΑΟ','ΦΟΡΜΑΚΙ ΚΑΛΤΣΑ ΚΟΝΤΟΜΑΝΙΚΟ ΣΗΜΑ ΠΑΟ','','','FORMAKΙ-KALTSA-KOΝTOMAΝΙKO-SΗMA-PAO'),
	(360,423,1,'ΠΥΤΖΑΜΑ ΠΑΙΔΙΚΗ ΣΗΜΑ ΠΑΟ 14-16','ΠΥΤΖΑΜΑ ΠΑΙΔΙΚΗ ΣΗΜΑ ΠΑΟ 14-16','ΠΥΤΖΑΜΑ ΠΑΙΔΙΚΗ ΣΗΜΑ ΠΑΟ 14-16','','','PΥTZAMA-PAΙDΙKΗ-SΗMA-PAO-14-16'),
	(361,424,1,'ΛΑΒΑΡΟ EUROPEAN CHAMPION 2009 ΜΕΓΑΛΟ','ΛΑΒΑΡΟ EUROPEAN CHAMPION 2009 ΜΕΓΑΛΟ','ΛΑΒΑΡΟ EUROPEAN CHAMPION 2009 ΜΕΓΑΛΟ','','','LAΒARO-EUROPEAN-CIAMPION-2009-MEGALO'),
	(362,425,1,'ΛΑΒΑΡΟ EUROPEAN CHAMPION 2009 ΜΙΚΡΟ','ΛΑΒΑΡΟ EUROPEAN CHAMPION 2009 ΜΙΚΡΟ','ΛΑΒΑΡΟ EUROPEAN CHAMPION 2009 ΜΙΚΡΟ','','','LAΒARO-EUROPEAN-CIAMPION-2009-MΙKRO'),
	(363,426,1,'T-SHIRT TRIPLE CROWN 2009','T-SHIRT TRIPLE CROWN 2009','T-SHIRT TRIPLE CROWN 2009','','','T-SIIRT-TRIPLE-CROWN-2009'),
	(366,429,1,'ΤΙΡΑΝΤΑΚΙ ΓΥΝΑΙΚΕΙΟ ΜΕ ΤΥΠΩΜΑ PANATHINAIKOS','ΤΙΡΑΝΤΑΚΙ ΓΥΝΑΙΚΕΙΟ ΜΕ ΤΥΠΩΜΑ PANATHINAIKOS','ΤΙΡΑΝΤΑΚΙ ΓΥΝΑΙΚΕΙΟ ΜΕ ΤΥΠΩΜΑ PANATHINAIKOS','','','TΙRAΝTAKΙ-GΥΝAΙKEΙO-ME-TΥPΩMA-PANATIINAIKOS'),
	(369,432,1,'T-SHIRT ΠΑΟ TRIBAL','Γυναικείο αμάνικο t-shirt ΠΑΟ tribal','Γυναικείο αμάνικο t-shirt ΠΑΟ tribal','','','T-SIIRT-PAO-TRIBAL'),
	(375,438,1,'T-SHIRT PANATHINAIKOS 1908','Μαύρο T-shirt κάθετο Παναθηναϊκος','Μαύρο T-shirt κάθετο Παναθηναϊκος','','','T-SIIRT-PANATIINAIKOS-1908'),
	(376,439,1,'T-SHIRT PANATHINAIKOS 1908','Γκρι T-shirt κάθετο Παναθηναϊκος','Γκρι T-shirt κάθετο Παναθηναϊκος','','','T-SIIRT-PANATIINAIKOS-1908'),
	(377,440,1,'T-SHIRT BARCODE PANATHINAIKOS','T-SHIRT BARCODE PANATHINAIKOS<br />  Μαύρο t-shirt','T-SHIRT BARCODE PANATHINAIKOS<br />  Μαύρο t-shirt','','','T-SIIRT-BARCODE-PANATIINAIKOS'),
	(378,441,1,'T-SHIRT PANATHINAIKOS SINCE 1908','T-SHIRT PANATHINAIKOS SINCE 1908','T-SHIRT PANATHINAIKOS SINCE 1908','','','T-SIIRT-PANATIINAIKOS-SINCE-1908'),
	(379,442,1,'ΓΥΝΑΙΚΕΙΟ T-SHIRT \"MISS GREEN\" (ΜΑΥΡΟ)','Μαύρο γυναικείο t-shirt με stras.','Μαύρο γυναικείο t-shirt με stras.','','','GΥΝAΙKEΙO-T-SIIRT-MISS-GREEN-MAΥRO'),
	(380,443,1,'ΚΑΛΤΣΕΣ ΠΑΝΑΘΗΝΑΙΚΟΣ ΣΕΤ 2 ΤΜΧ','<span style=\"background-color: #dee0e5;\">Περιέχει:<br />  Ένα ζευγάρι πράσινες κάλτες και ένα ζευγάρι άσπρες κάλτσες</span>','<span style=\"background-color: #dee0e5;\">Περιέχει:<br />  Ένα ζευγάρι πράσινες κάλτες και ένα ζευγάρι άσπρες κάλτσες</span>','','','KALTSES-PAΝATIΗΝAΙKOS-SET-2-TMCH'),
	(381,444,1,'T-SHIRT BARCODE ΤΡΙΦΥΛΛΙ','T-SHIRT BARCODE ΤΡΙΦΥΛΛΙ','T-SHIRT BARCODE ΤΡΙΦΥΛΛΙ','','','T-SIIRT-BARCODE-TRΙFΥLLΙ'),
	(382,446,1,'ΕΥΡΩΠΑΪΚΟ ΚΥΠΕΛΛΟ ΒΕΡΟΛΙΝΟΥ 2009','ΕΥΡΩΠΑΪΚΟ&nbsp;ΚΥΠΕΛΛΟ ΒΕΡΟΛΙΝΟΥ 2009<br />','ΕΥΡΩΠΑΪΚΟ&nbsp;ΚΥΠΕΛΛΟ ΒΕΡΟΛΙΝΟΥ 2009<br />','','','EΥRΩPAΪKO-KΥPELLO-ΒEROLΙΝOΥ-2009'),
	(383,447,1,'ΚΟΥΠΑ ΑΝΑΓΛΥΦΗ ΜΕ ΨΗΦΙΔΑ ΠΑΟ','ΚΟΥΠΑ ΑΝΑΓΛΥΦΗ ΜΕ ΨΗΦΙΔΑ ΠΑΟ','ΚΟΥΠΑ ΑΝΑΓΛΥΦΗ ΜΕ ΨΗΦΙΔΑ ΠΑΟ','','','KOΥPA-AΝAGLΥFΗ-ME-PSΗFΙDA-PAO'),
	(384,448,1,'ΤΕΤΡΑΔΙΟ Α5 ΛΟΥΤΡΙΝΟ ΠΑΟ','ΤΕΤΡΑΔΙΟ Α5 ΛΟΥΤΡΙΝΟ ΠΑΟ','ΤΕΤΡΑΔΙΟ Α5 ΛΟΥΤΡΙΝΟ ΠΑΟ','','','TETRADΙO-A5-LOΥTRΙΝO-PAO'),
	(385,449,1,'ΤΕΤΡΑΔΙΟ Α5 ΣΚΛΗΡΟ ΕΞΩΦΥΛΛΟ ΠΑΟ','ΤΕΤΡΑΔΙΟ Α5 ΣΚΛΗΡΟ ΕΞΩΦΥΛΛΟ ΠΑΟ','ΤΕΤΡΑΔΙΟ Α5 ΣΚΛΗΡΟ ΕΞΩΦΥΛΛΟ ΠΑΟ','','','TETRADΙO-A5-SKLΗRO-EKSΩFΥLLO-PAO'),
	(386,450,1,'ΦΑΚΕΛΟΣ ΠΑΝΑΘΗΝΑΪΚΟΣ','ΦΑΚΕΛΟΣ ΠΑΝΑΘΗΝΑΪΚΟΣ<br />  Με μπάλα 5 αστέρια','ΦΑΚΕΛΟΣ ΠΑΝΑΘΗΝΑΪΚΟΣ<br />  Με μπάλα 5 αστέρια','','','FAKELOS-PAΝATIΗΝAΪKOS'),
	(392,457,1,'ΣΥΛΛΕΚΤΙΚΟ DVD ΑΛΒΕΡΤΗΣ','ΣΥΛΛΕΚΤΙΚΟ DVD ΑΛΒΕΡΤΗΣ','ΣΥΛΛΕΚΤΙΚΟ DVD ΑΛΒΕΡΤΗΣ','','','SΥLLEKTΙKO-DVD-ALΒERTΗS'),
	(393,458,1,'T-SHIRT ΑΛΒΕΡΤΗΣ ΥΠΟΓΡΑΦΗ ΠΡΑΣΙΝΟ ΣΚΟΥΡΟ','T-SHIRT ΑΛΒΕΡΤΗΣ ΥΠΟΓΡΑΦΗ ΠΡΑΣΙΝΟ ΣΚΟΥΡΟ','T-SHIRT ΑΛΒΕΡΤΗΣ ΥΠΟΓΡΑΦΗ ΠΡΑΣΙΝΟ ΣΚΟΥΡΟ','','','T-SIIRT-ALΒERTΗS-ΥPOGRAFΗ-PRASΙΝO-SKOΥRO'),
	(394,459,1,'T-SHIRT ΑΛΒΕΡΤΗΣ 25 ΤΙΤΛΟΙ ΜΑΥΡΟ','T-SHIRT ΑΛΒΕΡΤΗΣ 25 ΤΙΤΛΟΙ ΜΑΥΡΟ','T-SHIRT ΑΛΒΕΡΤΗΣ 25 ΤΙΤΛΟΙ ΜΑΥΡΟ','','','T-SIIRT-ALΒERTΗS-25-TΙTLOΙ-MAΥRO'),
	(396,461,1,'ΚΑΣΚΟΛ ΠΛΕΚΤΟ FRANKIE ΑΛΒΕΡΤΗΣ','ΚΑΣΚΟΛ ΠΛΕΚΤΟ FRANKIE ΑΛΒΕΡΤΗΣ','ΚΑΣΚΟΛ ΠΛΕΚΤΟ FRANKIE ΑΛΒΕΡΤΗΣ','','','KASKOL-PLEKTO-FRANKIE-ALΒERTΗS'),
	(400,465,1,'ΣΥΛΛΕΚΤΙΚΗ ΕΜΦΑΝΙΣΗ ALL OVER PRINTED ΑΛΒΕΡΤΗΣ ΜΟΝΟΧΡΩΜΗ','ΣΥΛΛΕΚΤΙΚΗ ΕΜΦΑΝΙΣΗ ALL OVER PRINTED ΑΛΒΕΡΤΗΣ ΜΟΝΟΧΡΩΜΗ <br />  Μέχρι εξαντλήσεως των αποθεμάτων','ΣΥΛΛΕΚΤΙΚΗ ΕΜΦΑΝΙΣΗ ALL OVER PRINTED ΑΛΒΕΡΤΗΣ ΜΟΝΟΧΡΩΜΗ <br />  Μέχρι εξαντλήσεως των αποθεμάτων','','','SΥLLEKTΙKΗ-EMFAΝΙSΗ-ALL-OVER-PRINTED-ALΒERTΗS-MOΝOCHRΩMΗ'),
	(403,468,1,'ΚΟΜΠΙΟΥΤΕΡΑΚΙ','ΚΟΜΠΙΟΥΤΕΡΑΚΙ ΣΧΗΜΑ ΤΡΙΦΥΛΛΙ','ΚΟΜΠΙΟΥΤΕΡΑΚΙ ΣΧΗΜΑ ΤΡΙΦΥΛΛΙ','','','KOMPΙOΥTERAKΙ'),
	(404,469,1,'ΕΠΙΣΗΜΗ ΕΜΦΑΝΙΣΗ ΜΠΑΣΚΕΤ 2009-10 (ΠΡΑΣΙΝΗ)','ΕΠΙΣΗΜΗ ΕΜΦΑΝΙΣΗ ΜΠΑΣΚΕΤ 2009-10<br />  Χρώμα πράσινο<br />  <br />  *Αλλαγές δεν γίνονται στις τυπωμένες εμφανίσεις','ΕΠΙΣΗΜΗ ΕΜΦΑΝΙΣΗ ΜΠΑΣΚΕΤ 2009-10<br />  Χρώμα πράσινο<br />  <br />  *Αλλαγές δεν γίνονται στις τυπωμένες εμφανίσεις','','','EPΙSΗMΗ-EMFAΝΙSΗ-MPASKET-2009-10-PRASΙΝΗ'),
	(405,470,1,'ΕΠΙΣΗΜΗ ΕΜΦΑΝΙΣΗ ΜΠΑΣΚΕΤ 2009-10 (ΛΕΥΚΗ)','ΕΠΙΣΗΜΗ ΕΜΦΑΝΙΣΗ ΜΠΑΣΚΕΤ 2009-10<br />  Χρώμα λευκό<br />  <br />  *Αλλαγές δεν γίνονται στις τυπωμένες εμφανίσεις','ΕΠΙΣΗΜΗ ΕΜΦΑΝΙΣΗ ΜΠΑΣΚΕΤ 2009-10<br />  Χρώμα λευκό<br />  <br />  *Αλλαγές δεν γίνονται στις τυπωμένες εμφανίσεις','','','EPΙSΗMΗ-EMFAΝΙSΗ-MPASKET-2009-10-LEΥKΗ'),
	(406,471,1,'ΠΑΙΔΙΚΗ ΕΠΙΣΗΜΗ ΕΜΦΑΝΙΣΗ ΜΠΑΣΚΕΤ 2009-10','ΠΑΙΔΙΚΗ ΕΠΙΣΗΜΗ ΕΜΦΑΝΙΣΗ ΜΠΑΣΚΕΤ 2009-10<br />  Xρώμα πράσινο<br />  <br />  *Αλλαγές δεν γίνονται στις τυπωμένες εμφανίσεις','ΠΑΙΔΙΚΗ ΕΠΙΣΗΜΗ ΕΜΦΑΝΙΣΗ ΜΠΑΣΚΕΤ 2009-10<br />  Xρώμα πράσινο<br />  <br />  *Αλλαγές δεν γίνονται στις τυπωμένες εμφανίσεις','','','PAΙDΙKΗ-EPΙSΗMΗ-EMFAΝΙSΗ-MPASKET-2009-10'),
	(407,472,1,'ΠΑΙΔΙΚΗ ΕΠΙΣΗΜΗ ΕΜΦΑΝΙΣΗ ΜΠΑΣΚΕΤ 2009-10','ΠΑΙΔΙΚΗ ΕΠΙΣΗΜΗ ΕΜΦΑΝΙΣΗ ΜΠΑΣΚΕΤ 2009-10<br />  Xρώμα λευκο<br />  <br />  *Αλλαγές δεν γίνονται στις τυπωμένες εμφανίσεις','ΠΑΙΔΙΚΗ ΕΠΙΣΗΜΗ ΕΜΦΑΝΙΣΗ ΜΠΑΣΚΕΤ 2009-10<br />  Xρώμα λευκο<br />  <br />  *Αλλαγές δεν γίνονται στις τυπωμένες εμφανίσεις','','','PAΙDΙKΗ-EPΙSΗMΗ-EMFAΝΙSΗ-MPASKET-2009-10'),
	(408,473,1,'ΕΠΙΣΗΜΗ ΕΜΦΑΝΙΣΗ ΜΠΑΣΚΕΤ 2009-10 (ΓΑΛΑΖΙΑ)','ΕΠΙΣΗΜΗ ΕΜΦΑΝΙΣΗ ΜΠΑΣΚΕΤ 2009-10<br />  Χρώμα γαλάζιο<br />  <br />  *Αλλαγές δεν γίνονται στις τυπωμένες εμφανίσεις','ΕΠΙΣΗΜΗ ΕΜΦΑΝΙΣΗ ΜΠΑΣΚΕΤ 2009-10<br />  Χρώμα γαλάζιο<br />  <br />  *Αλλαγές δεν γίνονται στις τυπωμένες εμφανίσεις','','','EPΙSΗMΗ-EMFAΝΙSΗ-MPASKET-2009-10-GALAZΙA'),
	(409,474,1,'ΠΑΙΔΙΚΗ ΕΠΙΣΗΜΗ ΕΜΦΑΝΙΣΗ ΜΠΑΣΚΕΤ 2009-10 (ΓΑΛΑΖΙΑ)','ΠΑΙΔΙΚΗ ΕΠΙΣΗΜΗ ΕΜΦΑΝΙΣΗ ΜΠΑΣΚΕΤ 2009-10<br />  Xρώμα γαλάζιο<br />  <br />  *Αλλαγές δεν γίνονται στις τυπωμένες εμφανίσεις','ΠΑΙΔΙΚΗ ΕΠΙΣΗΜΗ ΕΜΦΑΝΙΣΗ ΜΠΑΣΚΕΤ 2009-10<br />  Xρώμα γαλάζιο<br />  <br />  *Αλλαγές δεν γίνονται στις τυπωμένες εμφανίσεις','','','PAΙDΙKΗ-EPΙSΗMΗ-EMFAΝΙSΗ-MPASKET-2009-10-GALAZΙA'),
	(410,475,1,'T-SHIRT ΜΙΣΟ ΤΡΙΦΥΛΛΙ','T-SHIRT ΜΙΣΟ ΤΡΙΦΥΛΛΙ <br />  Χρώμα γκρι','T-SHIRT ΜΙΣΟ ΤΡΙΦΥΛΛΙ <br />  Χρώμα γκρι','','','T-SIIRT-MΙSO-TRΙFΥLLΙ'),
	(411,476,1,'ΚΑΣΚΟΛ ΜΕ ΡΙΓΕΣ PAO','ΚΑΣΚΟΛ ΜΕ ΡΙΓΕΣ PAO','ΚΑΣΚΟΛ ΜΕ ΡΙΓΕΣ PAO','','','KASKOL-ME-RΙGES-PAO'),
	(413,478,1,'ΚΑΣΚΟΛ ΠΑΝΑΘΗΝΑΪΚΟΣ','ΚΑΣΚΟΛ ΠΑΝΑΘΗΝΑΪΚΟΣ','ΚΑΣΚΟΛ ΠΑΝΑΘΗΝΑΪΚΟΣ','','','KASKOL-PAΝATIΗΝAΪKOS'),
	(414,479,1,'ΚΑΣΚΟΛ ΠΑΝΑΘΗΝΑΙΚΟΣ','ΚΑΣΚΟΛ ΠΑΝΑΘΗΝΑΙΚΟΣ <br />  Με ρίγες λευκές &amp; πράσινες','ΚΑΣΚΟΛ ΠΑΝΑΘΗΝΑΙΚΟΣ <br />  Με ρίγες λευκές &amp; πράσινες','','','KASKOL-PAΝATIΗΝAΙKOS'),
	(417,482,1,'ΚΑΣΚΟΛ MY PRIDE ΠΑΝΑΘΗΝΑΙΚΟΣ 1908','ΚΑΣΚΟΛ MY PRIDE ΠΑΝΑΘΗΝΑΙΚΟΣ 1908 <br />  Με τριφύλλια ΠΑΟ','ΚΑΣΚΟΛ MY PRIDE ΠΑΝΑΘΗΝΑΙΚΟΣ 1908 <br />  Με τριφύλλια ΠΑΟ','','','KASKOL-MI-PRIDE-PAΝATIΗΝAΙKOS-1908'),
	(419,484,1,'POLO ADIDAS 2009-2010','POLO ADIDAS 2009-2010 <br />  Χρώμα λευκό','POLO ADIDAS 2009-2010 <br />  Χρώμα λευκό','','','POLO-ADIDAS-2009-2010'),
	(421,486,1,'SHORTS ADIDAS ΜΑΚΟ 2009-2010 (ΠΡΑΣΙΝΟ)','SHORTS ADIDAS ΜΑΚΟ 2009-2010<br />  Χρώμα πράσινο','SHORTS ADIDAS ΜΑΚΟ 2009-2010<br />  Χρώμα πράσινο','','','SIORTS-ADIDAS-MAKO-2009-2010-PRASΙΝO'),
	(423,492,1,'PIN SET OF 5 EUROPEAN TROPHIES','PIN SET OF 5 EUROPEAN TROPHIES','PIN SET OF 5 EUROPEAN TROPHIES','','','PIN-SET-OF-5-EUROPEAN-TROPIIES'),
	(424,493,1,'ΚΑΡΦΙΤΣΑ ΚΥΠΕΛΛΟ BERLIN 2009','ΚΑΡΦΙΤΣΑ ΠΕΤΟΥ ΚΥΠΕΛΛΟ BERLIN 2009','ΚΑΡΦΙΤΣΑ ΠΕΤΟΥ ΚΥΠΕΛΛΟ BERLIN 2009','','','KARFΙTSA-KΥPELLO-BERLIN-2009'),
	(425,495,1,'AMANIKO ADIDAS 2009-2010','AMANIKO ADIDAS 2009-2010 <br /> Χρώμα: λευκό','AMANIKO ADIDAS 2009-2010 <br /> Χρώμα: λευκό','','','AMANIKO-ADIDAS-2009-2010'),
	(426,496,1,'SHORTS ADIDAS ΜΑΚΟ 2009-2010 (ΛΕΥΚΟ)','Χρώμα λευκό','Χρώμα λευκό','','','SIORTS-ADIDAS-MAKO-2009-2010-LEΥKO'),
	(428,498,1,'ΦΟΡΜΑ ΠΑΓΚΟΥ ADIDAS 2009-2010','ΦΟΡΜΑ ΠΑΓΚΟΥ ADIDAS 2009-2010','ΦΟΡΜΑ ΠΑΓΚΟΥ ADIDAS 2009-2010','','','FORMA-PAGKOΥ-ADIDAS-2009-2010'),
	(429,499,1,'ΦΟΡΜΑ ADIDAS ΠΡΑΣΙΝΗ ΜΑΚΟ 2009-2010','ΦΟΡΜΑ ADIDAS ΠΡΑΣΙΝΗ ΜΑΚΟ 2009-2010','ΦΟΡΜΑ ADIDAS ΠΡΑΣΙΝΗ ΜΑΚΟ 2009-2010','','','FORMA-ADIDAS-PRASΙΝΗ-MAKO-2009-2010'),
	(430,500,1,'ΣΕΤ ΚΟΥΤΙΩΝ ΜΕ ΥΜΝΟ','ΣΕΤ ΚΟΥΤΙΩΝ ΜΕ ΤΟΝ ΥΜΝΟ ΤΟΥ ΠΑΝΑΘΗΝΑΪΚΟΥ<br />  Περιέχει 3 κουτάκια<br />  Διαστάσεις: 20.5x16x12, 17x13x11.5, 13.5x9.5x11','ΣΕΤ ΚΟΥΤΙΩΝ ΜΕ ΤΟΝ ΥΜΝΟ ΤΟΥ ΠΑΝΑΘΗΝΑΪΚΟΥ<br />  Περιέχει 3 κουτάκια<br />  Διαστάσεις: 20.5x16x12, 17x13x11.5, 13.5x9.5x11','','','SET-KOΥTΙΩΝ-ME-ΥMΝO'),
	(431,501,1,'ΚΑΣΕΤΙΝΑ ΜΕ ΥΜΝΟ','ΚΑΣΕΤΙΝΑ ΜΕ ΤΟΝ ΥΜΝΟ ΤΟΥ ΠΑΝΑΘΗΝΑΪΚΟΥ','ΚΑΣΕΤΙΝΑ ΜΕ ΤΟΝ ΥΜΝΟ ΤΟΥ ΠΑΝΑΘΗΝΑΪΚΟΥ','','','KASETΙΝA-ME-ΥMΝO'),
	(432,502,1,'ΑΝΟΙΧΤΗΡΙ ΜΕ ΤΟΝ ΥΜΝΟ','ΑΝΟΙΧΤΗΡΙ ΜΕ ΤΟΝ ΥΜΝΟ ΤΟΥ ΠΑΝΑΘΗΝΑΪΚΟΥ','ΑΝΟΙΧΤΗΡΙ ΜΕ ΤΟΝ ΥΜΝΟ ΤΟΥ ΠΑΝΑΘΗΝΑΪΚΟΥ','','','AΝOΙCHTΗRΙ-ME-TOΝ-ΥMΝO'),
	(433,503,1,'ΣΤΥΛΟ ΜΕ ΥΜΝΟ','ΣΤΥΛΟΣ ΜΕ ΤΟΝ ΥΜΝΟ ΤΟΥ ΠΑΝΑΘΗΝΑΪΚΟΥ','ΣΤΥΛΟΣ ΜΕ ΤΟΝ ΥΜΝΟ ΤΟΥ ΠΑΝΑΘΗΝΑΪΚΟΥ','','','STΥLO-ME-ΥMΝO'),
	(434,504,1,'ΜΙΚΡΗ ΤΣΑΝΤΑ ΔΩΡΟΥ ΜΕ ΤΟΝ ΥΜΝΟ','ΤΣΑΝΤΑ ΔΩΡΟΥ ΜΕ ΤΟΝ ΥΜΝΟ ΤΟΥ ΠΑΝΑΘΗΝΑΪΚΟΥ<br />  Μέγεθος: μικρό<br />  Διαστάσεις: 13.5 x 6 x 10.5','ΤΣΑΝΤΑ ΔΩΡΟΥ ΜΕ ΤΟΝ ΥΜΝΟ ΤΟΥ ΠΑΝΑΘΗΝΑΪΚΟΥ<br />  Μέγεθος: μικρό<br />  Διαστάσεις: 13.5 x 6 x 10.5','','','MΙKRΗ-TSAΝTA-DΩROΥ-ME-TOΝ-ΥMΝO'),
	(435,505,1,'ΜΕΣΑΙΑ ΤΣΑΝΤΑ ΔΩΡΟΥ ΜΕ ΤΟΝ ΥΜΝΟ','ΜΕΣΑΙΑ ΤΣΑΝΤΑ ΔΩΡΟΥ ΜΕ ΤΟΝ ΥΜΝΟ ΤΟΥ ΠΑΝΑΘΗΝΑΪΚΟΥ<br />  Διαστάσεις: 25 x 10 x 20','ΜΕΣΑΙΑ ΤΣΑΝΤΑ ΔΩΡΟΥ ΜΕ ΤΟΝ ΥΜΝΟ ΤΟΥ ΠΑΝΑΘΗΝΑΪΚΟΥ<br />  Διαστάσεις: 25 x 10 x 20','','','MESAΙA-TSAΝTA-DΩROΥ-ME-TOΝ-ΥMΝO'),
	(437,507,1,'ΠΥΖΑΜΑ ΧΕΙΜΩΝΙΑΤΙΚΗ ΜΙΣΟ ΤΡΙΦΥΛΛΙ','ΠΥΖΑΜΑ ΧΕΙΜΩΝΙΑΤΙΚΗ ΜΙΣΟ ΤΡΙΦΥΛΛΙ ΓΙΑ 0-6 ΕΤΩΝ','ΠΥΖΑΜΑ ΧΕΙΜΩΝΙΑΤΙΚΗ ΜΙΣΟ ΤΡΙΦΥΛΛΙ ΓΙΑ 0-6 ΕΤΩΝ','','','PΥZAMA-CHEΙMΩΝΙATΙKΗ-MΙSO-TRΙFΥLLΙ'),
	(456,528,1,'ALVERTIS','ALVERTIS','ALVERTIS','','','ALVERTIS'),
	(457,529,1,'PAPANIKOLAOU','PAPANIKOLAOU','PAPANIKOLAOU','','','PAPANIKOLAOU'),
	(458,530,1,'BATISTE','BATISTE','BATISTE','','','BATISTE'),
	(459,531,1,'CHATZIVRETTAS','CHATZIVRETTAS','CHATZIVRETTAS','','','CIATZIVRETTAS'),
	(460,532,1,'TSARTSARIS','TSARTSARIS','TSARTSARIS','','','TSARTSARIS'),
	(461,533,1,'DIAMANTIDIS','DIAMANTIDIS','DIAMANTIDIS','','','DIAMANTIDIS'),
	(462,534,1,'TOMASEVIC','TOMASEVIC','TOMASEVIC','','','TOMASEVIC'),
	(463,535,1,'SAKOTA','SAKOTA','SAKOTA','','','SAKOTA'),
	(464,536,1,'ΑΤΥΠΩΤΗ','ΑΤΥΠΩΤΗ','ΑΤΥΠΩΤΗ','','','ATΥPΩTΗ'),
	(465,537,1,'DELK','DELK','DELK','','','DELK'),
	(466,538,1,'BECIROVIC','BECIROVIC','BECIROVIC','','','BECIROVIC'),
	(467,539,1,'SISKAUSKAS','SISKAUSKAS','SISKAUSKAS','','','SISKAUSKAS'),
	(468,540,1,'NTIKOUDIS','NTIKOUDIS','NTIKOUDIS','','','NTIKOUDIS'),
	(469,541,1,'XANTHOPOULOS','XANTHOPOULOS','XANTHOPOULOS','','','XANTIOPOULOS'),
	(470,542,1,'VUJANIC','VUJANIC','VUJANIC','','','VUJANIC'),
	(471,543,1,'JAVTOKAS','JAVTOKAS','JAVTOKAS','','','JAVTOKAS'),
	(472,544,1,'PERPEROGLOU','PERPEROGLOU','PERPEROGLOU','','','PERPEROGLOU'),
	(473,545,1,'SPANOULIS','SPANOULIS','SPANOULIS','','','SPANOULIS'),
	(474,546,1,'ZIZIC','ZIZIC','ZIZIC','','','ZIZIC'),
	(475,547,1,'WINSTON','WINSTON','WINSTON','','','WINSTON'),
	(476,548,1,'JASIKEVICIUS','JASIKEVICIUS','JASIKEVICIUS','','','JASIKEVICIUS'),
	(477,549,1,'100 ΧΡΟΝΙΑ','100 ΧΡΟΝΙΑ','100 ΧΡΟΝΙΑ','','','100-CHROΝΙA'),
	(478,550,1,'PRKACIN','PRKACIN','PRKACIN','','','PRKACIN'),
	(479,551,1,'1 θέμα','1 θέμα','1 θέμα','','','1-thema'),
	(480,552,1,'2 θέματα','2 θέματα','2 θέματα','','','2-themata'),
	(481,553,1,'3 θέματα','3 θέματα','3 θέματα','','','3-themata'),
	(482,554,1,'ΧΡΙΣΤΟΔΟΥΛΟΠΟΥΛΟΣ','ΧΡΙΣΤΟΔΟΥΛΟΠΟΥΛΟΣ','ΧΡΙΣΤΟΔΟΥΛΟΠΟΥΛΟΣ','','','CHRΙSTODOΥLOPOΥLOS'),
	(483,555,1,'ΚΑΡΑΓΚΟΥΝΗΣ','ΚΑΡΑΓΚΟΥΝΗΣ','ΚΑΡΑΓΚΟΥΝΗΣ','','','KARAGKOΥΝΗS'),
	(484,556,1,'IVANSCHITZ','IVANSCHITZ','IVANSCHITZ','','','IVANSCIITZ'),
	(485,557,1,'RUKAVINA','RUKAVINA','RUKAVINA','','','RUKAVINA'),
	(486,558,1,'ΣΑΛΠΙΓΓΙΔΗΣ','ΣΑΛΠΙΓΓΙΔΗΣ','ΣΑΛΠΙΓΓΙΔΗΣ','','','SALPΙGGΙDΗS'),
	(487,559,1,'ΓΚΟΥΜΑΣ','ΓΚΟΥΜΑΣ','ΓΚΟΥΜΑΣ','','','GKOΥMAS'),
	(488,560,1,'GABRIEL','GABRIEL','GABRIEL','','','GABRIEL'),
	(489,561,1,'SIMAO','SIMAO','SIMAO','','','SIMAO'),
	(490,562,1,'ΣΠΥΡΟΠΟΥΛΟΣ','ΣΠΥΡΟΠΟΥΛΟΣ','ΣΠΥΡΟΠΟΥΛΟΣ','','','SPΥROPOΥLOS'),
	(491,563,1,'MATTOS','MATTOS','MATTOS','','','MATTOS'),
	(492,564,1,'ΝΙΝΗΣ','ΝΙΝΗΣ','ΝΙΝΗΣ','','','ΝΙΝΗS'),
	(493,565,1,'CLEYTON','CLEYTON','CLEYTON','','','CLEITON'),
	(494,566,1,'GILBERTO','GILBERTO','GILBERTO','','','GILBERTO'),
	(495,567,1,'KECMAN','KECMAN','KECMAN','','','KECMAN'),
	(496,568,1,'FOTSIS','FOTSIS','FOTSIS','','','FOTSIS'),
	(497,569,1,'NICHOLAS','NICHOLAS','NICHOLAS','','','NICIOLAS'),
	(498,570,1,'PEKOVIC','PEKOVIC','PEKOVIC','','','PEKOVIC'),
	(499,571,1,'VERGINIS','VERGINIS','VERGINIS','','','VERGINIS'),
	(500,572,1,'PANTALEON','PANTALEON','PANTALEON','','','PANTALEON'),
	(501,573,1,'ANDRAE','ANDRAE','ANDRAE','','','ANDRAE'),
	(502,574,1,'ANDREADIS','ANDREADIS','ANDREADIS','','','ANDREADIS'),
	(503,575,1,'AGAMEZ','AGAMEZ','AGAMEZ','','','AGAMEZ'),
	(504,576,1,'HERPE','HERPE','HERPE','','','IERPE'),
	(505,577,1,'CISSE','CISSE','CISSE','','','CISSE'),
	(506,578,1,'LETO','LETO','LETO','','','LETO'),
	(507,579,1,'ΠΕΤΡΟΠΟΥΛΟΣ','ΠΕΤΡΟΠΟΥΛΟΣ','ΠΕΤΡΟΠΟΥΛΟΣ','','','PETROPOΥLOS'),
	(508,580,1,'ΚΑΤΣΟΥΡΑΝΗΣ','ΚΑΤΣΟΥΡΑΝΗΣ','ΚΑΤΣΟΥΡΑΝΗΣ','','','KATSOΥRAΝΗS'),
	(509,581,1,'VYNTRA','VYNTRA','VYNTRA','','','VINTRA'),
	(510,582,1,'SARRIEGI','SARRIEGI','SARRIEGI','','','SARRIEGI'),
	(511,583,1,'TEPIC','TEPIC','TEPIC','','','TEPIC'),
	(512,584,1,'BOGRIS','BOGRIS','BOGRIS','','','BOGRIS'),
	(513,585,1,'CALATHES','CALATHES','CALATHES','','','CALATIES'),
	(514,586,1,'SHERMANDINI','SHERMANDINI','SHERMANDINI','','','SIERMANDINI'),
	(516,588,1,'ΖΑΚΕΤΑ PANATHINAIKOS BC ΧΑΡΑΓΜΕΝΟ ΑΣΤΕΡΙ','ΖΑΚΕΤΑ PANATHINAIKOS BC ΧΑΡΑΓΜΕΝΟ ΑΣΤΕΡΙ','ΖΑΚΕΤΑ PANATHINAIKOS BC ΧΑΡΑΓΜΕΝΟ ΑΣΤΕΡΙ','','','ZAKETA-PANATIINAIKOS-BC-CHARAGMEΝO-ASTERΙ'),
	(521,593,1,'ΜΠΛΟΥΖΑ ΜΑΚΡΥΜΑΝΙΚΗ \"\'BARCODE\"','ΜΠΛΟΥΖΑ ΜΑΚΡΥΜΑΝΙΚΗ \"\'BARCODE\"','ΜΠΛΟΥΖΑ ΜΑΚΡΥΜΑΝΙΚΗ \"\'BARCODE\"','','','MPLOΥZA-MAKRΥMAΝΙKΗ--BARCODE-'),
	(522,594,1,'ΣΗΜΑΙΑ HISTORY 2009 ΜΕ ΡΙΓΕΣ','GILBERTO 2010-2011','GILBERTO 2010-2011','','','SΗMAΙA-IISTORI-2009-ME-RΙGES'),
	(523,595,1,'ΣΗΜΑΙΑ TRIPLE CROWN 2009 ΜΕ ΡΙΓΕΣ','BOUMSONG 2010-2011','BOUMSONG 2010-2011','','','SΗMAΙA-TRIPLE-CROWN-2009-ME-RΙGES'),
	(524,596,1,'ΣΗΜΑΙΑ ΜΙΚΡΗ ΣΗΜΑ ΠΑΟ ΜΕ ΡΙΓΕΣ','ΚΑΤΣΟΥΡΑΝΗΣ 2010-2011','ΚΑΤΣΟΥΡΑΝΗΣ 2010-2011','','','SΗMAΙA-MΙKRΗ-SΗMA-PAO-ME-RΙGES'),
	(525,597,1,'ΣΗΜΑΙΑ ΜΕΓΑΛΗ ΣΗΜΑ ΠΑΟ ΜΕ ΡΙΓΕΣ','GARSIA 2010-2011','GARSIA 2010-2011','','','SΗMAΙA-MEGALΗ-SΗMA-PAO-ME-RΙGES'),
	(526,598,1,'ΤΣΑΝΤΑ ΔΩΡΟΥ ΓΙΑ ΠΟΤΑ ΜΕ ΥΜΝΟ','DIAMANTIDIS','DIAMANTIDIS','','','TSAΝTA-DΩROΥ-GΙA-POTA-ME-ΥMΝO'),
	(527,599,1,'ΕΥΧΕΤΗΡΙΟΣ ΦΑΚΕΛΟΣ ΜΕ ΥΜΝΟ','BATISTE','BATISTE','','','EΥCHETΗRΙOS-FAKELOS-ME-ΥMΝO'),
	(528,600,1,'ΜΙΚΡΗ ΕΥΧΕΤΗΡΙΑ ΚΑΡΤΑ ΜΕ ΥΜΝΟ','NICHOLAS','NICHOLAS','','','MΙKRΗ-EΥCHETΗRΙA-KARTA-ME-ΥMΝO'),
	(529,601,1,'ΜΕΓΑΛΗ ΕΥΧΕΤΗΡΙΑ ΚΑΡΤΑ ΜΕ ΥΜΝΟ','FOTSIS','FOTSIS','','','MEGALΗ-EΥCHETΗRΙA-KARTA-ME-ΥMΝO'),
	(530,602,1,'ΚΟΥΤΑΚΙ ΜΕ TON ΥΜΝΟ','SATO','SATO','','','KOΥTAKΙ-ME-TON-ΥMΝO'),
	(535,607,1,'POLO ΑΝΔΡΙΚΟ Μ/Μ ΡΙΓΕ Νo13','TEPIC','TEPIC','','','POLO-AΝDRΙKO-M/M-RΙGE-Νo13'),
	(536,608,1,'ΓΥΝΑΙΚΕΙΟ POLO Μ/Μ MISS GREEN','PERPEROGLOU','PERPEROGLOU','','','GΥΝAΙKEΙO-POLO-M/M-MISS-GREEN'),
	(537,609,1,'ΒΕΛΟΥΔΙΝΗ ΦΟΡΜΑ ΓΙΑ ΚΟΡΙΤΣΙΑ','TSARTSARIS','TSARTSARIS','','','ΒELOΥDΙΝΗ-FORMA-GΙA-KORΙTSΙA'),
	(538,610,1,'ΣΕΤ ΚΟΡΙΤΣΙΣΤΙΚΟ ΜΕ ΣΗΜΑ ΠΑΟ','BOGRIS','BOGRIS','','','SET-KORΙTSΙSTΙKO-ME-SΗMA-PAO'),
	(539,611,1,'ΖΑΚΕΤΑ ΓΥΝΑΙΚΕΙΑ ΜΕ ΚΟΥΚΟΥΛΑ MISS GREEN','DIAMANTIDIS','DIAMANTIDIS','','','ZAKETA-GΥΝAΙKEΙA-ME-KOΥKOΥLA-MISS-GREEN'),
	(540,612,1,'ΓΥΝΑΙΚΕΙΑ ΦΟΡΜΑ ΒΕΛΟΥΤΕ MISS GREEN','BATISTE','BATISTE','','','GΥΝAΙKEΙA-FORMA-ΒELOΥTE-MISS-GREEN'),
	(541,613,1,'ΠΑΝΤΕΛΟΝΙ ΑΓΟΡΙΣΤΙΚΟ ΣΗΜΑ ΠΑΟ','JASIKEVICIUS','JASIKEVICIUS','','','PAΝTELOΝΙ-AGORΙSTΙKO-SΗMA-PAO'),
	(542,614,1,'ΚΟΛΑΝ ΚΟΡΙΤΣΙΣΤΙΚΟ ΠΑΝΑΘΗΝΑΪΚΟΣ','LOGAN','LOGAN','','','KOLAΝ-KORΙTSΙSTΙKO-PAΝATIΗΝAΪKOS'),
	(543,615,1,'SHORTS ΕΜΦΑΝΙΣΗΣ ΜΠΑΣΚΕΤ 2009-2010 (ΠΡΑΣΙΝΟ)','SATO','SATO','','','SIORTS-EMFAΝΙSΗS-MPASKET-2009-2010-PRASΙΝO'),
	(544,616,1,'SHORTS ΕΜΦΑΝΙΣΗΣ ΜΠΑΣΚΕΤ 2009-2010 (ΛΕΥΚΟ)','N. CALATHES','N. CALATHES','','','SIORTS-EMFAΝΙSΗS-MPASKET-2009-2010-LEΥKO'),
	(545,617,1,'ΦΟΥΤΕΡ ΓΙΛΕΚΟ ΠΑΙΔΙΚΟ BARCODE','SMITH','SMITH','','','FOΥTER-GΙLEKO-PAΙDΙKO-BARCODE'),
	(546,618,1,'ΦΟΥΤΕΡ ΠΑΙΔΙΚO ΠΑΝΑΘΗΝΑΪΚΟΣ ΚΥΒΑΚΙΑ','PERPEROGLOU','PERPEROGLOU','','','FOΥTER-PAΙDΙKO-PAΝATIΗΝAΪKOS-KΥΒAKΙA'),
	(547,619,1,'ΦΟΥΤΕΡ ΠΑΙΔΙΚΟ ΠΑΝΑΘΗΝΑΪΚΟΣ ΚΑΘΕΤΟ','MARIC','MARIC','','','FOΥTER-PAΙDΙKO-PAΝATIΗΝAΪKOS-KATIETO'),
	(549,621,1,'ΠΥΖΑΜΑ ΧΕΙΜΩΝΙΑΤΙΚΗ ΜΙΣΟ ΤΡΙΦΥΛΛΙ','P. CALATHES','P. CALATHES','','','PΥZAMA-CHEΙMΩΝΙATΙKΗ-MΙSO-TRΙFΥLLΙ'),
	(550,622,1,'ΠΥΖΑΜΑ ΧΕΙΜΩΝΙΑΤΙΚΗ ΜΙΣΟ ΤΡΙΦΥΛΛΙ','VOUGIOUKAS','VOUGIOUKAS','','','PΥZAMA-CHEΙMΩΝΙATΙKΗ-MΙSO-TRΙFΥLLΙ'),
	(551,623,1,'ΖΑΚΕΤΑ ΜΕ ΚΟΥΚΟΥΛΑ ΠΑΙΔΙΚΗ ΣΗΜΑ ΠΑΟ','KAIMAKOGLOU','KAIMAKOGLOU','','','ZAKETA-ME-KOΥKOΥLA-PAΙDΙKΗ-SΗMA-PAO'),
	(552,624,1,'ΑΝΑΠΤΗΡΑΣ ZIPPO PANATHINAIKOS BC','KYRITSIS','KYRITSIS','','','AΝAPTΗRAS-ZIPPO-PANATIINAIKOS-BC'),
	(555,627,1,'ΜΠΡΕΛΟΚ ΑΝΟΙΧΤΗΡΙ ΠΑΝΑΘΗΝΑΙΚΟΣ','QUINCY','QUINCY','','','MPRELOK-AΝOΙCHTΗRΙ-PAΝATIΗΝAΙKOS'),
	(558,630,1,'ΛΑΒΑΡΟ PANATHINAIKOS HISTORY ΜΕΓΑΛΟ','ΘΗΚΗ ΓΙΑ ΤΙΣ 2 ΣΥΛΛΟΓΕΣ DVD','ΘΗΚΗ ΓΙΑ ΤΙΣ 2 ΣΥΛΛΟΓΕΣ DVD','','','LAΒARO-PANATIINAIKOS-IISTORI-MEGALO'),
	(559,631,1,'ΛΑΒΑΡΟ ΤΡΙΓΩΝΙΚΟ PANATHINAIKOS HISTORY ΜΕΓΑΛΟ','ΧΩΡΙΣ ΘΗΚΗ','ΧΩΡΙΣ ΘΗΚΗ','','','LAΒARO-TRΙGΩΝΙKO-PANATIINAIKOS-IISTORI-MEGALO'),
	(560,632,1,'ΛΑΒΑΡΟ TRIPLE CROWN 2009 ΜΕ ΚΡΟΣΙΑ ΜΙΚΡΟ','SOFO No 21','SOFO No 21','','','LAΒARO-TRIPLE-CROWN-2009-ME-KROSΙA-MΙKRO'),
	(563,635,1,'MOUSE PAD ΗΜΕΡΟΛΟΓΙΟ 2010','MACIULIS','MACIULIS','','','MOUSE-PAD-ΗMEROLOGΙO-2010'),
	(565,637,1,'ΣΕΤ 2 ΤΜΧ ΠΟΤΗΡΙΑ ΣΑΜΠΑΝΙΑΣ PANATHINAIKOS','KITCHEN','KITCHEN','','','SET-2-TMCH-POTΗRΙA-SAMPAΝΙAS-PANATIINAIKOS'),
	(566,638,1,'ΣΕΤ 6 ΟΥΙΣΚΙ 6 ΠΟΤΗΡΙΑ ΚΑΙ ΠΑΓΟΘΗΚΗ PANATHINAIKOS','XANTHOPOULOS','XANTHOPOULOS','','','SET-6-OΥΙSKΙ-6-POTΗRΙA-KAΙ-PAGOTIΗKΗ-PANATIINAIKOS'),
	(567,639,1,'ΑΥΤΟΚΟΛΛΗΤΟ ΠΑΝΑΘΗΝΑΙΚΟΣ','GIANNOPOULOS','GIANNOPOULOS','','','AΥTOKOLLΗTO-PAΝATIΗΝAΙKOS'),
	(568,640,1,'ΑΥΤΟΚΟΛΛΗΤΟ \'\'I LOVE PAO\'\'','CHARALAMPOPOULOS','CHARALAMPOPOULOS','','','AΥTOKOLLΗTO--I-LOVE-PAO-'),
	(569,641,1,'ΜΕΤΑΛΛΙΚΗ ΤΑΥΤΟΤΗΤΑ TRIPLE CROWN 2009','SKORDILIS','SKORDILIS','','','METALLΙKΗ-TAΥTOTΗTA-TRIPLE-CROWN-2009'),
	(570,642,1,'ΜΕΤΑΛΛΙΚΗ ΤΑΥΤΟΤΗΤΑ','ARMSTRONG','ARMSTRONG','','','METALLΙKΗ-TAΥTOTΗTA'),
	(571,643,1,'ΑΞΕΣΟΥΑΡ ΚΙΝΗΤΟΥ','LASME','LASME','','','AKSESOΥAR-KΙΝΗTOΥ'),
	(572,644,1,'ΟΜΠΡΕΛΑ ΠΑΝΑΘΗΝΑΙΚΟΣ ΑΥΤΟΜΑΤΗ ΜΕΓΑΛΗ','ΓΙΩΡΓΟΣ','ΓΙΩΡΓΟΣ','','','OMPRELA-PAΝATIΗΝAΙKOS-AΥTOMATΗ-MEGALΗ'),
	(573,645,1,'ΟΜΠΡΕΛΑ ΜΙΚΡΗ ΠΑΝΑΘΗΝΑΙΚΟΣ','ΒΑΣΙΛΗΣ','ΒΑΣΙΛΗΣ','','','OMPRELA-MΙKRΗ-PAΝATIΗΝAΙKOS'),
	(575,647,1,'ΘΗΚΗ MP3','ΓΙΑΝΝΗΣ','ΓΙΑΝΝΗΣ','','','TIΗKΗ-MP3'),
	(576,648,1,'ΑΔΙΑΒΡΟΧΟ ΠΑΝΑΘΗΝΑΙΚΟΣ ΧΩΡΙΣ ΕΠΕΝΔΥΣΗ','ΧΡΗΣΤΟΣ','ΧΡΗΣΤΟΣ','','','ADΙAΒROCHO-PAΝATIΗΝAΙKOS-CHΩRΙS-EPEΝDΥSΗ'),
	(577,649,1,'ΑΔΙΑΒΡΟΧΟ ΠΑΝΑΘΗΝΑΙΚΟΣ ΜΕ ΕΠΕΝΔΥΣΗ','ΑΝΑΣΤΑΣΗΣ','ΑΝΑΣΤΑΣΗΣ','','','ADΙAΒROCHO-PAΝATIΗΝAΙKOS-ME-EPEΝDΥSΗ'),
	(580,652,1,'SHORTS ΕΜΦΑΝΙΣΗΣ ΜΠΑΣΚΕΤ ΠΑΙΔΙΚΟ ΠΡΑΣΙΝΟ','ΘΟΔΩΡΗΣ','ΘΟΔΩΡΗΣ','','','SIORTS-EMFAΝΙSΗS-MPASKET-PAΙDΙKO-PRASΙΝO'),
	(581,653,1,'SHORTS ΕΜΦΑΝΙΣΗΣ ΜΠΑΣΚΕΤ ΠΑΙΔΙΚΟ ΛΕΥΚΟ','ΔΗΜΗΤΡΗΣ','ΔΗΜΗΤΡΗΣ','','','SIORTS-EMFAΝΙSΗS-MPASKET-PAΙDΙKO-LEΥKO'),
	(583,655,1,'ΚΑΠΕΛΟ ΜΕ ΤΡΙΦΥΛΛΙ ΠΡΑΣΙΝΟ','ΑΝΔΡΕΑΣ','ΑΝΔΡΕΑΣ','','','KAPELO-ME-TRΙFΥLLΙ-PRASΙΝO'),
	(585,657,1,'ΚΑΠΕΛΟ','ΒΑΓΓΕΛΗΣ','ΒΑΓΓΕΛΗΣ','','','KAPELO'),
	(588,660,1,'ΚΑΠΕΛΟ','ΣΠΥΡΟΣ','ΣΠΥΡΟΣ','','','KAPELO'),
	(591,663,1,'ΣΚΟΥΦΟΣ ΜΕ ΓΥΡΙΣΜΑ ΜΠΑΛΑ 5 ΑΣΤΕΡΙΑ','BANKS','BANKS','','','SKOΥFOS-ME-GΥRΙSMA-MPALA-5-ASTERΙA'),
	(593,665,1,'ΣΚΟΥΦΟΣ ΠΑΝΑΘΗΝΑΙΚΟΣ','ΠΡΑΣΙΝΟΣ ΣΚΟΥΦΟΣ ΜΕ ΓΥΡΙΣΜΑ ΚΑΙ ΛΕΥΚΗ ΓΡΑΜΜΗ','ΠΡΑΣΙΝΟΣ ΣΚΟΥΦΟΣ ΜΕ ΓΥΡΙΣΜΑ ΚΑΙ ΛΕΥΚΗ ΓΡΑΜΜΗ','','','SKOΥFOS-PAΝATIΗΝAΙKOS'),
	(595,667,1,'ΣΚΟΥΦΟΣ ΜΠΑΛΑ 5 ΑΣΤΕΡΙΑ','Σκούφος πλεκτός με κέντημα την 5αστερη μπάλα και δυο κάθετες λευκές γραμμές','Σκούφος πλεκτός με κέντημα την 5αστερη μπάλα και δυο κάθετες λευκές γραμμές','','','SKOΥFOS-MPALA-5-ASTERΙA'),
	(596,668,1,'ΓΑΝΤΙΑ ΠΑΝΑΘΗΝΑΙΚΟΣ ΠΡΑΣΙΝΑ','ΓΑΝΤΙΑ ΠΑΝΑΘΗΝΑΙΚΟΣ ΠΡΑΣΙΝΑ','ΓΑΝΤΙΑ ΠΑΝΑΘΗΝΑΙΚΟΣ ΠΡΑΣΙΝΑ','','','GAΝTΙA-PAΝATIΗΝAΙKOS-PRASΙΝA'),
	(597,669,1,'ΓΑΝΤΙΑ ΠΑΝΑΘΗΝΑΙΚΟΣ ΜΑΥΡΑ','ΓΑΝΤΙΑ ΠΑΝΑΘΗΝΑΙΚΟΣ ΜΑΥΡΑ','ΓΑΝΤΙΑ ΠΑΝΑΘΗΝΑΙΚΟΣ ΜΑΥΡΑ','','','GAΝTΙA-PAΝATIΗΝAΙKOS-MAΥRA'),
	(603,675,1,'ΠΥΖΑΜΑ ΠΑΙΔΙΚΗ ΠΑΝΑΘΗΝΑΙΚΟΣ 8-12','ΠΥΖΑΜΑ ΠΑΙΔΙΚΗ ΠΑΝΑΘΗΝΑΙΚΟΣ ΓΙΑ ΠΑΙΔΙΑ ΗΛΙΚΙΑΣ 8 ΕΩΣ 12 ΕΤΩΝ','ΠΥΖΑΜΑ ΠΑΙΔΙΚΗ ΠΑΝΑΘΗΝΑΙΚΟΣ ΓΙΑ ΠΑΙΔΙΑ ΗΛΙΚΙΑΣ 8 ΕΩΣ 12 ΕΤΩΝ','','','PΥZAMA-PAΙDΙKΗ-PAΝATIΗΝAΙKOS-8-12'),
	(604,676,1,'ΠΥΖΑΜΑ ΠΑΙΔΙΚΗ ΠΑΝΑΘΗΝΑΙΚΟΣ 14-16','<span style=\"background-color: #dee0e5;\">ΠΑΙΔΙΚΗ ΠΥΖΑΜΑ ΠΑΝΑΘΗΝΑΙΚΟΣ ΓΙΑ ΠΑΙΔΙΑ 14 ΕΩΣ 16 ΕΤΩΝ</span>','<span style=\"background-color: #dee0e5;\">ΠΑΙΔΙΚΗ ΠΥΖΑΜΑ ΠΑΝΑΘΗΝΑΙΚΟΣ ΓΙΑ ΠΑΙΔΙΑ 14 ΕΩΣ 16 ΕΤΩΝ</span>','','','PΥZAMA-PAΙDΙKΗ-PAΝATIΗΝAΙKOS-14-16'),
	(605,677,1,'ΜΠΛΟΥΖΑ ΜΑΚΡΥΜΑΝΙΚΗ MISS GREEN','ΙΔΑΝΙΚΗ ΜΠΛΟΥΖΑ ΓΙΑ ΚΟΡΙΤΣΙΑ ΗΛΙΚΙΑΣ 2 ΕΩΣ 12 ΕΤΩΝ','ΙΔΑΝΙΚΗ ΜΠΛΟΥΖΑ ΓΙΑ ΚΟΡΙΤΣΙΑ ΗΛΙΚΙΑΣ 2 ΕΩΣ 12 ΕΤΩΝ','','','MPLOΥZA-MAKRΥMAΝΙKΗ-MISS-GREEN'),
	(606,678,1,'ΜΠΛΟΥΖΑ ΜΑΚΡΥΜΑΝΙΚΗ ΒΡΕΦΙΚΗ ΜΙΣΟ ΤΡΙΦΥΛΛΙ','ΜΠΛΟΥΖΑ ΜΑΚΡΥΜΑΝΙΚΗ ΒΡΕΦΙΚΗ ΜΙΣΟ ΤΡΙΦΥΛΛΙ','ΜΠΛΟΥΖΑ ΜΑΚΡΥΜΑΝΙΚΗ ΒΡΕΦΙΚΗ ΜΙΣΟ ΤΡΙΦΥΛΛΙ','','','MPLOΥZA-MAKRΥMAΝΙKΗ-ΒREFΙKΗ-MΙSO-TRΙFΥLLΙ'),
	(609,681,1,'TATAROUNIS','TATAROUNIS','TATAROUNIS','','','TATAROUNIS'),
	(611,683,1,'T-SHIRT ΠΑΙΔΙΚΟ ΠΑΝΑΘΗΝΑΪΚΟΣ B.C.','<p style=\"margin: 0cm 0cm 0pt;\"><span style=\"color: #333333; font-size: 8pt;\">Eκεί που έχω γράψει ιστορία..</span> <br />  <br />  Στην μπροστινή όψη της μπλούζας απεικονίζονται τα μνημεία από τη κάθε&nbsp;πόλη, που κατέκτησε τα&nbsp;5 ευρωπαϊκά πρωταθλήμ','<p style=\"margin: 0cm 0cm 0pt;\"><span style=\"color: #333333; font-size: 8pt;\">Eκεί που έχω γράψει ιστορία..</span> <br />  <br />  Στην μπροστινή όψη της μπλούζας απεικονίζονται τα μνημεία από τη κάθε&nbsp;πόλη, που κατέκτησε τα&nbsp;5 ευρωπαϊκά πρωταθλήμ','','','T-SIIRT-PAΙDΙKO-PAΝATIΗΝAΪKOS-BC'),
	(612,684,1,'ΕΠΙΣΗΜΗ ΕΜΦΑΝΙΣΗ ΒΟΛΕΪ 2009-2010','<div class=\"description\"><span style=\"background-color: #dee0e5;\">ΕΠΙΣΗΜΗ ΕΜΦΑΝΙΣΗ ΒΟΛΕΪ 2009-2010<br />  Χρώμα:&nbsp;πράσινο&nbsp;</span> </div>','<div class=\"description\"><span style=\"background-color: #dee0e5;\">ΕΠΙΣΗΜΗ ΕΜΦΑΝΙΣΗ ΒΟΛΕΪ 2009-2010<br />  Χρώμα:&nbsp;πράσινο&nbsp;</span> </div>','','','EPΙSΗMΗ-EMFAΝΙSΗ-ΒOLEΪ-2009-2010'),
	(619,691,1,'ΜΠΑΛΟΝΙΑ \"ΠΑΝΑΘΗΝΑΪΚΟΣ\" ΠΡΑΣΙΝΑ','<p style=\"margin: 0cm 0cm 0pt;\"><span style=\"color: #333333; font-size: 9pt;\">ΜΠΑΛΟΝΙΑ \"ΠΑΝΑΘΗΝΑΪΚΟΣ\" ΠΡΑΣΙΝΑ<br />  Τα μπαλόνια του Παναθηναϊκού για τα πάρτι και όχι μόνο ,σε συσκευασία των 10 τεμαχίων.</span> </p>  <p style=\"margin: 0cm 0cm 0pt;\">&nbsp;','<p style=\"margin: 0cm 0cm 0pt;\"><span style=\"color: #333333; font-size: 9pt;\">ΜΠΑΛΟΝΙΑ \"ΠΑΝΑΘΗΝΑΪΚΟΣ\" ΠΡΑΣΙΝΑ<br />  Τα μπαλόνια του Παναθηναϊκού για τα πάρτι και όχι μόνο ,σε συσκευασία των 10 τεμαχίων.</span> </p>  <p style=\"margin: 0cm 0cm 0pt;\">&nbsp;','','','MPALOΝΙA-PAΝATIΗΝAΪKOS-PRASΙΝA'),
	(620,692,1,'ΠΟΛΥΚΟΡΝΙΖΑ ΠΑΝΑΘΗΝΑΙΚΟΣ','Κορνίζα με τέσερις θέσεις για φωτογραφίες, δυο οριζόντιες και δυο κάθετες','Κορνίζα με τέσερις θέσεις για φωτογραφίες, δυο οριζόντιες και δυο κάθετες','','','POLΥKORΝΙZA-PAΝATIΗΝAΙKOS'),
	(622,694,1,'ΕΠΙΤΡΑΠΕΖΙΟ ΡΟΛΟΙ - ΞΥΠΝΗΤΗΡΙ','ΕΠΙΤΡΑΠΕΖΙΟ ΡΟΛΟΙ - ΞΥΠΝΗΤΗΡΙ','ΕΠΙΤΡΑΠΕΖΙΟ ΡΟΛΟΙ - ΞΥΠΝΗΤΗΡΙ','','','EPΙTRAPEZΙO-ROLOΙ--KSΥPΝΗTΗRΙ'),
	(623,695,1,'ΜΠΛΕ ΓΡΑΒΑΤΑ','<span style=\"background-color: #dee0e5;\">Γραβάτα μπλέ, ριγέ με διακριτικά τριφυλλάκια</span>','<span style=\"background-color: #dee0e5;\">Γραβάτα μπλέ, ριγέ με διακριτικά τριφυλλάκια</span>','','','MPLE-GRAΒATA'),
	(634,706,1,'ΑΦΙΣΑ BATISTE','<span style=\"background-color: #dee0e5;\">ΔΙΑΣΤΑΣΕΙΣ: 35X50</span>','<span style=\"background-color: #dee0e5;\">ΔΙΑΣΤΑΣΕΙΣ: 35X50</span>','','','AFΙSA-BATISTE'),
	(635,707,1,'ΑΦΙΣΑ JASIKEVICIUS','ΔΙΑΣΤΑΣΕΙΣ: 35X50','ΔΙΑΣΤΑΣΕΙΣ: 35X50','','','AFΙSA-JASIKEVICIUS'),
	(640,712,1,'T-SHIRT ΠΡΩΤΑΘΛΗΤΗΣ ΕΛΛΑΔΟΣ 2010','T-SHIRT ΠΡΩΤΑΘΛΗΤΗΣ ΕΛΛΑΔΟΣ 2010','T-SHIRT ΠΡΩΤΑΘΛΗΤΗΣ ΕΛΛΑΔΟΣ 2010','','','T-SIIRT-PRΩTATILΗTΗS-ELLADOS-2010'),
	(642,714,1,'ΕΜΦΑΝΙΣΗ ΠΟΔΟΣΦΑΙΡΟΥ ΠΡΑΣΙΝΗ 2010-2011','ΕΜΦΑΝΙΣΗ ΠΟΔΟΣΦΑΙΡΟΥ ΠΡΑΣΙΝΗ 2010-2011','ΕΜΦΑΝΙΣΗ ΠΟΔΟΣΦΑΙΡΟΥ ΠΡΑΣΙΝΗ 2010-2011','','','EMFAΝΙSΗ-PODOSFAΙROΥ-PRASΙΝΗ-2010-2011'),
	(648,720,1,'ΤΕΤΡΑΔΙΟ 2 ΘΕΜ \'RESPECT\'','Διαστάσεις :&nbsp;(17 x 25cm)<br />  Θέματα : 2<br />  Σελίδες :&nbsp;70&nbsp;','Διαστάσεις :&nbsp;(17 x 25cm)<br />  Θέματα : 2<br />  Σελίδες :&nbsp;70&nbsp;','','','TETRADΙO-2-TIEM-RESPECT-'),
	(649,721,1,'ΤΕΤΡΑΔΙΟ 3 ΘΕΜ. \'RESPECT\'','<p style=\"margin: 0cm 0cm 0pt;\"><span style=\"color: #333333; font-size: 9pt;\">Διαστάσεις :&nbsp;(17 x 25 cm)<br />  Θέματα : 3<br />  Σελίδες :&nbsp;105&nbsp;</span></p>','<p style=\"margin: 0cm 0cm 0pt;\"><span style=\"color: #333333; font-size: 9pt;\">Διαστάσεις :&nbsp;(17 x 25 cm)<br />  Θέματα : 3<br />  Σελίδες :&nbsp;105&nbsp;</span></p>','','','TETRADΙO-3-TIEM-RESPECT-'),
	(650,722,1,'ΜΠΛΟΚ ΣΗΜΕΙΩΣΕΩΝ \'RESPECT\'','ΜΠΛΟΚ ΣΗΜΕΙΩΣΕΩΝ \'RESPECT\'','ΜΠΛΟΚ ΣΗΜΕΙΩΣΕΩΝ \'RESPECT\'','','','MPLOK-SΗMEΙΩSEΩΝ-RESPECT-'),
	(651,723,1,'ΦΑΚΕΛΟΣ RESPECT','<span style=\"background-color: #dee0e5;\">Φάκελος Α4 με λάστιχο</span>','<span style=\"background-color: #dee0e5;\">Φάκελος Α4 με λάστιχο</span>','','','FAKELOS-RESPECT'),
	(653,725,1,'ΣΧΟΛΙΚΗ ΤΣΑΝΤΑ \'MY PRIDE\'','ΣΧΟΛΙΚΗ ΤΣΑΝΤΑ ΩΜΟΥ ΜΕ ΤΟ LOGO \'MY PRIDE\'<br />','ΣΧΟΛΙΚΗ ΤΣΑΝΤΑ ΩΜΟΥ ΜΕ ΤΟ LOGO \'MY PRIDE\'<br />','','','SCHOLΙKΗ-TSAΝTA-MI-PRIDE-'),
	(661,733,1,'ΣΑΚΟΣ \'MY PRIDE\'','Σάκος με το logo \'MY PRIDE\'','Σάκος με το logo \'MY PRIDE\'','','','SAKOS-MI-PRIDE-'),
	(663,735,1,'ΚΑΣΕΤΙΝΑ \'MY PRIDE\'','Κασετίνα σε σχήμα βαρελάκι με το logo \'MY PRIDE\'','Κασετίνα σε σχήμα βαρελάκι με το logo \'MY PRIDE\'','','','KASETΙΝA-MI-PRIDE-'),
	(665,737,1,'ΣΤΥΛΟ PAO','<span style=\"background-color: #dee0e5;\">Στυλό πλαστικό με το σήμα του Παναθηναϊκού (1τμχ)</span>','<span style=\"background-color: #dee0e5;\">Στυλό πλαστικό με το σήμα του Παναθηναϊκού (1τμχ)</span>','','','STΥLO-PAO'),
	(666,738,1,'ΣΤΥΛΟ PARKER','<div class=\"description\"><span style=\"background-color: #dee0e5;\">Στυλό Parker με σήμα του Παναθηναϊκού (1τμχ)</span> </div>','<div class=\"description\"><span style=\"background-color: #dee0e5;\">Στυλό Parker με σήμα του Παναθηναϊκού (1τμχ)</span> </div>','','','STΥLO-PARKER'),
	(667,739,1,'ΑΣΗΜΕΝΙΟ ΚΟΜΠΟΛΟΙ','<span style=\"background-color: #dee0e5;\">Ασημένιο κομπολοϊ με ημιπολύτιμες πέτρες από δενδρίτη<br />  <p style=\"margin: 0cm 0cm 0pt;\"><span style=\"color: #333333; font-size: 9pt;\">ΠΑΡΑΔΟΣΗ ΕΝΤΟΣ 7 ΗΜΕΡΩΝ</span></p>  <br />  </span>','<span style=\"background-color: #dee0e5;\">Ασημένιο κομπολοϊ με ημιπολύτιμες πέτρες από δενδρίτη<br />  <p style=\"margin: 0cm 0cm 0pt;\"><span style=\"color: #333333; font-size: 9pt;\">ΠΑΡΑΔΟΣΗ ΕΝΤΟΣ 7 ΗΜΕΡΩΝ</span></p>  <br />  </span>','','','ASΗMEΝΙO-KOMPOLOΙ'),
	(671,743,1,'ΑΤΣΑΛΙΝΟ ΡΟΛΟΙ ΜΕ ΧΡΟΝΟΓΡΑΦΟ & ΜΑΥΡΟ ΚΑΝΤΡΑΝ','ΑΤΣΑΛΙΝΟ ΑΔΙΑΒΡΟΧΟ ΡΟΛΟΙ ΜΕ ΧΡΟΝΟΓΡΑΦΟ &amp; ΜΑΥΡΟ ΚΑΝΤΡΑΝ<br />  ΠΑΡΑΔΟΣΗ ΕΝΤΟΣ 5 ΗΜΕΡΩΝ<br />  <br />  <p style=\"margin: 0cm 0cm 0pt;\"><span style=\"color: #333333; font-size: 9pt;\"><strong></strong></span></p>','ΑΤΣΑΛΙΝΟ ΑΔΙΑΒΡΟΧΟ ΡΟΛΟΙ ΜΕ ΧΡΟΝΟΓΡΑΦΟ &amp; ΜΑΥΡΟ ΚΑΝΤΡΑΝ<br />  ΠΑΡΑΔΟΣΗ ΕΝΤΟΣ 5 ΗΜΕΡΩΝ<br />  <br />  <p style=\"margin: 0cm 0cm 0pt;\"><span style=\"color: #333333; font-size: 9pt;\"><strong></strong></span></p>','','','ATSALΙΝO-ROLOΙ-ME-CHROΝOGRAFOMAΥRO-KAΝTRAΝ'),
	(672,744,1,'ΑΤΣΑΛΙΝΟ ΡΟΛΟΙ ΜΕ ΧΡΟΝΟΓΡΑΦΟ & ΛΕΥΚΟ ΚΑΝΤΡΑΝ','ΑΤΣΑΛΙΝΟ ΑΔΙΑΒΡΟΧΟ ΡΟΛΟΙ ΜΕ&nbsp; ΛΕΥΚΟ ΚΑΝΤΡΑΝ ΚΑΙ ΧΡΟΝΟΓΡΑΦΟ<br />  <p style=\"margin: 0cm 0cm 0pt;\"><span style=\"color: #333333; font-size: 9pt;\"><strong>ΠΑΡΑΔΟΣΗ ΕΝΤΟΣ&nbsp;5 ΗΜΕΡΩΝ</strong></span></p>','ΑΤΣΑΛΙΝΟ ΑΔΙΑΒΡΟΧΟ ΡΟΛΟΙ ΜΕ&nbsp; ΛΕΥΚΟ ΚΑΝΤΡΑΝ ΚΑΙ ΧΡΟΝΟΓΡΑΦΟ<br />  <p style=\"margin: 0cm 0cm 0pt;\"><span style=\"color: #333333; font-size: 9pt;\"><strong>ΠΑΡΑΔΟΣΗ ΕΝΤΟΣ&nbsp;5 ΗΜΕΡΩΝ</strong></span></p>','','','ATSALΙΝO-ROLOΙ-ME-CHROΝOGRAFOLEΥKO-KAΝTRAΝ'),
	(673,745,1,'ΑΤΣΑΛΙΝΟ ΡΟΛΟΙ ΜΕ ΗΜΕΡΟΜΗΝΙΑ & ΛΕΥΚΟ ΚΑΝΤΡΑΝ','<div class=\"description\">ΑΤΣΑΛΙΝΟ ΑΔΙΑΒΡΟΧΟ ΡΟΛΟΙ ΜΕ ΗΜΕΡΟΜΗΝΙΑ &amp; ΛΕΥΚΟ ΚΑΝΤΡΑΝ<br />\r\n<p style=\"margin: 0cm 0cm 0pt;\"><strong>ΠΑΡΑΔΟΣΗ ΕΝΤΟΣ 5 ΗΜΕΡΩΝ</strong></p>\r\n</div>','<div class=\"description\">ΑΤΣΑΛΙΝΟ ΑΔΙΑΒΡΟΧΟ ΡΟΛΟΙ ΜΕ ΗΜΕΡΟΜΗΝΙΑ &amp; ΛΕΥΚΟ ΚΑΝΤΡΑΝ<br />\r\n<p style=\"margin: 0cm 0cm 0pt;\"><strong>ΠΑΡΑΔΟΣΗ ΕΝΤΟΣ 5 ΗΜΕΡΩΝ</strong></p>\r\n</div>','','','ATSALΙΝO-ROLOΙ-ME-ΗMEROMΗΝΙALEΥKO-KAΝTRAΝ'),
	(674,746,1,'ΑΤΣΑΛΙΝΟ ΡΟΛΟΙ ΜΕ ΗΜΕΡΟΜΗΝΙΑ & ΜΑΥΡΟ ΚΑΝΤΡΑΝ','<div class=\"description\">ΑΤΣΑΛΙΝΟ ΑΔΙΑΒΡΟΧΟ ΡΟΛΟΙ ΜΕ ΜΑΥΡΟ ΚΑΝΤΡΑΝ, ΤΟ ΣΗΜΑ ΤΗΣ ΟΜΑΔΑΣ ΚΑΙ ΕΝΔΕΙΞΗ ΗΜΕΡΟΜΗΝΙΑΣ<br />  <p style=\"margin: 0cm 0cm 0pt;\"><span style=\"color: #333333; font-size: 9pt;\"><strong>ΠΑΡΑΔΟΣΗ ΕΝΤΟΣ&nbsp;5 ΗΜΕΡΩΝ</strong></span></p>  <','<div class=\"description\">ΑΤΣΑΛΙΝΟ ΑΔΙΑΒΡΟΧΟ ΡΟΛΟΙ ΜΕ ΜΑΥΡΟ ΚΑΝΤΡΑΝ, ΤΟ ΣΗΜΑ ΤΗΣ ΟΜΑΔΑΣ ΚΑΙ ΕΝΔΕΙΞΗ ΗΜΕΡΟΜΗΝΙΑΣ<br />  <p style=\"margin: 0cm 0cm 0pt;\"><span style=\"color: #333333; font-size: 9pt;\"><strong>ΠΑΡΑΔΟΣΗ ΕΝΤΟΣ&nbsp;5 ΗΜΕΡΩΝ</strong></span></p>  <','','','ATSALΙΝO-ROLOΙ-ME-ΗMEROMΗΝΙAMAΥRO-KAΝTRAΝ'),
	(676,748,1,'ΤΑΣΑΚΙ  ΣΤΡΟΓΓΥΛΟ','<span style=\"background-color: #dee0e5;\">Τασάκι στρογγυλό με το σήμα του Παναθηναϊκου από πορσελάνη</span>','<span style=\"background-color: #dee0e5;\">Τασάκι στρογγυλό με το σήμα του Παναθηναϊκου από πορσελάνη</span>','','','TASAKΙ-STROGGΥLO'),
	(678,750,1,'ΑΛΜΠΟΥΜ 200 ΦΩΤΟΓΡΑΦΙΩΝ','<span style=\"background-color: #dee0e5;\">  <div class=\"description\"><span style=\"background-color: #dee0e5;\">Άλμπουμ φωτογραφιών 200 θέσεων</span> </div>  \"Εκεί που έχω γράψει Ιστορία\"<br />  <br />  Απεικονίζονται τα μνημεία από τη κάθε&nbsp;πόλη, που κα','<span style=\"background-color: #dee0e5;\">  <div class=\"description\"><span style=\"background-color: #dee0e5;\">Άλμπουμ φωτογραφιών 200 θέσεων</span> </div>  \"Εκεί που έχω γράψει Ιστορία\"<br />  <br />  Απεικονίζονται τα μνημεία από τη κάθε&nbsp;πόλη, που κα','','','ALMPOΥM-200-FΩTOGRAFΙΩΝ'),
	(680,752,1,'ΕΠΙΣΗΜΗ ΕΜΦΑΝΙΣΗ ΜΠΑΣΚΕΤ 2010-11 (ΠΡΑΣΙΝΗ)','<p style=\"margin: 0cm 0cm 0pt;\"><span style=\"color: #333333; font-size: 9pt;\">ΕΠΙΣΗΜΗ ΕΜΦΑΝΙΣΗ ΜΠΑΣΚΕΤ 2010-1</span><span style=\"color: #333333; font-size: 9pt;\">1</span><span style=\"color: #333333; font-size: 9pt;\"><br />  Χρώμα: πράσινο</span> </p>','<p style=\"margin: 0cm 0cm 0pt;\"><span style=\"color: #333333; font-size: 9pt;\">ΕΠΙΣΗΜΗ ΕΜΦΑΝΙΣΗ ΜΠΑΣΚΕΤ 2010-1</span><span style=\"color: #333333; font-size: 9pt;\">1</span><span style=\"color: #333333; font-size: 9pt;\"><br />  Χρώμα: πράσινο</span> </p>','','','EPΙSΗMΗ-EMFAΝΙSΗ-MPASKET-2010-11-PRASΙΝΗ'),
	(681,753,1,'ΕΠΙΣΗΜΗ ΕΜΦΑΝΙΣΗ ΜΠΑΣΚΕΤ 2010-11 (ΛΕΥΚΗ)','<p style=\"margin: 0cm 0cm 0pt;\"><span style=\"color: #333333; font-size: 9pt;\">ΕΠΙΣΗΜΗ ΕΜΦΑΝΙΣΗ ΜΠΑΣΚΕΤ 2010-11<br />  Χρώμα: λευκό</span></p>','<p style=\"margin: 0cm 0cm 0pt;\"><span style=\"color: #333333; font-size: 9pt;\">ΕΠΙΣΗΜΗ ΕΜΦΑΝΙΣΗ ΜΠΑΣΚΕΤ 2010-11<br />  Χρώμα: λευκό</span></p>','','','EPΙSΗMΗ-EMFAΝΙSΗ-MPASKET-2010-11-LEΥKΗ'),
	(682,754,1,'ΕΠΙΣΗΜΗ ΕΜΦΑΝΙΣΗ ΜΠΑΣΚΕΤ 2010-11 (ΓΑΛΑΖΙΑ)','<p style=\"margin: 0cm 0cm 0pt;\"><span style=\"color: #333333; font-size: 9pt;\">ΕΠΙΣΗΜΗ ΕΜΦΑΝΙΣΗ ΜΠΑΣΚΕΤ 2010-11<br />  Χρώμα: γαλάζιο</span></p>','<p style=\"margin: 0cm 0cm 0pt;\"><span style=\"color: #333333; font-size: 9pt;\">ΕΠΙΣΗΜΗ ΕΜΦΑΝΙΣΗ ΜΠΑΣΚΕΤ 2010-11<br />  Χρώμα: γαλάζιο</span></p>','','','EPΙSΗMΗ-EMFAΝΙSΗ-MPASKET-2010-11-GALAZΙA'),
	(683,755,1,'ΠΑΙΔΙΚΗ ΕΠΙΣΗΜΗ ΕΜΦΑΝΙΣΗ ΜΠΑΣΚΕΤ 2010-11 (ΠΡΑΣΙΝΗ)','ΠΑΙΔΙΚΗ ΕΠΙΣΗΜΗ ΕΜΦΑΝΙΣΗ ΜΠΑΣΚΕΤ 2010-11<br />  <p style=\"margin: 0cm 0cm 0pt;\"><span style=\"color: #333333; font-size: 9pt;\">X</span><span style=\"color: #333333; font-size: 9pt;\">ρώμα: πράσινο</span></p>','ΠΑΙΔΙΚΗ ΕΠΙΣΗΜΗ ΕΜΦΑΝΙΣΗ ΜΠΑΣΚΕΤ 2010-11<br />  <p style=\"margin: 0cm 0cm 0pt;\"><span style=\"color: #333333; font-size: 9pt;\">X</span><span style=\"color: #333333; font-size: 9pt;\">ρώμα: πράσινο</span></p>','','','PAΙDΙKΗ-EPΙSΗMΗ-EMFAΝΙSΗ-MPASKET-2010-11-PRASΙΝΗ'),
	(685,757,1,'ΠΑΙΔΙΚΗ ΕΠΙΣΗΜΗ ΕΜΦΑΝΙΣΗ ΜΠΑΣΚΕΤ 2010-11 (ΓΑΛΑΖΙΑ)','<span style=\"color: #333333; font-size: 9pt;\">ΠΑΙΔΙΚΗ ΕΠΙΣΗΜΗ ΕΜΦΑΝΙΣΗ ΜΠΑΣΚΕΤ 2010-11<br />  </span><span style=\"color: #333333; font-size: 9pt;\">Χρώμα: γαλάζιο</span>','<span style=\"color: #333333; font-size: 9pt;\">ΠΑΙΔΙΚΗ ΕΠΙΣΗΜΗ ΕΜΦΑΝΙΣΗ ΜΠΑΣΚΕΤ 2010-11<br />  </span><span style=\"color: #333333; font-size: 9pt;\">Χρώμα: γαλάζιο</span>','','','PAΙDΙKΗ-EPΙSΗMΗ-EMFAΝΙSΗ-MPASKET-2010-11-GALAZΙA'),
	(687,759,1,'SHORTS ΕΜΦΑΝΙΣΗΣ ΜΠΑΣΚΕΤ 2010-2011 (ΠΡΑΣΙΝΟ)','<p style=\"margin: 0cm 0cm 0pt;\"><span style=\"color: #333333; font-size: 9pt;\">SHORTS</span> <span style=\"color: #333333; font-size: 9pt;\">ΕΜΦΑΝΙΣΗΣ ΜΠΑΣΚΕΤ 2010-2011<br />  Χρώμα: πράσινο</span></p>','<p style=\"margin: 0cm 0cm 0pt;\"><span style=\"color: #333333; font-size: 9pt;\">SHORTS</span> <span style=\"color: #333333; font-size: 9pt;\">ΕΜΦΑΝΙΣΗΣ ΜΠΑΣΚΕΤ 2010-2011<br />  Χρώμα: πράσινο</span></p>','','','SIORTS-EMFAΝΙSΗS-MPASKET-2010-2011-PRASΙΝO'),
	(688,760,1,'SHORTS ΕΜΦΑΝΙΣΗΣ ΜΠΑΣΚΕΤ 2010-2011 (ΛΕΥΚΟ)','<p style=\"margin: 0cm 0cm 0pt;\"><span style=\"color: #333333; font-size: 9pt;\">SHORTS </span><span style=\"color: #333333; font-size: 9pt;\">ΕΜΦΑΝΙΣΗΣ</span> <span style=\"color: #333333; font-size: 9pt;\">ΜΠΑΣΚΕΤ</span><span style=\"color: #333333; font-size:','<p style=\"margin: 0cm 0cm 0pt;\"><span style=\"color: #333333; font-size: 9pt;\">SHORTS </span><span style=\"color: #333333; font-size: 9pt;\">ΕΜΦΑΝΙΣΗΣ</span> <span style=\"color: #333333; font-size: 9pt;\">ΜΠΑΣΚΕΤ</span><span style=\"color: #333333; font-size:','','','SIORTS-EMFAΝΙSΗS-MPASKET-2010-2011-LEΥKO'),
	(690,762,1,'SHORTS ΠΡΟΠΟΝΗΣΗΣ ADIDAS 2011-2012 (ΜΑΥΡΟ)','<p>Shorts προπόνησης ADIDAS με κέντημα την 6στερη μπάλα<br />  Χρώμα: μαύρο<br />  Σύνθεση: 80% βαμβάκι και 20% πολυεστέρας</p>  <p>Έχει φτιαχτεί με την τεχνολογία CLIMALITE COTTON της ADIDAS, για να αποδίδει την άνεση και την αίσθηση του βαμβακιού συνδυα','<p>Shorts προπόνησης ADIDAS με κέντημα την 6στερη μπάλα<br />  Χρώμα: μαύρο<br />  Σύνθεση: 80% βαμβάκι και 20% πολυεστέρας</p>  <p>Έχει φτιαχτεί με την τεχνολογία CLIMALITE COTTON της ADIDAS, για να αποδίδει την άνεση και την αίσθηση του βαμβακιού συνδυα','','','SIORTS-PROPOΝΗSΗS-ADIDAS-2011-2012-MAΥRO'),
	(692,764,1,'ΑΔΙΑΒΡΟΧΟ ADIDAS ΜΕ ΤΡΙΦΥΛΛΙ (ΜΑΥΡΟ)','<p style=\"margin: 0cm 0cm 0pt;\">Αδιάβροχο Adidas με επένδυση και κουκούλα. Στον αριστερό ώμο έχει ένα διακριτικό τριφύλλι.<br />  Χρώματα: μαύρο, πράσινο &amp; λαχανί<br />  Σύνθεση:&nbsp;</p>  <ul>      <li>Περίβλημα: 100% Πολυεστέρας </li>      <li>Φόδρ','<p style=\"margin: 0cm 0cm 0pt;\">Αδιάβροχο Adidas με επένδυση και κουκούλα. Στον αριστερό ώμο έχει ένα διακριτικό τριφύλλι.<br />  Χρώματα: μαύρο, πράσινο &amp; λαχανί<br />  Σύνθεση:&nbsp;</p>  <ul>      <li>Περίβλημα: 100% Πολυεστέρας </li>      <li>Φόδρ','','','ADΙAΒROCHO-ADIDAS-ME-TRΙFΥLLΙ-MAΥRO'),
	(706,778,1,'DVD 5 ΕΥΡΩΠΑΪΚΑ ΠΡΩΤΑΘΛΗΜΑΤΑ','<ul>\r\n<li>5 ΕυρωπαΪκα Πρωταθλήματα σε 10 DVD</li>\r\n</ul>\r\n<ul>\r\n<li>Πλούσιο φωτογραφικό υλικό</li>\r\n</ul>\r\n<ul>\r\n<li>Στατιστικά και δηλώσεις</li>\r\n</ul>\r\n<ul>\r\n<li>Με αφήγηση του Φραγκίσκου Αλβέρτη</li>\r\n</ul>','<ul>\r\n<li>5 ΕυρωπαΪκα Πρωταθλήματα σε 10 DVD</li>\r\n</ul>\r\n<ul>\r\n<li>Πλούσιο φωτογραφικό υλικό</li>\r\n</ul>\r\n<ul>\r\n<li>Στατιστικά και δηλώσεις</li>\r\n</ul>\r\n<ul>\r\n<li>Με αφήγηση του Φραγκίσκου Αλβέρτη</li>\r\n</ul>','','','DVD-5-EΥRΩPAΪKA-PRΩTATILΗMATA'),
	(709,781,1,'ΕΜΦΑΝΙΣΗ ΠΟΔΟΣΦΑΙΡΟΥ ΜΑΥΡΗ 2010-2011','ΕΜΦΑΝΙΣΗ ΠΟΔΟΣΦΑΙΡΟΥ ΜΑΥΡΗ 2010-2011','ΕΜΦΑΝΙΣΗ ΠΟΔΟΣΦΑΙΡΟΥ ΜΑΥΡΗ 2010-2011','','','EMFAΝΙSΗ-PODOSFAΙROΥ-MAΥRΗ-2010-2011'),
	(710,782,1,'ΑΔΙΑΒΡΟΧΟ ADIDAS ΠΟΔΟΣΦΑΙΡΟΥ 2010-2011','ΑΔΙΑΒΡΟΧΟ ADIDAS ΠΟΔΟΣΦΑΙΡΟΥ 2010-2011','ΑΔΙΑΒΡΟΧΟ ADIDAS ΠΟΔΟΣΦΑΙΡΟΥ 2010-2011','','','ADΙAΒROCHO-ADIDAS-PODOSFAΙROΥ-2010-2011'),
	(711,783,1,'ΡΟΛΟΙ ΜΕ ΗΜΕΡΟΜΗΝΙΑ & ΜΑΥΡΟ ΚΑΝΤΡΑΝ','ΑΔΙΑΒΡΟΧΟ ΡΟΛΟΙ ΜΕ&nbsp;ΗΜΕΡΟΜΗΝΙΑ &amp;&nbsp;ΜΑΥΡΟ ΚΑΝΤΡΑΝ<br />  ΜΕ ΜΑΥΡΟ ΛΟΥΡΑΚΙ ΚΑΟΥΤΣΟΥΚ<br />  <p><strong>ΠΑΡΑΔΟΣΗ ΕΝΤΟΣ&nbsp;5 ΗΜΕΡΩΝ</strong></p>','ΑΔΙΑΒΡΟΧΟ ΡΟΛΟΙ ΜΕ&nbsp;ΗΜΕΡΟΜΗΝΙΑ &amp;&nbsp;ΜΑΥΡΟ ΚΑΝΤΡΑΝ<br />  ΜΕ ΜΑΥΡΟ ΛΟΥΡΑΚΙ ΚΑΟΥΤΣΟΥΚ<br />  <p><strong>ΠΑΡΑΔΟΣΗ ΕΝΤΟΣ&nbsp;5 ΗΜΕΡΩΝ</strong></p>','','','ROLOΙ-ME-ΗMEROMΗΝΙAMAΥRO-KAΝTRAΝ'),
	(712,784,1,'ΡΟΛΟΙ ΜΕ ΗΜΕΡΟΜΗΝΙΑ & ΛΕΥΚΟ ΚΑΝΤΡΑΝ','ΑΔΙΑΒΡΟΧΟ ΡΟΛΟΙ ΜΕ&nbsp;ΗΜΕΡΟΜΗΝΙΑ &amp;&nbsp;ΜΑΥΡΟ ΚΑΝΤΡΑΝ<br />  ΜΕ ΜΑΥΡΟ ΛΟΥΡΑΚΙ ΚΑΟΥΤΣΟΥΚ<br />  <p><strong>ΠΑΡΑΔΟΣΗ ΕΝΤΟΣ&nbsp;5 ΗΜΕΡΩΝ</strong></p>','ΑΔΙΑΒΡΟΧΟ ΡΟΛΟΙ ΜΕ&nbsp;ΗΜΕΡΟΜΗΝΙΑ &amp;&nbsp;ΜΑΥΡΟ ΚΑΝΤΡΑΝ<br />  ΜΕ ΜΑΥΡΟ ΛΟΥΡΑΚΙ ΚΑΟΥΤΣΟΥΚ<br />  <p><strong>ΠΑΡΑΔΟΣΗ ΕΝΤΟΣ&nbsp;5 ΗΜΕΡΩΝ</strong></p>','','','ROLOΙ-ME-ΗMEROMΗΝΙALEΥKO-KAΝTRAΝ'),
	(714,786,1,'ΚΟΥΠΑ \'\'MNHMEIA\'\'','<p>Στη μπροστινή όψη της κούπας είναι η λέξη PANATHINAKOS &amp; στην πίσω όψη το τριφύλλι και τα μνημεία από τα 5 ευρωπαϊκά.</p>','<p>Στη μπροστινή όψη της κούπας είναι η λέξη PANATHINAKOS &amp; στην πίσω όψη το τριφύλλι και τα μνημεία από τα 5 ευρωπαϊκά.</p>','','','KOΥPA--MNIMEIA-'),
	(715,787,1,'ΕΠΙΤΡΑΠΕΖΙΟ ΠΑΙΧΝΙΔΙ \'ΦΙΔΑΚΙ - ΓΚΡΙΝΙΑΡΗΣ\'','ΕΠΙΤΡΑΠΕΖΙΟ ΠΑΙΧΝΙΔΙ \'ΦΙΔΑΚΙ - ΓΚΡΙΝΙΑΡΗΣ\'','ΕΠΙΤΡΑΠΕΖΙΟ ΠΑΙΧΝΙΔΙ \'ΦΙΔΑΚΙ - ΓΚΡΙΝΙΑΡΗΣ\'','','','EPΙTRAPEZΙO-PAΙCHΝΙDΙ-FΙDAKΙ--GKRΙΝΙARΗS-'),
	(717,789,1,'ΚΟΜΠΟΛΟΙ','Κομπολοϊ&nbsp;με ημιπολύτιμους λίθους από αιματίτη','Κομπολοϊ&nbsp;με ημιπολύτιμους λίθους από αιματίτη','','','KOMPOLOΙ'),
	(718,790,1,'ΚΟΥΜΠΑΡΑΣ ΠΗΛΙΝΟΣ','<p>Κουμπαράς πήλινος σε σχήμα στάμνας</p>','<p>Κουμπαράς πήλινος σε σχήμα στάμνας</p>','','','KOΥMPARAS-PΗLΙΝOS'),
	(720,792,1,'ΠΟΡΣΕΛΑΝΙΝΕΣ ΚΟΥΠΕΣ 2 ΤΜΧ','Κούπες πορσελάνινες 2 τεμαχιών σε συσκευασία καρδιάς','Κούπες πορσελάνινες 2 τεμαχιών σε συσκευασία καρδιάς','','','PORSELAΝΙΝES-KOΥPES-2-TMCH'),
	(723,795,1,'T-SHIRT EUROPEAN CHAMPION 2011 (ΠΡΑΣΙΝΟ)','<strong><b>Επετειακό βαμβακερό μπλουζάκι για την κατάκτηση του 6ου Ευρωπαϊκού Τρόπαιου.</b><br />  </strong>','<strong><b>Επετειακό βαμβακερό μπλουζάκι για την κατάκτηση του 6ου Ευρωπαϊκού Τρόπαιου.</b><br />  </strong>','','','T-SIIRT-EUROPEAN-CIAMPION-2011-PRASΙΝO'),
	(724,796,1,'T-SHIRT EUROPEAN CHAMPION ΠΑΙΔΙΚΟ 2011','<p><strong></strong></p>  Μακό μπλουζάκι παιδικό με τύπωμα μπρός-πίσω.','<p><strong></strong></p>  Μακό μπλουζάκι παιδικό με τύπωμα μπρός-πίσω.','','','T-SIIRT-EUROPEAN-CIAMPION-PAΙDΙKO-2011'),
	(725,797,1,'T-SHIRT ΠΡΩΤΑΘΛΗΤΗΣ ΕΛΛΑΔΟΣ 2011','<p><strong></strong></p>','<p><strong></strong></p>','','','T-SIIRT-PRΩTATILΗTΗS-ELLADOS-2011'),
	(726,798,1,'ΕΠΙΣΗΜΗ ΕΜΦΑΝΙΣΗ ΜΠΑΣΚΕΤ 2011-12 (ΠΡΑΣΙΝΗ)','<p>ΕΠΙΣΗΜΗ 6ΣΤΕΡΗ ΕΜΦΑΝΙΣΗ ΜΠΑΣΚΕΤ 2011-12<br />  Χρώμα: πράσινο<br />  <br />  </p>  <p>Με την NBA Revolution 30, τη φανέλα που χρησιμοποιούν και οι 30 ομάδες του NBA, ο Παναθηναϊκός γίνεται η πρώτη Ελληνική ομάδα που θα φορά την πιο προηγμένη τεχνολογικ','<p>ΕΠΙΣΗΜΗ 6ΣΤΕΡΗ ΕΜΦΑΝΙΣΗ ΜΠΑΣΚΕΤ 2011-12<br />  Χρώμα: πράσινο<br />  <br />  </p>  <p>Με την NBA Revolution 30, τη φανέλα που χρησιμοποιούν και οι 30 ομάδες του NBA, ο Παναθηναϊκός γίνεται η πρώτη Ελληνική ομάδα που θα φορά την πιο προηγμένη τεχνολογικ','','','EPΙSΗMΗ-EMFAΝΙSΗ-MPASKET-2011-12-PRASΙΝΗ'),
	(727,799,1,'ΕΠΙΣΗΜΗ ΕΜΦΑΝΙΣΗ ΜΠΑΣΚΕΤ 2011-12 (ΛΕΥΚΗ)','<p>ΕΠΙΣΗΜΗ 6ΣΤΕΡΗ ΕΜΦΑΝΙΣΗ ΜΠΑΣΚΕΤ 2011-12<br />  Χρώμα: λευκό</p>  <p>Με την NBA Revolution 30, τη φανέλα που χρησιμοποιούν και οι 30 ομάδες του NBA, ο Παναθηναϊκός γίνεται η πρώτη Ελληνική ομάδα που θα φορά την πιο προηγμένη τεχνολογικά εμφάνιση μπάσκετ','<p>ΕΠΙΣΗΜΗ 6ΣΤΕΡΗ ΕΜΦΑΝΙΣΗ ΜΠΑΣΚΕΤ 2011-12<br />  Χρώμα: λευκό</p>  <p>Με την NBA Revolution 30, τη φανέλα που χρησιμοποιούν και οι 30 ομάδες του NBA, ο Παναθηναϊκός γίνεται η πρώτη Ελληνική ομάδα που θα φορά την πιο προηγμένη τεχνολογικά εμφάνιση μπάσκετ','','','EPΙSΗMΗ-EMFAΝΙSΗ-MPASKET-2011-12-LEΥKΗ'),
	(728,800,1,'REPLICA ΕΜΦΑΝΙΣΗ ΜΠΑΣΚΕΤ 2011-12 (ΠΡΑΣΙΝΗ)','<p>6ΣΤΕΡΗ REPLICA&nbsp;ΕΜΦΑΝΙΣΗ ΜΠΑΣΚΕΤ 2011-12<br />  Xρώμα: πράσινο<br />  <br />  Η εμφάνιση αυτή είναι εφοδιασμένη με το σύστημα ClimaCool για να απορροφά την υγρασία σε λιγότερο από 3\'\'. Η τεχνολογία της φανέλας την κάνει άριστη επιλογή για αθλητικές','<p>6ΣΤΕΡΗ REPLICA&nbsp;ΕΜΦΑΝΙΣΗ ΜΠΑΣΚΕΤ 2011-12<br />  Xρώμα: πράσινο<br />  <br />  Η εμφάνιση αυτή είναι εφοδιασμένη με το σύστημα ClimaCool για να απορροφά την υγρασία σε λιγότερο από 3\'\'. Η τεχνολογία της φανέλας την κάνει άριστη επιλογή για αθλητικές','','','REPLICA-EMFAΝΙSΗ-MPASKET-2011-12-PRASΙΝΗ'),
	(729,801,1,'REPLICA ΕΜΦΑΝΙΣΗ ΜΠΑΣΚΕΤ 2011-12 (ΜΑΥΡΗ)','<p>6ΣΤΕΡΗ REPLICA&nbsp;ΕΠΙΣΗΜΗ ΕΜΦΑΝΙΣΗ ΜΠΑΣΚΕΤ 2011-12<br />  Xρώμα: μαύρο<br />  <br />  </p>  <p>Η εμφάνιση αυτή είναι εφοδιασμένη με το σύστημα ClimaCool για να απορροφά την υγρασία σε λιγότερο από 3\'\'. Η τεχνολογία της φανέλας την κάνει άριστη επιλογ','<p>6ΣΤΕΡΗ REPLICA&nbsp;ΕΠΙΣΗΜΗ ΕΜΦΑΝΙΣΗ ΜΠΑΣΚΕΤ 2011-12<br />  Xρώμα: μαύρο<br />  <br />  </p>  <p>Η εμφάνιση αυτή είναι εφοδιασμένη με το σύστημα ClimaCool για να απορροφά την υγρασία σε λιγότερο από 3\'\'. Η τεχνολογία της φανέλας την κάνει άριστη επιλογ','','','REPLICA-EMFAΝΙSΗ-MPASKET-2011-12-MAΥRΗ'),
	(730,802,1,'REPLICA SHORTS ΕΜΦΑΝΙΣΗΣ ΜΠΑΣΚΕΤ 2011-13 (ΠΡΑΣΙΝΟ)','<p>REPLICA SHORTS ΕΜΦΑΝΙΣΗΣ ΜΠΑΣΚΕΤ 2011-2013<br />  Χρώμα: πράσινο<br />  <br />  Τα Shorts αυτά είναι εφοδιασμένα με την τεχνολογία CLIMACOOL. Αυτή βοηθάει στην κυκλοφορία του αέρα μέσα στο ρούχο και στην διαχείριση της υγρασίας, προσφέροντας εξαιρετική','<p>REPLICA SHORTS ΕΜΦΑΝΙΣΗΣ ΜΠΑΣΚΕΤ 2011-2013<br />  Χρώμα: πράσινο<br />  <br />  Τα Shorts αυτά είναι εφοδιασμένα με την τεχνολογία CLIMACOOL. Αυτή βοηθάει στην κυκλοφορία του αέρα μέσα στο ρούχο και στην διαχείριση της υγρασίας, προσφέροντας εξαιρετική','','','REPLICA-SIORTS-EMFAΝΙSΗS-MPASKET-2011-13-PRASΙΝO'),
	(731,803,1,'REPLICA SHORTS ΕΜΦΑΝΙΣΗΣ ΜΠΑΣΚΕΤ 2011-13 (ΜΑΥΡΟ)','<p>REPLICA SHORTS ΕΜΦΑΝΙΣΗΣ ΜΠΑΣΚΕΤ 2011-2013<br />  Χρώμα: μαύρο<br />  <br />  Τα Shorts αυτά είναι εφοδιασμένα με την τεχνολογία CLIMACOOL. Αυτή βοηθάει στην κυκλοφορία του αέρα μέσα στο ρούχο και στην διαχείριση της υγρασίας, προσφέροντας εξαιρετική ά','<p>REPLICA SHORTS ΕΜΦΑΝΙΣΗΣ ΜΠΑΣΚΕΤ 2011-2013<br />  Χρώμα: μαύρο<br />  <br />  Τα Shorts αυτά είναι εφοδιασμένα με την τεχνολογία CLIMACOOL. Αυτή βοηθάει στην κυκλοφορία του αέρα μέσα στο ρούχο και στην διαχείριση της υγρασίας, προσφέροντας εξαιρετική ά','','','REPLICA-SIORTS-EMFAΝΙSΗS-MPASKET-2011-13-MAΥRO'),
	(733,805,1,'POLO ADIDAS 2011-2012','<p>Polo Adidas με&nbsp;κέντημα το τριφύλλι σε 3D απεικόνιση στο στήθος και ένα διακριτικό τριφύλλι στον πίσω δεξιό ώμο.<br />  Χρώμα: λαχανί &amp; μάυρο<br />  Σύνθεση: 100% Βαμβάκι</p>','<p>Polo Adidas με&nbsp;κέντημα το τριφύλλι σε 3D απεικόνιση στο στήθος και ένα διακριτικό τριφύλλι στον πίσω δεξιό ώμο.<br />  Χρώμα: λαχανί &amp; μάυρο<br />  Σύνθεση: 100% Βαμβάκι</p>','','','POLO-ADIDAS-2011-2012'),
	(734,806,1,'AMANIKO ADIDAS 2011-2012 (ΛΕΥΚΟ)','<div class=\"description\">Aμάνικο ADIDAS με κέντημα μπάλα 6 αστέρια<br /> Χρώμα: λευκό</div>','<div class=\"description\">Aμάνικο ADIDAS με κέντημα μπάλα 6 αστέρια<br /> Χρώμα: λευκό</div>','','','AMANIKO-ADIDAS-2011-2012-LEΥKO'),
	(735,807,1,'ΠΑΝΤΕΛΟΝΙ ADIDAS 2011-2012 (ΠΡΑΣΙΝΟ)','<p>Παντελόνι φόρμας ADIDAS με&nbsp;κέντημα το τριφύλλι σε 3D απεικονίση<br />  Χρώμα: πράσινο<br />  Σύνθεση: Πολυεστέρας</p>','<p>Παντελόνι φόρμας ADIDAS με&nbsp;κέντημα το τριφύλλι σε 3D απεικονίση<br />  Χρώμα: πράσινο<br />  Σύνθεση: Πολυεστέρας</p>','','','PAΝTELOΝΙ-ADIDAS-2011-2012-PRASΙΝO'),
	(736,808,1,'ΠΑΝΤΕΛΟΝΙ POLYESTER ADIDAS 2011-2012 (ΠΡΑΣΙΝΟ)','<p>Παντελόνι φόρμας ADIDAS με κέντημα την 6στερη μπάλα<br />  Χρώμα: πράσινο<br />  Σύνθεση: Πολυεστέρας</p>','<p>Παντελόνι φόρμας ADIDAS με κέντημα την 6στερη μπάλα<br />  Χρώμα: πράσινο<br />  Σύνθεση: Πολυεστέρας</p>','','','PAΝTELOΝΙ-POLIESTER-ADIDAS-2011-2012-PRASΙΝO'),
	(737,809,1,'ΠΑΝΤΕΛΟΝΙ ADIDAS 2011-2012 (ΓΚΡΙ)','<p>Παντελόνι φόρμας ADIDAS&nbsp; με&nbsp;κέντημα το τριφύλλι σε 3D απεικόνιση<br />  Χρώμα: γκρι<br />  Σύνθεση: 60% Βαμβάκι και 40% Πολυεστέρας<br />  <br />  Το παντελόνι αυτό έχει φτιαχτεί με την τεχνολογία CLIMALITE COTTON της ADIDAS, ώστε να αποδίδει','<p>Παντελόνι φόρμας ADIDAS&nbsp; με&nbsp;κέντημα το τριφύλλι σε 3D απεικόνιση<br />  Χρώμα: γκρι<br />  Σύνθεση: 60% Βαμβάκι και 40% Πολυεστέρας<br />  <br />  Το παντελόνι αυτό έχει φτιαχτεί με την τεχνολογία CLIMALITE COTTON της ADIDAS, ώστε να αποδίδει','','','PAΝTELOΝΙ-ADIDAS-2011-2012-GKRΙ'),
	(738,810,1,'ΖΑΚΕΤΑ ΔΙΧΡΩΜΗ ΜΕ ΚΟΥΚΟΥΛΑ ADIDAS 2011-2012','Ζακέτα&nbsp;ADIDAS&nbsp;με κουκούλα,&nbsp;με&nbsp;κέντημα το τριφύλλι σε 3D απεικονίση και τύπωμα με τη λέξη PANATHINAIKOS στο πίσω μέρος<br />  Χρώματα: πράσινο &amp; μαύρο<br />  Υλικό: 100% Πολυεστέρας','Ζακέτα&nbsp;ADIDAS&nbsp;με κουκούλα,&nbsp;με&nbsp;κέντημα το τριφύλλι σε 3D απεικονίση και τύπωμα με τη λέξη PANATHINAIKOS στο πίσω μέρος<br />  Χρώματα: πράσινο &amp; μαύρο<br />  Υλικό: 100% Πολυεστέρας','','','ZAKETA-DΙCHRΩMΗ-ME-KOΥKOΥLA-ADIDAS-2011-2012'),
	(739,811,1,'ΖΑΚΕΤΑ ADIDAS 2011-2012','Zακέτα&nbsp;ADIDAS με κέντημα την 6στερη μπάλα και το τριφύλλι στο πίσω μέρος<br />  Σύνθεση: Πολυεστέρας<br />  Χρώμα: πράσινο','Zακέτα&nbsp;ADIDAS με κέντημα την 6στερη μπάλα και το τριφύλλι στο πίσω μέρος<br />  Σύνθεση: Πολυεστέρας<br />  Χρώμα: πράσινο','','','ZAKETA-ADIDAS-2011-2012'),
	(740,812,1,'ΦΟΥΤΕΡ ADIDAS 2011-2012 (ΓΚΡΙ)','<p>Φούτερ ADIDAS με&nbsp;κέντημα το τριφύλλι σε 3D απεικόνιση<br />  Χρώμα: γκρι<br />  Σύνθεση: 60% Βαμβάκι και 40% Πολυεστέρας</p>  <p>Το φούτερ αυτό έχει φτιαχτεί με την τεχνολογία CLIMALITE COTTON της ADIDAS, ώστε να αποδίδει την άνεση και την αίσθηση','<p>Φούτερ ADIDAS με&nbsp;κέντημα το τριφύλλι σε 3D απεικόνιση<br />  Χρώμα: γκρι<br />  Σύνθεση: 60% Βαμβάκι και 40% Πολυεστέρας</p>  <p>Το φούτερ αυτό έχει φτιαχτεί με την τεχνολογία CLIMALITE COTTON της ADIDAS, ώστε να αποδίδει την άνεση και την αίσθηση','','','FOΥTER-ADIDAS-2011-2012-GKRΙ'),
	(741,813,1,'T-SHIRT ADIDAS ΣΗΜΑ PAO (ΛΕΥΚΟ)','T-shirt ADIDAS με τύπωμα το γενικό σήμα του Παναθηναϊκού<br />  Χρώμα: λευκό<br />  <br />  <p>Το μπλουζάκι αυτό έχει φτιαχτεί με την τεχνολογία CLIMALITE COTTON της ADIDAS, ώστε να αποδίδει την άνεση και την αίσθηση του βαμβακιού συνδυαζόμενη με την λειτ','T-shirt ADIDAS με τύπωμα το γενικό σήμα του Παναθηναϊκού<br />  Χρώμα: λευκό<br />  <br />  <p>Το μπλουζάκι αυτό έχει φτιαχτεί με την τεχνολογία CLIMALITE COTTON της ADIDAS, ώστε να αποδίδει την άνεση και την αίσθηση του βαμβακιού συνδυαζόμενη με την λειτ','','','T-SIIRT-ADIDAS-SΗMA-PAO-LEΥKO'),
	(742,814,1,'T-SHIRT ADIDAS PAO BC (ΠΡΑΣΙΝΟ)','T-shirt ADIDAS με αημένιο τύπωμα PAO BC<br />  Χρώμα: πράσινο<br />  <br />  <p>Το μπλουζάκι αυτό έχει φτιαχτεί με την τεχνολογία CLIMALITE COTTON της ADIDAS, ώστε να αποδίδει την άνεση και την αίσθηση του βαμβακιού συνδυαζόμενη με την λειτουργικότητα, έτ','T-shirt ADIDAS με αημένιο τύπωμα PAO BC<br />  Χρώμα: πράσινο<br />  <br />  <p>Το μπλουζάκι αυτό έχει φτιαχτεί με την τεχνολογία CLIMALITE COTTON της ADIDAS, ώστε να αποδίδει την άνεση και την αίσθηση του βαμβακιού συνδυαζόμενη με την λειτουργικότητα, έτ','','','T-SIIRT-ADIDAS-PAO-BC-PRASΙΝO'),
	(757,829,1,'ΜΠΡΕΛΟΚ ΔΕΡΜΑΤΙΝΟ','Δερμάτινο μπρελόκ, κρεμασμένα τα αρχικά&nbsp;PAO &amp; το τριφύλλι','Δερμάτινο μπρελόκ, κρεμασμένα τα αρχικά&nbsp;PAO &amp; το τριφύλλι','','','MPRELOK-DERMATΙΝO'),
	(759,831,1,'T-SHIRT DIAMANTIDIS No13','Ο Αρχηγός έγινε μπλουζάκι! <br />  Σύνθεση: 100% βαμβάκι','Ο Αρχηγός έγινε μπλουζάκι! <br />  Σύνθεση: 100% βαμβάκι','','','T-SIIRT-DIAMANTIDIS-No13'),
	(760,832,1,'T-SHIRT ΤΡΙΛΙΖΑ','T-SHIRT ΤΡΙΛΙΖΑ','T-SHIRT ΤΡΙΛΙΖΑ','','','T-SIIRT-TRΙLΙZA'),
	(761,833,1,'ΜΠΕΓΛΕΡΙ','Μπεγλέρι με μια λευκή και μια πράσινη χάντρα.','Μπεγλέρι με μια λευκή και μια πράσινη χάντρα.','','','MPEGLERΙ'),
	(762,834,1,'ΜΠΑΛΑΚΙ ΓΙΟ-ΓΙΟ','<p>Πράσινο μπαλάκι γιο-γιο<br />  &nbsp;<br />  Αγχολυτικό αντι-στρες μπαλάκι με ελαστικό σχοινάκι.</p>','<p>Πράσινο μπαλάκι γιο-γιο<br />  &nbsp;<br />  Αγχολυτικό αντι-στρες μπαλάκι με ελαστικό σχοινάκι.</p>','','','MPALAKΙ-GΙO-GΙO'),
	(763,835,1,'ΚΥΑΛΙΑ','ΚΥΑΛΙΑ','ΚΥΑΛΙΑ','','','KΥALΙA'),
	(764,836,1,'ΚΑΠΕΛΟ ΜΠΑΛΑ 6 ΑΣΤΕΡΙΑ','<p>Καπέλο&nbsp;με κέντημα την 6στερη μπάλα<br />  Χρώμα: ανοιχτό πράσινο</p>','<p>Καπέλο&nbsp;με κέντημα την 6στερη μπάλα<br />  Χρώμα: ανοιχτό πράσινο</p>','','','KAPELO-MPALA-6-ASTERΙA'),
	(765,837,1,'ΚΑΠΕΛΟ ΔΙΑΜΑΝΤΙΔΗΣ','<p>Καπέλο μαύρο.<br />  Στην μπροστινή όψη είναι τυπωμένο το όνομα Dimitris Diamantidis και στην&nbsp;αριστερή πλεύρα είναι κεντημένο το νούμερο 13 με την υπογραφή του. </p>','<p>Καπέλο μαύρο.<br />  Στην μπροστινή όψη είναι τυπωμένο το όνομα Dimitris Diamantidis και στην&nbsp;αριστερή πλεύρα είναι κεντημένο το νούμερο 13 με την υπογραφή του. </p>','','','KAPELO-DΙAMAΝTΙDΗS'),
	(766,838,1,'T-SHIRT \'\'ΤΟ ΤΑΞΙΔΙ ΣΥΝΕΧΙΖΕΤΑΙ\'\'','....και το ταξίδι συνεχίζεται!<br />  <p>Στην μπροστινή όψη της μπλούζας απεικονίζονται τα μνημεία από τη κάθε&nbsp;πόλη, που κατέκτησε τα 6 ευρωπαϊκά πρωταθλήματα η ομάδα μπάσκετ του Παναθηναϊκού.<br />  Στην πίσω όψη αναγράφονται οι πόλεις κατάκτησης τω','....και το ταξίδι συνεχίζεται!<br />  <p>Στην μπροστινή όψη της μπλούζας απεικονίζονται τα μνημεία από τη κάθε&nbsp;πόλη, που κατέκτησε τα 6 ευρωπαϊκά πρωταθλήματα η ομάδα μπάσκετ του Παναθηναϊκού.<br />  Στην πίσω όψη αναγράφονται οι πόλεις κατάκτησης τω','','','T-SIIRT--TO-TAKSΙDΙ-SΥΝECHΙZETAΙ-'),
	(767,839,1,'MOUSE PAD \"ΚΑΙ ΤΟ ΤΑΞΙΔΙ ΣΥΝΕΧΙΖΕΤΑΙ\"','....και το ταξίδι συνεχίζεται!<br />  <br />  Απεικονίζονται τα μνημεία από τη κάθε&nbsp;πόλη, που κατέκτησε τα 6 ευρωπαϊκά πρωταθλήματα η ομάδα μπάσκετ του Παναθηναϊκού.<br />','....και το ταξίδι συνεχίζεται!<br />  <br />  Απεικονίζονται τα μνημεία από τη κάθε&nbsp;πόλη, που κατέκτησε τα 6 ευρωπαϊκά πρωταθλήματα η ομάδα μπάσκετ του Παναθηναϊκού.<br />','','','MOUSE-PAD-KAΙ-TO-TAKSΙDΙ-SΥΝECHΙZETAΙ-'),
	(768,840,1,'T-SHIRT ΑΣΠΙΔΑ','T-shirt μαύρο με τύπωμα το γενικό σήμα του Παναθηναϊκού μέσα σε ασπίδα.<br />  <br />  Σύνθεση: 100% Βαμβάκι','T-shirt μαύρο με τύπωμα το γενικό σήμα του Παναθηναϊκού μέσα σε ασπίδα.<br />  <br />  Σύνθεση: 100% Βαμβάκι','','','T-SIIRT-ASPΙDA'),
	(769,841,1,'T-SHIRT 3D KYBAKIA','Παδικό t-shirt&nbsp;με τύπωμα 3D κυβάκια με τη λέξη \"ΠΑΝΑΘΗΝΑΪΚΟΣ\"<br />  Χρώμα: πράσινο <br />  Σύθεση: 100% βαμβάκι','Παδικό t-shirt&nbsp;με τύπωμα 3D κυβάκια με τη λέξη \"ΠΑΝΑΘΗΝΑΪΚΟΣ\"<br />  Χρώμα: πράσινο <br />  Σύθεση: 100% βαμβάκι','','','T-SIIRT-3D-KIBAKIA'),
	(770,842,1,'ΚΑΣΚΟΛ ΜΠΑΛΑ 6*','Κασκόλ ριγέ.<br />  <br />  Στο ένα τελείωμα του κασκόλ είναι κεντημένη η 6στερη μπάλα και στο άλλο τελείωμα είναι οι πόλεις κατάκτησης των 6 ευρωπαϊκών πρωταθλημάτων με τις&nbsp;αντίστοιχες χρονολογίες.<br />  <br />  Σύνθεση: ακρυλικό','Κασκόλ ριγέ.<br />  <br />  Στο ένα τελείωμα του κασκόλ είναι κεντημένη η 6στερη μπάλα και στο άλλο τελείωμα είναι οι πόλεις κατάκτησης των 6 ευρωπαϊκών πρωταθλημάτων με τις&nbsp;αντίστοιχες χρονολογίες.<br />  <br />  Σύνθεση: ακρυλικό','','','KASKOL-MPALA-6'),
	(771,843,1,'ΠΑΙΔΙΚΟ T-SHIRT \'\'ΤΟ ΤΑΞΙΔΙ ΣΥΝΕΧΙΖΕΤΑΙ\'\'','<p>....και το ταξίδι συνεχίζεται!<br />  <br />  Στην μπροστινή όψη της μπλούζας απεικονίζονται τα μνημεία από τη κάθε&nbsp;πόλη, που κατέκτησε τα 6 ευρωπαϊκά πρωταθλήματα η ομάδα μπάσκετ του Παναθηναϊκού.<br />  Στην πίσω όψη&nbsp;αναγράφονται οι πόλεις','<p>....και το ταξίδι συνεχίζεται!<br />  <br />  Στην μπροστινή όψη της μπλούζας απεικονίζονται τα μνημεία από τη κάθε&nbsp;πόλη, που κατέκτησε τα 6 ευρωπαϊκά πρωταθλήματα η ομάδα μπάσκετ του Παναθηναϊκού.<br />  Στην πίσω όψη&nbsp;αναγράφονται οι πόλεις','','','PAΙDΙKO-T-SIIRT--TO-TAKSΙDΙ-SΥΝECHΙZETAΙ-'),
	(772,844,1,'ΚΟΜΠΟΛΟΪ','<div class=\"description\"></div>  Κομπολόι με πράσινες χάντρες και το σήμα της ομάδας μας.','<div class=\"description\"></div>  Κομπολόι με πράσινες χάντρες και το σήμα της ομάδας μας.','','','KOMPOLOΪ'),
	(773,845,1,'ΔΕΡΜΑΤΙΝΗ ΜΠΑΛΑ WILSON','<p>Κάνε δική σου μια&nbsp;από τις 500 συλλεκτικές αριθμημένες μπάλες Wilson !!! </p>  <p><strong></strong></p>  <p>&nbsp;</p>','<p>Κάνε δική σου μια&nbsp;από τις 500 συλλεκτικές αριθμημένες μπάλες Wilson !!! </p>  <p><strong></strong></p>  <p>&nbsp;</p>','','','DERMATΙΝΗ-MPALA-WILSON'),
	(776,848,1,'ΠΑΙΔΙΚΗ ΕΜΦΑΝΙΣΗ ΠΟΔΟΣΦΑΙΡΟΥ 2011-2012 (ΠΡΑΣΙΝΗ)','Η επίσημη παιδική εμφάνιση της Adidas για το ποδόσφαιρο, για την σεζόν 2011-2012.','Η επίσημη παιδική εμφάνιση της Adidas για το ποδόσφαιρο, για την σεζόν 2011-2012.','','','PAΙDΙKΗ-EMFAΝΙSΗ-PODOSFAΙROΥ-2011-2012-PRASΙΝΗ'),
	(777,849,1,'ΕΜΦΑΝΙΣΗ ΠΟΔΟΣΦΑΙΡΟΥ 2011-2012 (ΠΡΑΣΙΝΗ)','Εμφάνιση ποδοσφαίρου Adidas για τη σεζον 2011-2012','Εμφάνιση ποδοσφαίρου Adidas για τη σεζον 2011-2012','','','EMFAΝΙSΗ-PODOSFAΙROΥ-2011-2012-PRASΙΝΗ'),
	(783,855,1,'ΚΑΣΚΟΛ ΠΛΕΚΤΟ ΔΙΠΛΗΣ ΟΨΗΣ (ΛΕΥΚΟ-ΠΡΑΣΙΝΟ)','Κασκόλ με δυο όψεις: σε κάθε πλευρά γράφεται η λέξη \'\'Παναθηναϊκός\'\', στα ελληνικά από τη μια, στα λατινικά από την άλλη όψη.','Κασκόλ με δυο όψεις: σε κάθε πλευρά γράφεται η λέξη \'\'Παναθηναϊκός\'\', στα ελληνικά από τη μια, στα λατινικά από την άλλη όψη.','','','KASKOL-PLEKTO-DΙPLΗS-OPSΗS-LEΥKO-PRASΙΝO'),
	(784,856,1,'ΕΥΡΩΠΑΪΚΟ ΚΥΠΕΛΛΟ ΒΑΡΚΕΛΩΝΗΣ 2011','<p>&nbsp;</p>','<p>&nbsp;</p>','','','EΥRΩPAΪKO-KΥPELLO-ΒARKELΩΝΗS-2011'),
	(785,857,1,'ΑΦΙΣΑ EUROPEAN CHAMPION BARCELONA 2011','<p>Ο πανηγυρισμός της υπέροχης αυτής στιγμής σε μια αφίσα για κάθε δωμάτιο!<br />  Διαστάσεις: 60X40</p>','<p>Ο πανηγυρισμός της υπέροχης αυτής στιγμής σε μια αφίσα για κάθε δωμάτιο!<br />  Διαστάσεις: 60X40</p>','','','AFΙSA-EUROPEAN-CIAMPION-BARCELONA-2011'),
	(786,858,1,'ΚΑΣΚΟΛ ΠΛΕΚΤΟ ΔΙΠΛΗΣ ΟΨΗΣ \"ΚΑΙ ΤΟ ΤΑΞΙΔΙ ΣΥΝΕΧΙΖΕΤΑΙ\"','....και το ταξίδι συνεχίζεται!<br />  <br />  Απεικονίζονται τα μνημεία από τη κάθε&nbsp;πόλη, που κατέκτησε τα 6 ευρωπαϊκά πρωταθλήματα η ομάδα μπάσκετ του Παναθηναϊκού.<br />  .<br />  <br />','....και το ταξίδι συνεχίζεται!<br />  <br />  Απεικονίζονται τα μνημεία από τη κάθε&nbsp;πόλη, που κατέκτησε τα 6 ευρωπαϊκά πρωταθλήματα η ομάδα μπάσκετ του Παναθηναϊκού.<br />  .<br />  <br />','','','KASKOL-PLEKTO-DΙPLΗS-OPSΗS-KAΙ-TO-TAKSΙDΙ-SΥΝECHΙZETAΙ-'),
	(787,859,1,'T-SHIRT ΚΥΠΕΛΛΟΥΧΟΣ ΕΛΛΑΔΟΣ 2012','Ο κυπελλούχος Ελλάδος 2012, είναι γεγονός και το γιοτάζουμε με το επετειακό μας μπλουζάκι!','Ο κυπελλούχος Ελλάδος 2012, είναι γεγονός και το γιοτάζουμε με το επετειακό μας μπλουζάκι!','','','T-SIIRT-KΥPELLOΥCHOS-ELLADOS-2012'),
	(788,860,1,'6ο DVD ΕΥΡΩΠΑΪΚΟΥ ΠΡΩΤΑΘΛΗΜΑΤΟΣ','<ul>\r\n<li>Το 6ο ΕυρωπαΪκο Πρωτάθλημα σε 2 DVD (ημιτελικός και τελικός)</li>\r\n</ul>\r\n<ul>\r\n<li>Πλούσιο φωτογραφικό υλικό</li>\r\n</ul>\r\n<ul>\r\n<li>Στατιστικά και δηλώσεις</li>\r\n</ul>\r\n<p> <br /> <strong>Εάν έχετε ήδη τη συλλογή με τα</strong></p>','<ul>\r\n<li>Το 6ο ΕυρωπαΪκο Πρωτάθλημα σε 2 DVD (ημιτελικός και τελικός)</li>\r\n</ul>\r\n<ul>\r\n<li>Πλούσιο φωτογραφικό υλικό</li>\r\n</ul>\r\n<ul>\r\n<li>Στατιστικά και δηλώσεις</li>\r\n</ul>\r\n<p> <br /> <strong>Εάν έχετε ήδη τη συλλογή με τα</strong></p>','','','6o-DVD-EΥRΩPAΪKOΥ-PRΩTATILΗMATOS'),
	(790,862,1,'ΣΥΛΛΟΓΗ DVD 6 ΕΥΡΩΠΑΪΚΑ ΠΡΩΤΑΘΛΗΜΑΤΑ','Η πολυτελής&nbsp;θήκη&nbsp;με την ολοκληρωμένη συλλογή των 6 ευρωπαϊκών πρωταθλημάτων.<br />  <br />  Αποτελείται από την κασετίνα με&nbsp;τα 5 ευρωπαϊκά πρωταθλήματα και την κασετίνα με το 6ο ευρωπαϊκό πρωτάθλημα.&nbsp;&nbsp;<br />  Αναλυτικά η&nbsp;πολυ','Η πολυτελής&nbsp;θήκη&nbsp;με την ολοκληρωμένη συλλογή των 6 ευρωπαϊκών πρωταθλημάτων.<br />  <br />  Αποτελείται από την κασετίνα με&nbsp;τα 5 ευρωπαϊκά πρωταθλήματα και την κασετίνα με το 6ο ευρωπαϊκό πρωτάθλημα.&nbsp;&nbsp;<br />  Αναλυτικά η&nbsp;πολυ','','','SΥLLOGΗ-DVD-6-EΥRΩPAΪKA-PRΩTATILΗMATA'),
	(792,864,1,'ΚΑΡΦΙΤΣΑ ΤΡΙΦΥΛΛΙ','Καρφίτσα μεταλλική με επίστρωση απο σιλικόνη.','Καρφίτσα μεταλλική με επίστρωση απο σιλικόνη.','','','KARFΙTSA-TRΙFΥLLΙ'),
	(793,865,1,'ΜΠΡΕΛΟΚ \"MY PRIDE\"','Μπρελόκ μεταλλικό. Είναι λίγο μεγαλύτερο σαν σχέδιο απο τα υπόλοιπα μπρελόκ.<br />  <br />','Μπρελόκ μεταλλικό. Είναι λίγο μεγαλύτερο σαν σχέδιο απο τα υπόλοιπα μπρελόκ.<br />  <br />','','','MPRELOK-MI-PRIDE-'),
	(795,867,1,'ΜΠΡΕΛΟΚ ΜΕ ΑΝΟΙΧΤΗΡΙ','Μεταλλικό μπρελόκ με ανοιχτήρι.','Μεταλλικό μπρελόκ με ανοιχτήρι.','','','MPRELOK-ME-AΝOΙCHTΗRΙ'),
	(796,868,1,'ΜΑΓΝΗΤΑΚΙ','Μαγνητάκι για το ψυγείο και κάθε μεταλλική επιφάνεια!','Μαγνητάκι για το ψυγείο και κάθε μεταλλική επιφάνεια!','','','MAGΝΗTAKΙ'),
	(797,869,1,'ΜΠΡΕΛΟΚ ΜΕ ΓΑΝΤΖΟ','Μπρελόκ με γάντζο. Περνιέται εύκολα απο τα παντελόνια και σε πολλά άλλα ρούχα. Το λουράκι είναι ναυλον.','Μπρελόκ με γάντζο. Περνιέται εύκολα απο τα παντελόνια και σε πολλά άλλα ρούχα. Το λουράκι είναι ναυλον.','','','MPRELOK-ME-GAΝTZO'),
	(798,870,1,'ΜΑΓΝΗΤΗΣ ΤΡΙΦΥΛΛΙ','Ένας μαγνητης αρκετά μεγαλύτερος απο τα κοινότυπα μαγνητάκια!','Ένας μαγνητης αρκετά μεγαλύτερος απο τα κοινότυπα μαγνητάκια!','','','MAGΝΗTΗS-TRΙFΥLLΙ'),
	(799,871,1,'ΜΑΓΝΗΤΗΣ ΑΝΟΙΧΤΗΡΙ','Και μαγνήτης και ανοιχτήρι!','Και μαγνήτης και ανοιχτήρι!','','','MAGΝΗTΗS-AΝOΙCHTΗRΙ'),
	(800,872,1,'ΣΟΥΒΕΡ','Το σετ περιλαμβάνει 3 τεμάχια σε πράσινο χρώμα και 3 τεμάχια σε λευκό χρώμα.','Το σετ περιλαμβάνει 3 τεμάχια σε πράσινο χρώμα και 3 τεμάχια σε λευκό χρώμα.','','','SOΥΒER'),
	(801,873,1,'ΚΑΣΚΟΛ ΠΛΕΚΤΟ ΔΙΠΛΗΣ ΟΨΗΣ (ΜΑΥΡΟ-ΠΡΑΣΙΝΟ)','Κασκόλ με δυο όψεις: σε κάθε πλευρά γράφεται η λέξη \'\'Παναθηναϊκός\'\', στα ελληνικά από τη μια, στα λατινικά από την άλλη όψη.','Κασκόλ με δυο όψεις: σε κάθε πλευρά γράφεται η λέξη \'\'Παναθηναϊκός\'\', στα ελληνικά από τη μια, στα λατινικά από την άλλη όψη.','','','KASKOL-PLEKTO-DΙPLΗS-OPSΗS-MAΥRO-PRASΙΝO'),
	(803,875,1,'ΦΟΡΜΑΚΙ ΜΑΚΡΥΜΑΝΙΚΟ ΤΡΙΛΙΖΑ','ΦΟΡΜΑΚΙ ΜΑΚΡΥΜΑΝΙΚΟ ΤΡΙΛΙΖΑ','ΦΟΡΜΑΚΙ ΜΑΚΡΥΜΑΝΙΚΟ ΤΡΙΛΙΖΑ','','','FORMAKΙ-MAKRΥMAΝΙKO-TRΙLΙZA'),
	(804,876,1,'ΖΙΠΟΥΝΑΚΙΑ ΚΟΝΤΟΜΑΝΙΚΑ ΣΕΤ 2 ΤΜΧ','ΖΙΠΟΥΝΑΚΙΑ ΚΟΝΤΟΜΑΝΙΚΑ ΣΕΤ 2 ΤΜΧ','ΖΙΠΟΥΝΑΚΙΑ ΚΟΝΤΟΜΑΝΙΚΑ ΣΕΤ 2 ΤΜΧ','','','ZΙPOΥΝAKΙA-KOΝTOMAΝΙKA-SET-2-TMCH'),
	(805,877,1,'ΦΟΡΜΑΚΙ ΜΑΚΡΥΜΑΝΙΚΟ BORN TO BE PANATHINAIKOS','ΦΟΡΜΑΚΙ ΜΑΚΡΥΜΑΝΙΚΟ BORN TO BE PANATHINAIKOS','ΦΟΡΜΑΚΙ ΜΑΚΡΥΜΑΝΙΚΟ BORN TO BE PANATHINAIKOS','','','FORMAKΙ-MAKRΥMAΝΙKO-BORN-TO-BE-PANATIINAIKOS'),
	(809,881,1,'REPLICA ΕΜΦΑΝΙΣΗ ΜΠΑΣΚΕΤ 2012-13 (ΠΡΑΣΙΝΗ)','6ΣΤΕΡΗ REPLICA&nbsp;ΕΜΦΑΝΙΣΗ ΜΠΑΣΚΕΤ 2012-13<br />  Xρώμα: πράσινο<br />  <br />  Η εμφάνιση αυτή είναι εφοδιασμένη με το σύστημα ClimaCool για να απορροφά την υγρασία σε λιγότερο από 3\'\'. Η τεχνολογία της φανέλας την κάνει άριστη επιλογή για αθλητικές δρ','6ΣΤΕΡΗ REPLICA&nbsp;ΕΜΦΑΝΙΣΗ ΜΠΑΣΚΕΤ 2012-13<br />  Xρώμα: πράσινο<br />  <br />  Η εμφάνιση αυτή είναι εφοδιασμένη με το σύστημα ClimaCool για να απορροφά την υγρασία σε λιγότερο από 3\'\'. Η τεχνολογία της φανέλας την κάνει άριστη επιλογή για αθλητικές δρ','','','REPLICA-EMFAΝΙSΗ-MPASKET-2012-13-PRASΙΝΗ'),
	(810,882,1,'REPLICA ΕΜΦΑΝΙΣΗ ΜΠΑΣΚΕΤ 2012-13 (ΜΑΥΡΗ)','<p>6ΣΤΕΡΗ REPLICA&nbsp;ΕΠΙΣΗΜΗ ΕΜΦΑΝΙΣΗ ΜΠΑΣΚΕΤ 2012-13<br />  Xρώμα: μαύρο<br />  <br />  </p>  <p>Η εμφάνιση αυτή είναι εφοδιασμένη με το σύστημα ClimaCool για να απορροφά την υγρασία σε λιγότερο από 3\'\'. Η τεχνολογία της φανέλας την κάνει άριστη επιλογ','<p>6ΣΤΕΡΗ REPLICA&nbsp;ΕΠΙΣΗΜΗ ΕΜΦΑΝΙΣΗ ΜΠΑΣΚΕΤ 2012-13<br />  Xρώμα: μαύρο<br />  <br />  </p>  <p>Η εμφάνιση αυτή είναι εφοδιασμένη με το σύστημα ClimaCool για να απορροφά την υγρασία σε λιγότερο από 3\'\'. Η τεχνολογία της φανέλας την κάνει άριστη επιλογ','','','REPLICA-EMFAΝΙSΗ-MPASKET-2012-13-MAΥRΗ'),
	(823,895,1,'ΑΝΑΠΤΗΡΑΣ ZIPPO','ΠΑΡΑΔΟΣΗ ΕΝΤΟΣ&nbsp;5 ΗΜΕΡΩΝ','ΠΑΡΑΔΟΣΗ ΕΝΤΟΣ&nbsp;5 ΗΜΕΡΩΝ','','','AΝAPTΗRAS-ZIPPO'),
	(824,896,1,'ΑΝΑΠΤΗΡΑΣ ZIPPO','ΠΑΡΑΔΟΣΗ ΕΝΤΟΣ&nbsp;5 ΗΜΕΡΩΝ','ΠΑΡΑΔΟΣΗ ΕΝΤΟΣ&nbsp;5 ΗΜΕΡΩΝ','','','AΝAPTΗRAS-ZIPPO'),
	(825,897,1,'ΑΝΑΠΤΗΡΑΣ ZIPPO','ΠΑΡΑΔΟΣΗ ΕΝΤΟΣ&nbsp;5 ΗΜΕΡΩΝ','ΠΑΡΑΔΟΣΗ ΕΝΤΟΣ&nbsp;5 ΗΜΕΡΩΝ','','','AΝAPTΗRAS-ZIPPO'),
	(826,898,1,'ΑΝΑΠΤΗΡΑΣ ZIPPO','ΠΑΡΑΔΟΣΗ ΕΝΤΟΣ&nbsp;5 ΗΜΕΡΩΝ','ΠΑΡΑΔΟΣΗ ΕΝΤΟΣ&nbsp;5 ΗΜΕΡΩΝ','','','AΝAPTΗRAS-ZIPPO'),
	(827,899,1,'ΑΝΑΠΤΗΡΑΣ ZIPPO','ΠΑΡΑΔΟΣΗ ΕΝΤΟΣ&nbsp;5 ΗΜΕΡΩΝ','ΠΑΡΑΔΟΣΗ ΕΝΤΟΣ&nbsp;5 ΗΜΕΡΩΝ','','','AΝAPTΗRAS-ZIPPO'),
	(831,903,1,'ΚΟΝΚΑΡΔΕΣ \'RESPECT\'','ΣΕΤ ΑΠΟ 6 ΚΟΝΚΑΡΔΕΣ 37mm','ΣΕΤ ΑΠΟ 6 ΚΟΝΚΑΡΔΕΣ 37mm','','','KOΝKARDES-RESPECT-'),
	(835,907,1,'ΓΙΩΡΓΟΣ','ΓΙΩΡΓΟΣ','ΓΙΩΡΓΟΣ','','','GΙΩRGOS'),
	(836,908,1,'ΒΑΣΙΛΗΣ','ΒΑΣΙΛΗΣ','ΒΑΣΙΛΗΣ','','','ΒASΙLΗS'),
	(837,909,1,'ΑΝΤΩΝΗΣ','ΑΝΤΩΝΗΣ','ΑΝΤΩΝΗΣ','','','AΝTΩΝΗS'),
	(838,910,1,'ΓΙΑΝΝΗΣ','ΓΙΑΝΝΗΣ','ΓΙΑΝΝΗΣ','','','GΙAΝΝΗS'),
	(839,911,1,'ΧΡΗΣΤΟΣ','ΧΡΗΣΤΟΣ','ΧΡΗΣΤΟΣ','','','CHRΗSTOS'),
	(840,912,1,'ΑΝΑΣΤΑΣΗΣ','ΑΝΑΣΤΑΣΗΣ','ΑΝΑΣΤΑΣΗΣ','','','AΝASTASΗS'),
	(841,913,1,'ΠΟΡΤΟΦΟΛΙ ΠΑΝΑΘΗΝΑΙΚΟΣ (ΜΑΥΡΟ)','Υφασμάτινο πορτοφόλι με μεταλλική αγκράφα το γενικό σήμα του Παναθηναικού.<br />  Χρώμα: μαύρο','Υφασμάτινο πορτοφόλι με μεταλλική αγκράφα το γενικό σήμα του Παναθηναικού.<br />  Χρώμα: μαύρο','','','PORTOFOLΙ-PAΝATIΗΝAΙKOS-MAΥRO'),
	(842,914,1,'ΚΩΣΤΑΣ','ΚΩΣΤΑΣ','ΚΩΣΤΑΣ','','','KΩSTAS'),
	(843,915,1,'ΘΑΝΑΣΗΣ','ΘΑΝΑΣΗΣ','ΘΑΝΑΣΗΣ','','','TIAΝASΗS'),
	(844,916,1,'ΘΟΔΩΡΗΣ','ΘΟΔΩΡΗΣ','ΘΟΔΩΡΗΣ','','','TIODΩRΗS'),
	(845,917,1,'ΔΗΜΗΤΡΗΣ','ΔΗΜΗΤΡΗΣ','ΔΗΜΗΤΡΗΣ','','','DΗMΗTRΗS'),
	(846,918,1,'ΜΙΧΑΛΗΣ','ΜΙΧΑΛΗΣ','ΜΙΧΑΛΗΣ','','','MΙCHALΗS'),
	(847,919,1,'ΑΝΔΡΕΑΣ','ΑΝΔΡΕΑΣ','ΑΝΔΡΕΑΣ','','','AΝDREAS'),
	(848,920,1,'ΚΑΔΡΟ 3D ΔΙΑΜΑΝΤΙΔΗΣ','Κάδρο 3D με τρισδιάστατα εφέ ώστε να δημιουργείται βάθος στην εικόνα.<br />  <br />  Σχέδιο: Our Captain<br />  <br />  Διαστάσεις: 25 x 35 cm','Κάδρο 3D με τρισδιάστατα εφέ ώστε να δημιουργείται βάθος στην εικόνα.<br />  <br />  Σχέδιο: Our Captain<br />  <br />  Διαστάσεις: 25 x 35 cm','','','KADRO-3D-DΙAMAΝTΙDΗS'),
	(849,921,1,'ΝΙΚΟΣ','ΝΙΚΟΣ','ΝΙΚΟΣ','','','ΝΙKOS'),
	(850,922,1,'ΒΑΓΓΕΛΗΣ','ΒΑΓΓΕΛΗΣ','ΒΑΓΓΕΛΗΣ','','','ΒAGGELΗS'),
	(851,923,1,'ΜΑΝΩΛΗΣ','ΜΑΝΩΛΗΣ','ΜΑΝΩΛΗΣ','','','MAΝΩLΗS'),
	(852,924,1,'ΠΑΝΑΓΙΩΤΗΣ','ΠΑΝΑΓΙΩΤΗΣ','ΠΑΝΑΓΙΩΤΗΣ','','','PAΝAGΙΩTΗS'),
	(853,925,1,'ΣΠΥΡΟΣ','ΣΠΥΡΟΣ','ΣΠΥΡΟΣ','','','SPΥROS'),
	(854,926,1,'ΖΙΠΟΥΝΑΚΙΑ ΜΑΚΡΥΜΑΝΙΚΑ ΣΕΤ 2 ΤΜΧ','ΖΙΠΟΥΝΑΚΙΑ ΜΑΚΡΥΜΑΝΙΚΑ ΣΕΤ 2 ΤΜΧ','ΖΙΠΟΥΝΑΚΙΑ ΜΑΚΡΥΜΑΝΙΚΑ ΣΕΤ 2 ΤΜΧ','','','ZΙPOΥΝAKΙA-MAKRΥMAΝΙKA-SET-2-TMCH'),
	(855,927,1,'ΚΑΔΡΟ 3D \"ΚΑΙ ΤΟ ΤΑΞΙΔΙ ΣΥΝΕΧΙΖΕΤΑΙ\"','Κάδρο 3D με τρισδιάστατα εφέ ώστε να δημιουργείται βάθος στην εικόνα.<br />  <br />  Σχέδιο: \"....και το ταξίδι συνεχίζεται!\"<br />  Απεικονίζονται τα μνημεία από τη κάθε&nbsp;πόλη, που κατέκτησε τα 6 ευρωπαϊκά πρωταθλήματα η ομάδα μπάσκετ του Παναθηναϊκο','Κάδρο 3D με τρισδιάστατα εφέ ώστε να δημιουργείται βάθος στην εικόνα.<br />  <br />  Σχέδιο: \"....και το ταξίδι συνεχίζεται!\"<br />  Απεικονίζονται τα μνημεία από τη κάθε&nbsp;πόλη, που κατέκτησε τα 6 ευρωπαϊκά πρωταθλήματα η ομάδα μπάσκετ του Παναθηναϊκο','','','KADRO-3D-KAΙ-TO-TAKSΙDΙ-SΥΝECHΙZETAΙ-'),
	(856,928,1,'ΑΛΕΞΑΝΔΡΟΣ','ΑΛΕΞΑΝΔΡΟΣ','ΑΛΕΞΑΝΔΡΟΣ','','','ALEKSAΝDROS'),
	(857,929,1,'ΚΑΔΡΟ 3D ΑΓΑ\'ΠΑΟ\' ΤΗΝ ΟΜΑΔΑ ΜΟΥ','Κάδρο 3D με τρισδιάστατα εφέ ώστε να δημιουργείται βάθος στην εικόνα.<br />  <br />  Σχέδιο: \"ΑγαΠΑΟ την ομάδα μου\"<br />  <br />  Διαστάσεις: 25 x 35 cm','Κάδρο 3D με τρισδιάστατα εφέ ώστε να δημιουργείται βάθος στην εικόνα.<br />  <br />  Σχέδιο: \"ΑγαΠΑΟ την ομάδα μου\"<br />  <br />  Διαστάσεις: 25 x 35 cm','','','KADRO-3D-AGA-PAO-TΗΝ-OMADA-MOΥ'),
	(858,930,1,'ΚΟΥΠΑ ΠΑΝΑΘΗΝΑΙΚΟΣ','<p>ΚΟΥΠΑ ΠΑΝΑΘΗΝΑΙΚΟΣ ΜΕ ΤΟ ΟΝΟΜΑ ΤΗΣ ΕΠΙΛΟΓΗΣ ΣΑΣ</p>','<p>ΚΟΥΠΑ ΠΑΝΑΘΗΝΑΙΚΟΣ ΜΕ ΤΟ ΟΝΟΜΑ ΤΗΣ ΕΠΙΛΟΓΗΣ ΣΑΣ</p>','','','KOΥPA-PAΝATIΗΝAΙKOS'),
	(859,931,1,'ΦΟΡΜΑΚΙ ΜΑΚΡΥΜΑΝΙΚΟ','ΦΟΡΜΑΚΙ ΜΑΚΡΥΜΑΝΙΚΟ','ΦΟΡΜΑΚΙ ΜΑΚΡΥΜΑΝΙΚΟ','','','FORMAKΙ-MAKRΥMAΝΙKO'),
	(860,932,1,'ΡΟΛΟΙ ΤΟΙΧΟΥ ΕΥΡΩΠΑΙΚΕΣ ΠΟΛΕΙΣ','ΓΥΑΛΙΝΟ ΡΟΛΟΙ ΤΟΙΧΟΥ ΜΕ ΤΙΣ 6 ΠΟΛΕΙΣ ΚΑΤΑΚΤΗΣΗΣ ΤΩΝ ΕΥΡΩΠΑΙΚΩΝ ΠΡΩΤΑΘΛΗΜΑΤΩΝ','ΓΥΑΛΙΝΟ ΡΟΛΟΙ ΤΟΙΧΟΥ ΜΕ ΤΙΣ 6 ΠΟΛΕΙΣ ΚΑΤΑΚΤΗΣΗΣ ΤΩΝ ΕΥΡΩΠΑΙΚΩΝ ΠΡΩΤΑΘΛΗΜΑΤΩΝ','','','ROLOΙ-TOΙCHOΥ-EΥRΩPAΙKES-POLEΙS'),
	(861,933,1,'ΕΠΙΤΡΑΠΕΖΙΟ ΞΥΠΝΗΤΗΡΙ ΣΗΜΑ ΠΑΟ','ΜΙΚΡΟ ΕΠΙΤΡΑΠΕΖΙΟ ΞΥΠΝΗΤΗΡΙ ΜΕ ΤΟ ΣΗΜΑ ΤΟΥ ΠΑΝΑΘΗΝΑΙΚΟΥ','ΜΙΚΡΟ ΕΠΙΤΡΑΠΕΖΙΟ ΞΥΠΝΗΤΗΡΙ ΜΕ ΤΟ ΣΗΜΑ ΤΟΥ ΠΑΝΑΘΗΝΑΙΚΟΥ','','','EPΙTRAPEZΙO-KSΥPΝΗTΗRΙ-SΗMA-PAO'),
	(863,935,1,'ΜΑΓΝΗΤΕΣ \'CAPTAIN\'','ΣΕΤ ΑΠΟ 6 ΜΑΓΝΗΤΕΣ ΔΙΑΣΤΑΣΕΩΝ 37mm <br />  6 ΠΡΩΤΟΤΥΠΑ ΚΑΙ ΜΟΝΑΔΙΚΑ ΣΧΕΔΙΑ','ΣΕΤ ΑΠΟ 6 ΜΑΓΝΗΤΕΣ ΔΙΑΣΤΑΣΕΩΝ 37mm <br />  6 ΠΡΩΤΟΤΥΠΑ ΚΑΙ ΜΟΝΑΔΙΚΑ ΣΧΕΔΙΑ','','','MAGΝΗTES-CAPTAIN-'),
	(864,936,1,'ΣΕΤ ΤΑΣΑΚΙ ΑΝΑΠΤΗΡΑΣ ΠΑΝΑΘΗΝΑΙΚΟΣ','ΕΝΑ ΙΔΑΝΙΚΟ ΔΩΡΟ! <br />  ΣΕΤ ΤΑΣΑΚΙ ΑΝΑΠΤΗΡΑΣ ΜΕ ΤΟ ΣΗΜΑ ΤΟΥ ΠΑΝΑΘΗΝΑΙΚΟΥ!','ΕΝΑ ΙΔΑΝΙΚΟ ΔΩΡΟ! <br />  ΣΕΤ ΤΑΣΑΚΙ ΑΝΑΠΤΗΡΑΣ ΜΕ ΤΟ ΣΗΜΑ ΤΟΥ ΠΑΝΑΘΗΝΑΙΚΟΥ!','','','SET-TASAKΙ-AΝAPTΗRAS-PAΝATIΗΝAΙKOS'),
	(865,937,1,'ΚΟΥΜΠΑΡΑΣ ΠΗΛΙΝΟΣ ΠΡΑΣΙΝΟΣ ΤΡΙΦΥΛΛΙ','ΠΡΑΣΙΝΟΣ ΠΗΛΙΝΟΣ ΚΟΥΜΠΑΡΑΣ ΜΕ ΤΡΙΦΥΛΛΙ','ΠΡΑΣΙΝΟΣ ΠΗΛΙΝΟΣ ΚΟΥΜΠΑΡΑΣ ΜΕ ΤΡΙΦΥΛΛΙ','','','KOΥMPARAS-PΗLΙΝOS-PRASΙΝOS-TRΙFΥLLΙ'),
	(866,938,1,'KAPONO','KAPONO','KAPONO','','','KAPONO'),
	(867,939,1,'BANKS','BANKS','BANKS','','','BANKS'),
	(868,940,1,'ΒΡΕΦΙΚΗ ΕΠΙΣΗΜΗ ΕΜΦΑΝΙΣΗ ΜΠΑΣΚΕΤ 2006-2007 (ΠΡΑΣΙΝΗ)','ΒΡΕΦΙΚΗ ΕΠΙΣΗΜΗ ΕΜΦΑΝΙΣΗ ΜΠΑΣΚΕΤ 2006-2007 (ΠΡΑΣΙΝΗ)','ΒΡΕΦΙΚΗ ΕΠΙΣΗΜΗ ΕΜΦΑΝΙΣΗ ΜΠΑΣΚΕΤ 2006-2007 (ΠΡΑΣΙΝΗ)','','','ΒREFΙKΗ-EPΙSΗMΗ-EMFAΝΙSΗ-MPASKET-2006-2007-PRASΙΝΗ'),
	(869,941,1,'ΕΠΙΣΗΜΗ ΕΜΦΑΝΙΣΗ ΜΠΑΣΚΕΤ 2006-2007 (ΠΡΑΣΙΝΗ)','ΕΠΙΣΗΜΗ ΕΜΦΑΝΙΣΗ ΜΠΑΣΚΕΤ 2006-2007 (ΠΡΑΣΙΝΗ)','ΕΠΙΣΗΜΗ ΕΜΦΑΝΙΣΗ ΜΠΑΣΚΕΤ 2006-2007 (ΠΡΑΣΙΝΗ)','','','EPΙSΗMΗ-EMFAΝΙSΗ-MPASKET-2006-2007-PRASΙΝΗ'),
	(870,942,1,'ΒΡΕΦΙΚΗ ΕΠΙΣΗΜΗ ΕΜΦΑΝΙΣΗ ΜΠΑΣΚΕΤ 2008-2009 (ΠΡΑΣΙΝΗ)','ΒΡΕΦΙΚΗ ΕΠΙΣΗΜΗ ΕΜΦΑΝΙΣΗ ΜΠΑΣΚΕΤ 2008-2009 (ΠΡΑΣΙΝΗ)','ΒΡΕΦΙΚΗ ΕΠΙΣΗΜΗ ΕΜΦΑΝΙΣΗ ΜΠΑΣΚΕΤ 2008-2009 (ΠΡΑΣΙΝΗ)','','','ΒREFΙKΗ-EPΙSΗMΗ-EMFAΝΙSΗ-MPASKET-2008-2009-PRASΙΝΗ'),
	(871,943,1,'ΑΥΘΕΝΤΙΚΗ ΕΜΦΑΝΙΣΗ ΜΠΑΣΚΕΤ 2012-13 (ΠΡΑΣΙΝΗ)','<p>ΑΥΘΕΝΤΙΚΗ 6ΣΤΕΡΗ ΕΜΦΑΝΙΣΗ ΜΠΑΣΚΕΤ 2012-13<br /> Χρώμα: πράσινο</p>\r\n<p>Με την NBA Revolution 30, τη φανέλα που χρησιμοποιούν και οι 30 ομάδες του NBA, ο Παναθηναϊκός γίνεται η πρώτη Ελληνική ομάδα που θα φορά την πιο προηγμένη τεχ</p>','<p>ΑΥΘΕΝΤΙΚΗ 6ΣΤΕΡΗ ΕΜΦΑΝΙΣΗ ΜΠΑΣΚΕΤ 2012-13<br /> Χρώμα: πράσινο</p>\r\n<p>Με την NBA Revolution 30, τη φανέλα που χρησιμοποιούν και οι 30 ομάδες του NBA, ο Παναθηναϊκός γίνεται η πρώτη Ελληνική ομάδα που θα φορά την πιο προηγμένη τεχ</p>','','','AΥTIEΝTΙKΗ-EMFAΝΙSΗ-MPASKET-2012-13-PRASΙΝΗ'),
	(872,944,1,'ΑΥΘΕΝΤΙΚΗ ΕΜΦΑΝΙΣΗ ΜΠΑΣΚΕΤ 2012-13 (ΜΑΥΡΗ)','<p>ΑΥΘΕΝΤΙΚΗ&nbsp;6ΣΤΕΡΗ ΕΜΦΑΝΙΣΗ ΜΠΑΣΚΕΤ 2012-13<br />  Χρώμα: μαύρο</p>  <p>Με την NBA Revolution 30, τη φανέλα που χρησιμοποιούν και οι 30 ομάδες του NBA, ο Παναθηναϊκός γίνεται η πρώτη Ελληνική ομάδα που θα φορά την πιο προηγμένη τεχνολογικά εμφάνιση','<p>ΑΥΘΕΝΤΙΚΗ&nbsp;6ΣΤΕΡΗ ΕΜΦΑΝΙΣΗ ΜΠΑΣΚΕΤ 2012-13<br />  Χρώμα: μαύρο</p>  <p>Με την NBA Revolution 30, τη φανέλα που χρησιμοποιούν και οι 30 ομάδες του NBA, ο Παναθηναϊκός γίνεται η πρώτη Ελληνική ομάδα που θα φορά την πιο προηγμένη τεχνολογικά εμφάνιση','','','AΥTIEΝTΙKΗ-EMFAΝΙSΗ-MPASKET-2012-13-MAΥRΗ'),
	(873,945,1,'ΑΥΘΕΝΤΙΚΗ ΕΜΦΑΝΙΣΗ ΜΠΑΣΚΕΤ 2012-13 (ΛΕΥΚΗ)','<p>ΑΥΘΕΝΤΙΚΗ&nbsp;6ΣΤΕΡΗ ΕΜΦΑΝΙΣΗ ΜΠΑΣΚΕΤ 2012-13<br />  Χρώμα: λευκή</p>  <p>Με την NBA Revolution 30, τη φανέλα που χρησιμοποιούν και οι 30 ομάδες του NBA, ο Παναθηναϊκός γίνεται η πρώτη Ελληνική ομάδα που θα φορά την πιο προηγμένη τεχνολογικά εμφάνιση','<p>ΑΥΘΕΝΤΙΚΗ&nbsp;6ΣΤΕΡΗ ΕΜΦΑΝΙΣΗ ΜΠΑΣΚΕΤ 2012-13<br />  Χρώμα: λευκή</p>  <p>Με την NBA Revolution 30, τη φανέλα που χρησιμοποιούν και οι 30 ομάδες του NBA, ο Παναθηναϊκός γίνεται η πρώτη Ελληνική ομάδα που θα φορά την πιο προηγμένη τεχνολογικά εμφάνιση','','','AΥTIEΝTΙKΗ-EMFAΝΙSΗ-MPASKET-2012-13-LEΥKΗ'),
	(874,946,1,'T-SHIRT ADIDAS ΚΥΠΕΛΛΟΥΧΟΣ ΕΛΛΑΔΟΣ 2013','T-SHIRT ADIDAS ΚΥΠΕΛΛΟΥΧΟΣ ΕΛΛΑΔΟΣ 2013','T-SHIRT ADIDAS ΚΥΠΕΛΛΟΥΧΟΣ ΕΛΛΑΔΟΣ 2013','','','T-SIIRT-ADIDAS-KΥPELLOΥCHOS-ELLADOS-2013'),
	(875,947,1,'T-SHIRT ΚΥΠΕΛΛΟΥΧΟΣ ΕΛΛΑΔΟΣ 2013','T-SHIRT ΚΥΠΕΛΛΟΥΧΟΣ ΕΛΛΑΔΟΣ 2013','T-SHIRT ΚΥΠΕΛΛΟΥΧΟΣ ΕΛΛΑΔΟΣ 2013','','','T-SIIRT-KΥPELLOΥCHOS-ELLADOS-2013'),
	(876,948,1,'ΕΠΙΣΗΜΗ ΕΜΦΑΝΙΣΗ ΜΠΑΣΚΕΤ 2006-2007 (ΛΕΥΚΗ)','ΕΠΙΣΗΜΗ ΕΜΦΑΝΙΣΗ ΜΠΑΣΚΕΤ 2006-2007 (ΛΕΥΚΗ)','ΕΠΙΣΗΜΗ ΕΜΦΑΝΙΣΗ ΜΠΑΣΚΕΤ 2006-2007 (ΛΕΥΚΗ)','','','EPΙSΗMΗ-EMFAΝΙSΗ-MPASKET-2006-2007-LEΥKΗ'),
	(877,949,1,'ΚΟΥΠΑ \"ΚΑΙ ΤΟ ΤΑΞΙΔΙ ΣΥΝΕΧΙΖΕΤΑΙ\"','ΚΟΥΠΑ \"ΚΑΙ ΤΟ ΤΑΞΙΔΙ ΣΥΝΕΧΙΖΕΤΑΙ\"','ΚΟΥΠΑ \"ΚΑΙ ΤΟ ΤΑΞΙΔΙ ΣΥΝΕΧΙΖΕΤΑΙ\"','','','KOΥPA-KAΙ-TO-TAKSΙDΙ-SΥΝECHΙZETAΙ-'),
	(878,950,1,'ΚΑΣΚΟΛ ΡΙΓΕ MY PRIDE','ΚΑΣΚΟΛ ΡΙΓΕ MY PRIDE','ΚΑΣΚΟΛ ΡΙΓΕ MY PRIDE','','','KASKOL-RΙGE-MI-PRIDE'),
	(879,951,1,'ΛΑΒΑΡΟ \'\'ΤΟ ΤΑΞΙΔΙ ΣΥΝΕΧΙΖΕΤΑΙ\'\'','....και το ταξίδι συνεχίζεται!<br />  <br />  <p>Στην μπροστινή όψη απεικονίζονται τα μνημεία από τη κάθε&nbsp;πόλη, που κατέκτησε τα 6 ευρωπαϊκά πρωταθλήματα η ομάδα μπάσκετ του Παναθηναϊκού.<br />  Στην πίσω όψη αναγράφονται οι πόλεις κατάκτησης των 6 ε','....και το ταξίδι συνεχίζεται!<br />  <br />  <p>Στην μπροστινή όψη απεικονίζονται τα μνημεία από τη κάθε&nbsp;πόλη, που κατέκτησε τα 6 ευρωπαϊκά πρωταθλήματα η ομάδα μπάσκετ του Παναθηναϊκού.<br />  Στην πίσω όψη αναγράφονται οι πόλεις κατάκτησης των 6 ε','','','LAΒARO--TO-TAKSΙDΙ-SΥΝECHΙZETAΙ-'),
	(881,953,1,'GIST','GIST','GIST','','','GIST'),
	(882,954,1,'ΦΟΡΜΑΚΙ ΑΜΑΝΙΚΟ DIAMANTIDIS','<p>Φορμάκι αμάνικο \"I am a little Diamantidis\"</p>','<p>Φορμάκι αμάνικο \"I am a little Diamantidis\"</p>','','','FORMAKΙ-AMAΝΙKO-DIAMANTIDIS'),
	(883,955,1,'ΒΡΕΦΙΚΟ ΣΕΤ','Το σετ περιλαμβάνει: μια σαλιάρα, μια λαβέτα και ένα&nbsp;σελτεδάκι.','Το σετ περιλαμβάνει: μια σαλιάρα, μια λαβέτα και ένα&nbsp;σελτεδάκι.','','','ΒREFΙKO-SET'),
	(884,956,1,'ΒΡΕΦΙΚΟ ΜΠΟΥΡΝΟΥΖΙ','Βρεφικό μπουρνούζι τύπου κάπα με κέντημα στην μια άκρη.','Βρεφικό μπουρνούζι τύπου κάπα με κέντημα στην μια άκρη.','','','ΒREFΙKO-MPOΥRΝOΥZΙ'),
	(885,957,1,'ΒΡΕΦΙΚΑ ΣΕΝΤΟΝΙΑ ΣΕΤ 3 ΤΜΧ','<p>Βρεφικά σεντονάκια 3 τμχ. <br />  Περιέχει ένα κατωσέντονο, ένα πανωσέντονο με το κέντημα&nbsp;ΠΑΟ και μια μαξιλαροθήκη.<br />  <br />  Σύνθεση: 100% Βαμβάκι</p>','<p>Βρεφικά σεντονάκια 3 τμχ. <br />  Περιέχει ένα κατωσέντονο, ένα πανωσέντονο με το κέντημα&nbsp;ΠΑΟ και μια μαξιλαροθήκη.<br />  <br />  Σύνθεση: 100% Βαμβάκι</p>','','','ΒREFΙKA-SEΝTOΝΙA-SET-3-TMCH'),
	(886,958,1,'ΦΟΡΜΑΚΙ ΚΟΝΤΟΜΑΝΙΚΟ \"LITTLE STAR\"','PANATHINAIKOS LITTLE STAR','PANATHINAIKOS LITTLE STAR','','','FORMAKΙ-KOΝTOMAΝΙKO-LITTLE-STAR-'),
	(887,959,1,'ΦΟΡΜΑΚΙ ΚΟΝΤΟΜΑΝΙΚΟ \"BIG LOVE\"','<p>\"Daddy\'s &amp; Mine Big Love\"</p>','<p>\"Daddy\'s &amp; Mine Big Love\"</p>','','','FORMAKΙ-KOΝTOMAΝΙKO-BIG-LOVE-'),
	(888,960,1,'ΣΑΛΙΑΡΑ ΜΕΓΑΛΗ','ΣΑΛΙΑΡΑ ΜΕΓΑΛΗ','ΣΑΛΙΑΡΑ ΜΕΓΑΛΗ','','','SALΙARA-MEGALΗ'),
	(889,961,1,'ΒΡΕΦΙΚΗ ΠΙΚΕ ΚΟΥΒΕΡΤΑ','Διαστάσεις: 1,00 x 1,60 cm','Διαστάσεις: 1,00 x 1,60 cm','','','ΒREFΙKΗ-PΙKE-KOΥΒERTA'),
	(890,962,1,'T-SHIRT EUROPEAN CHAMPION 2011 (ΜΑΥΡΟ)','<strong>Επετειακό βαμβακερό μπλουζάκι για την κατάκτηση του 6ου Ευρωπαϊκού Τρόπαιου.<br />  Χρώμα: Μαύρο</strong>','<strong>Επετειακό βαμβακερό μπλουζάκι για την κατάκτηση του 6ου Ευρωπαϊκού Τρόπαιου.<br />  Χρώμα: Μαύρο</strong>','','','T-SIIRT-EUROPEAN-CIAMPION-2011-MAΥRO'),
	(929,92,2,'BOBBLEHEAD VRANKOVIC','Bobble head \"Stojan Vrankovic\"','Bobble head \"Stojan Vrankovic\"','','','BOBBLEIEAD-VRANKOVIC'),
	(937,100,2,'BOBBLEHEAD REBRACA','Bobble head \"Zeljko Rebraca\"','Bobble head \"Zeljko Rebraca\"','','','BOBBLEIEAD-REBRACA'),
	(940,103,2,'BOBBLEHEAD SCOTT','Bobble head \"Byron Scott\"','Bobble head \"Byron Scott\"','','','BOBBLEIEAD-SCOTT'),
	(945,108,2,'BOBBLEHEAD KUTLUAY','Bobble head \"Ibrahem Kutluay\"','Bobble head \"Ibrahem Kutluay\"','','','BOBBLEIEAD-KUTLUAI'),
	(947,110,2,'EUROLEAGUE TROPHY BOLOGNIA 2002','EUROLEAGUE TROPHY BOLOGNIA 2002','EUROLEAGUE TROPHY BOLOGNIA 2002','','','EUROLEAGUE-TROPII-BOLOGNIA-2002'),
	(948,111,2,'EUROLEAGUE TROPHY PARIS 1996','<span style=\"background-color: #dee0e5;\">EUROLEAGUE TROPHY PARIS 1996</span>','<span style=\"background-color: #dee0e5;\">EUROLEAGUE TROPHY PARIS 1996</span>','','','EUROLEAGUE-TROPII-PARIS-1996'),
	(949,112,2,'EUROLEAGUE TROPHY THESSALONIKI 2000','EUROLEAGUE TROPHY THESSALONIKI 2000','EUROLEAGUE TROPHY THESSALONIKI 2000','','','EUROLEAGUE-TROPII-TIESSALONIKI-2000'),
	(955,118,2,'POLO CLOVER (WHITE)','White polo with clover','White polo with clover','','','POLO-CLOVER-WIITE'),
	(957,120,2,'CAP','Cap green with clover','Cap green with clover','','','CAP'),
	(977,143,2,'BASKET BALL CLOCK','BASKET BALL CLOCK LIMITED EDITION<br />  Digital table clock','BASKET BALL CLOCK LIMITED EDITION<br />  Digital table clock','','','BASKET-BALL-CLOCK'),
	(985,153,2,'KEY RING \"PANATHINAIKOS 1908\"','KEY RING \"PANATHINAIKOS 1908\"','KEY RING \"PANATHINAIKOS 1908\"','','','KEI-RING-PANATIINAIKOS-1908-'),
	(989,157,2,'BOTTLE OPENER \"PANATHINAIKOS 1908\"','BOTTLE OPENER \"PANATHINAIKOS 1908\"<br />  With magnet on the back','BOTTLE OPENER \"PANATHINAIKOS 1908\"<br />  With magnet on the back','','','BOTTLE-OPENER-PANATIINAIKOS-1908-'),
	(990,158,2,'WORRY BEAD \"PANATHINAIKOS 1908\"','Worry bead with acrylic beads<br />  Color: white','Worry bead with acrylic beads<br />  Color: white','','','WORRI-BEAD-PANATIINAIKOS-1908-'),
	(995,164,2,'ZIPPO \"PANATHINAIKOS B.C.\"','Collector\'s item with 3 star ball','Collector\'s item with 3 star ball','','','ZIPPO-PANATIINAIKOS-BC-'),
	(997,166,2,'SHIRT \"PANATHINAIKOS\" WHITE','SHIRT \"PANATHINAIKOS\"<br />  Color: white','SHIRT \"PANATHINAIKOS\"<br />  Color: white','','','SIIRT-PANATIINAIKOS-WIITE'),
	(998,167,2,'THERMO CUP','PANATHINAIKOS','PANATHINAIKOS','','','TIERMO-CUP'),
	(1001,172,2,'BALLOONS \"PANATHINAIKOS\" WHITE','BALLOONS \"PANATHINAIKOS\" WHITE<br />  Panathinaikos\'s balloons for parties and all kinds of celebrations. 10 pieces per package.','BALLOONS \"PANATHINAIKOS\" WHITE<br />  Panathinaikos\'s balloons for parties and all kinds of celebrations. 10 pieces per package.','','','BALLOONS-PANATIINAIKOS-WIITE'),
	(1003,174,2,'GLORY DAYS','The golden years of Panathinaikos 1992-2007, in Greek.','The golden years of Panathinaikos 1992-2007, in Greek.','','','GLORI-DAIS'),
	(1011,182,2,'JOUNIOR T-SHIRT \"DAMAN\"','For kids 1-10 years old.','For kids 1-10 years old.','','','JOUNIOR-T-SIIRT-DAMAN-'),
	(1013,184,2,'T-SHIRT PANATHINAIKOS GOLD LETTERS','Black t-shirt with gold letters.','Black t-shirt with gold letters.','','','T-SIIRT-PANATIINAIKOS-GOLD-LETTERS'),
	(1014,185,2,'SAILOR BAG\"PANATHINAIKOS\"','SAILOR BAG\"PANATHINAIKOS\"','SAILOR BAG\"PANATHINAIKOS\"','','','SAILOR-BAG-PANATIINAIKOS-'),
	(1015,186,2,'COOLER \"PANATHINAIKOS\"','COOLER \"PANATHINAIKOS\"','COOLER \"PANATHINAIKOS\"','','','COOLER-PANATIINAIKOS-'),
	(1017,188,2,'CD CASE \"PANATHINAIKOS B.C.\"','CD CASE \"PANATHINAIKOS B.C.\"','CD CASE \"PANATHINAIKOS B.C.\"','','','CD-CASE-PANATIINAIKOS-BC-'),
	(1021,192,2,'EUROLEAGUE TROPHY ATHENS 2007','EUROLEAGUE TROPHY ATHENS 2007','EUROLEAGUE TROPHY ATHENS 2007','','','EUROLEAGUE-TROPII-ATIENS-2007'),
	(1022,193,2,'BOXER \"PANATHINAIKOS\"','BOXER \"PANATHINAIKOS\"','BOXER \"PANATHINAIKOS\"','boxer','','BOXER-PANATIINAIKOS-'),
	(1023,194,2,'MEMO PAD \"PANATHINAIKOS\"','MEMO PAD \"PANATHINAIKOS\"','MEMO PAD \"PANATHINAIKOS\"','','','MEMO-PAD-PANATIINAIKOS-'),
	(1025,196,2,'USB (1GB) PANATHINAIKOS','<div class=\"description\">With&nbsp;4 star ball and pao logos </div>','<div class=\"description\">With&nbsp;4 star ball and pao logos </div>','','','USB-1GB-PANATIINAIKOS'),
	(1032,203,2,'JOUNIOR T-SHIRT \"PANATHINAIKOS BC\"','JOUNIOR T-SHIRT \"PANATHINAIKOS BC\"','JOUNIOR T-SHIRT \"PANATHINAIKOS BC\"','','','JOUNIOR-T-SIIRT-PANATIINAIKOS-BC-'),
	(1033,204,2,'WOMAN\'S JACKET \"PANATHINAIKOS BC\" (WHITE)','WOMAN\'S JACKET \"PANATHINAIKOS BC\"','WOMAN\'S JACKET \"PANATHINAIKOS BC\"','','','WOMAN-S-JACKET-PANATIINAIKOS-BC-WIITE'),
	(1047,219,2,'FLAG \"PANATHINAIKOS\"','FLAG \"PANATHINAIKOS\"<br />  The size of the flag is 90*150cm.','FLAG \"PANATHINAIKOS\"<br />  The size of the flag is 90*150cm.','','','FLAG-PANATIINAIKOS-'),
	(1050,222,2,'WAIST BAG \"PANATHINAIKOS\"','WAIST BAG \"PANATHINAIKOS\"','WAIST BAG \"PANATHINAIKOS\"','','','WAIST-BAG-PANATIINAIKOS-'),
	(1051,223,2,'THERMO CUP \"100 YEARS\"','THERMO CUP \"100 YEARS\"','THERMO CUP \"100 YEARS\"','','','TIERMO-CUP-100-IEARS-'),
	(1052,224,2,'KEYRING \"100 YEARS\"','KEYRING \"100 YEARS\"','KEYRING \"100 YEARS\"','','','KEIRING-100-IEARS-'),
	(1058,230,2,'LIGHTER \"PANATHINAIKOS B.C.\"','LIGHTER \"PANATHINAIKOS B.C.\"','LIGHTER \"PANATHINAIKOS B.C.\"','','','LIGITER-PANATIINAIKOS-BC-'),
	(1059,231,2,'LIGHTER \"TROPHY COLLECTOR\"','LIGHTER \"TROPHY COLLECTOR\"','LIGHTER \"TROPHY COLLECTOR\"','','','LIGITER-TROPII-COLLECTOR-'),
	(1060,232,2,'LIGHTER \"DAMAN\"','LIGHTER \"DAMAN\"','LIGHTER \"DAMAN\"','','','LIGITER-DAMAN-'),
	(1062,234,2,'LIGHTER \"EUROPEAN CHAMPION\"','LIGHTER \"EUROPEAN CHAMPION\"','LIGHTER \"EUROPEAN CHAMPION\"','','','LIGITER-EUROPEAN-CIAMPION-'),
	(1063,235,2,'LIGHTER \"COMET\"','LIGHTER \"COMET\"','LIGHTER \"COMET\"','','','LIGITER-COMET-'),
	(1064,236,2,'LIGHTER \"PANATHINAIKOS B.C.\"','LIGHTER \"PANATHINAIKOS B.C.\"','LIGHTER \"PANATHINAIKOS B.C.\"','','','LIGITER-PANATIINAIKOS-BC-'),
	(1068,240,2,'SILVER PLATED CUFF LINKS \"PANATHINAIKOS\"','SILVER PLATED CUFF LINKS \"PANATHINAIKOS\"','SILVER PLATED CUFF LINKS \"PANATHINAIKOS\"','','','SILVER-PLATED-CUFF-LINKS-PANATIINAIKOS-'),
	(1070,242,2,'SILVER PLATED (925) PIN \"PANATHINAIKOS\"','SILVER PLATED (925) PIN \"PANATHINAIKOS\"','SILVER PLATED (925) PIN \"PANATHINAIKOS\"','','','SILVER-PLATED-925-PIN-PANATIINAIKOS-'),
	(1073,245,2,'KEYRING \" ALVERTIS\"','KEYRING \" ALVERTIS\"','KEYRING \" ALVERTIS\"','','','KEIRING--ALVERTIS-'),
	(1074,246,2,'KEYRING WITH LED \"PANATHINAIKOS\"','KEYRING WITH LED \"PANATHINAIKOS\"','KEYRING WITH LED \"PANATHINAIKOS\"','','','KEIRING-WITI-LED-PANATIINAIKOS-'),
	(1080,252,2,'LUGGAGE \"PANATHINAIKOS\"','LUGGAGE \"PANATHINAIKOS\"','LUGGAGE \"PANATHINAIKOS\"','','','LUGGAGE-PANATIINAIKOS-'),
	(1082,254,2,'T-SHIRT RETRO \"PANATHINAIKOS\"','T-SHIRT RETRO \"PANATHINAIKOS\"','T-SHIRT RETRO \"PANATHINAIKOS\"','','','T-SIIRT-RETRO-PANATIINAIKOS-'),
	(1086,258,2,'FLAG \"PANATHINAIKOS B.C.\"','FLAG \"PANATHINAIKOS B.C.\"','FLAG \"PANATHINAIKOS B.C.\"','','','FLAG-PANATIINAIKOS-BC-'),
	(1087,259,2,'FLAG \"100 YEARS\"','FLAG \"100 YEARS\"','FLAG \"100 YEARS\"','','','FLAG-100-IEARS-'),
	(1094,266,2,'JUNIOR JACKET \"PANATHINAIKOS\"','JUNIOR JACKET \"PANATHINAIKOS\"','JUNIOR JACKET \"PANATHINAIKOS\"','','','JUNIOR-JACKET-PANATIINAIKOS-'),
	(1096,268,2,'WOMAN\'S JACKET \"PANATHINAIKOS B.C.\" GREEN','WOMAN\'S JACKET \"PANATHINAIKOS B.C.\"','WOMAN\'S JACKET \"PANATHINAIKOS B.C.\"','','','WOMAN-S-JACKET-PANATIINAIKOS-BC-GREEN'),
	(1097,269,2,'PIN \"PANATHINAIKOS B.C.\"','PIN \"PANATHINAIKOS B.C.\"','PIN \"PANATHINAIKOS B.C.\"','','','PIN-PANATIINAIKOS-BC-'),
	(1098,270,2,'PIN CUP \"PARIS 1996\"','PIN CUP \"PARIS 1996\"','PIN CUP \"PARIS 1996\"','','','PIN-CUP-PARIS-1996-'),
	(1099,271,2,'PIN CUP \" THESSALONIKI 2000\"','PIN CUP \" THESSALONIKI 2000\"','PIN CUP \" THESSALONIKI 2000\"','','','PIN-CUP--TIESSALONIKI-2000-'),
	(1100,272,2,'PIN CUP \"ATHENS 2007\"','PIN CUP \"ATHENS 2007\"','PIN CUP \"ATHENS 2007\"','','','PIN-CUP-ATIENS-2007-'),
	(1104,276,2,'PIN \"PANATHINAIKOS\"','PIN \"PANATHINAIKOS\"','PIN \"PANATHINAIKOS\"','','','PIN-PANATIINAIKOS-'),
	(1107,279,2,'HEADBAND \"PANATHINAIKOS\"','<div class=\"description\">White headband with the logo of Panathinaikos</div>','<div class=\"description\">White headband with the logo of Panathinaikos</div>','','','IEADBAND-PANATIINAIKOS-'),
	(1108,280,2,'HEADBAND \"PANATHINAIKOS\"','<div class=\"description\">Black headband with the logo of Panathinaikos</div>','<div class=\"description\">Black headband with the logo of Panathinaikos</div>','','','IEADBAND-PANATIINAIKOS-'),
	(1109,281,2,'HEADBAND \"PANATHINAIKOS\"','<div class=\"description\">Green headband with the logo of Panathinaikos </div>','<div class=\"description\">Green headband with the logo of Panathinaikos </div>','','','IEADBAND-PANATIINAIKOS-'),
	(1113,285,2,'PIN 2002 BOLOGNA CUP','PIN 2002 BOLOGNA CUP','PIN 2002 BOLOGNA CUP','','','PIN-2002-BOLOGNA-CUP'),
	(1115,287,2,'WOMAN\'S SHORTS \"PANATHINAIKOS\"','WOMAN\'S SHORTS \"PANATHINAIKOS\"<br />  WITH STRASS','WOMAN\'S SHORTS \"PANATHINAIKOS\"<br />  WITH STRASS','','','WOMAN-S-SIORTS-PANATIINAIKOS-'),
	(1116,288,2,'ORGANISER \"PANATHINAIKOS B.C.\"','ORGANISER \"PANATHINAIKOS B.C.\"','ORGANISER \"PANATHINAIKOS B.C.\"','','','ORGANISER-PANATIINAIKOS-BC-'),
	(1117,289,2,'WOMAN\'S PANTS \"PANATHINAIKOS\" (GREEN)','WOMAN\'S PANTS \"PANATHINAIKOS\"','WOMAN\'S PANTS \"PANATHINAIKOS\"','','','WOMAN-S-PANTS-PANATIINAIKOS-GREEN'),
	(1121,293,2,'WOMAN\'S PANTS \"PANATHINAIKOS\" BLACK','WOMAN\'S PANTS \"PANATHINAIKOS\"','WOMAN\'S PANTS \"PANATHINAIKOS\"','','','WOMAN-S-PANTS-PANATIINAIKOS-BLACK'),
	(1123,295,2,'PANATHINAIKOS WOMEN TOP','With strass','With strass','','','PANATIINAIKOS-WOMEN-TOP'),
	(1127,299,2,'JUNIOR T-SHIRT \"PANATHINAIKOS\"','JUNIOR T-SHIRT \"PANATHINAIKOS\"','JUNIOR T-SHIRT \"PANATHINAIKOS\"','','','JUNIOR-T-SIIRT-PANATIINAIKOS-'),
	(1128,300,2,'JUNIOR UNDERSHIRT \"PANATHINAIKOS\"','JUNIOR UNDERSHIRT \"PANATHINAIKOS\"','JUNIOR UNDERSHIRT \"PANATHINAIKOS\"','','','JUNIOR-UNDERSIIRT-PANATIINAIKOS-'),
	(1129,301,2,'JUNIOR BOXER \"PANATHINAIKOS\"','JUNIOR BOXER \"PANATHINAIKOS\"','JUNIOR BOXER \"PANATHINAIKOS\"','','','JUNIOR-BOXER-PANATIINAIKOS-'),
	(1132,304,2,'W/O SLEEVE BODYSUIT \"PANATHINAIKOS\"','W/O SLEEVE&nbsp;BODYSUIT \"PANATHINAIKOS\"','W/O SLEEVE&nbsp;BODYSUIT \"PANATHINAIKOS\"','','','W/O-SLEEVE-BODISUIT-PANATIINAIKOS-'),
	(1133,305,2,'SHORT SLEEVE BODYSUIT \"PANATHINAIKOS\"','SHORT SLEEVE BODYSUIT \"PANATHINAIKOS\"','SHORT SLEEVE BODYSUIT \"PANATHINAIKOS\"','','','SIORT-SLEEVE-BODISUIT-PANATIINAIKOS-'),
	(1135,307,2,'JUNIOR BOXER \"BASKET\"','JUNIOR BOXER \"BASKET\"','JUNIOR BOXER \"BASKET\"','','','JUNIOR-BOXER-BASKET-'),
	(1151,323,2,'SET \"MY FIRST PANATHINAIKOS T-SHIRT\"','SET \"MY FIRST PANATHINAIKOS T-SHIRT\"','SET \"MY FIRST PANATHINAIKOS T-SHIRT\"','','','SET-MI-FIRST-PANATIINAIKOS-T-SIIRT-'),
	(1152,324,2,'SET \"PANATHINAIKOS\"','SET \"PANATHINAIKOS\"','SET \"PANATHINAIKOS\"','','','SET-PANATIINAIKOS-'),
	(1153,325,2,'POLO \"PANATHINAIKOS\"','POLO \"PANATHINAIKOS\"','POLO \"PANATHINAIKOS\"','','','POLO-PANATIINAIKOS-'),
	(1154,326,2,'JOUNIOR PYJAMAS \"PANATHINAIKOS\"','JOUNIOR PYJAMAS \"PANATHINAIKOS\" FOR 0-6 YEARS OLD','JOUNIOR PYJAMAS \"PANATHINAIKOS\" FOR 0-6 YEARS OLD','','','JOUNIOR-PIJAMAS-PANATIINAIKOS-'),
	(1157,329,2,'CENTENARY  JERSEY','CENTENARY  JERSEY','CENTENARY  JERSEY','','','CENTENARI-JERSEI'),
	(1164,336,2,'STICKER LABELS SETS','ITI CONSISTS&nbsp;20 pieces.','ITI CONSISTS&nbsp;20 pieces.','','','STICKER-LABELS-SETS'),
	(1186,358,2,'GREEN TRAINING PANTS PANATHINAIKOS','GREEN TRAINING PANTS PANATHINAIKOS','GREEN TRAINING PANTS PANATHINAIKOS','','','GREEN-TRAINING-PANTS-PANATIINAIKOS'),
	(1187,359,2,'BLACK TRAINING PANTS PANATHINAIKOS','BLACK TRAINING PANTS PANATHINAIKOS','BLACK TRAINING PANTS PANATHINAIKOS','','','BLACK-TRAINING-PANTS-PANATIINAIKOS'),
	(1192,364,2,'OFFICIAL VOLLEYBALL JERSEY 2008-2009 (GREEN)','<span style=\"background-color: #dee0e5;\">OFFICIAL VOLLEYBALL JERSEY 2008-2009<br />  Color: green</span>','<span style=\"background-color: #dee0e5;\">OFFICIAL VOLLEYBALL JERSEY 2008-2009<br />  Color: green</span>','','','OFFICIAL-VOLLEIBALL-JERSEI-2008-2009-GREEN'),
	(1196,368,2,'JACKET \"PANATHINAIKOS 1908\"','JACKET \"PANATHINAIKOS 1908\"','JACKET \"PANATHINAIKOS 1908\"','','','JACKET-PANATIINAIKOS-1908-'),
	(1197,369,2,'JUNIOR JACKET \"PANATHINAIKOS B.C.\"','JUNIOR JACKET \"PANATHINAIKOS B.C.\"','JUNIOR JACKET \"PANATHINAIKOS B.C.\"','','','JUNIOR-JACKET-PANATIINAIKOS-BC-'),
	(1198,370,2,'GREEN JUNIOR BOXER \"PANATHINAIKOS\"','GREEN JUNIOR BOXER \"PANATHINAIKOS\"','GREEN JUNIOR BOXER \"PANATHINAIKOS\"','','','GREEN-JUNIOR-BOXER-PANATIINAIKOS-'),
	(1200,372,2,'LONG SLEEVED T-SHIRT \"PANATHINAIKOS\"','LONG SLEEVED T-SHIRT \"PANATHINAIKOS\" GREEN','LONG SLEEVED T-SHIRT \"PANATHINAIKOS\" GREEN','','','LONG-SLEEVED-T-SIIRT-PANATIINAIKOS-'),
	(1211,383,2,'OFFICIAL BASKETBALL JUNIOR JERSEY 2008-09 (GREEN)','OFFICIAL BASKETBALL JUNIOR JERSEY 2008-09 <br />  Color: green','OFFICIAL BASKETBALL JUNIOR JERSEY 2008-09 <br />  Color: green','','','OFFICIAL-BASKETBALL-JUNIOR-JERSEI-2008-09-GREEN'),
	(1212,384,2,'OFFICIAL BASKETBALL JUNIOR JERSEY 2008-09 (WHITE)','OFFICIAL BASKETBALL JUNIOR JERSEY 2008-09 <br />  Color: white','OFFICIAL BASKETBALL JUNIOR JERSEY 2008-09 <br />  Color: white','','','OFFICIAL-BASKETBALL-JUNIOR-JERSEI-2008-09-WIITE'),
	(1221,393,2,'OFFICIAL VOLLEYBALL JERSEY 2008-2009 (WHITE)','OFFICIAL VOLLEYBALL JERSEY 2008-2009<br />  Color: white','OFFICIAL VOLLEYBALL JERSEY 2008-2009<br />  Color: white','','','OFFICIAL-VOLLEIBALL-JERSEI-2008-2009-WIITE'),
	(1222,394,2,'T-SHIRT \"PANATHINAIKOS\"','T-SHIRT \"PANATHINAIKOS\"','T-SHIRT \"PANATHINAIKOS\"','','','T-SIIRT-PANATIINAIKOS-'),
	(1227,399,2,'ASHTRAY','ASHTRAY \"PANATHINAIKOS\"','ASHTRAY \"PANATHINAIKOS\"','','','ASITRAI'),
	(1231,403,2,'PILLOW \"PANATHINAIKOS\"','PILLOW \"PANATHINAIKOS\"','PILLOW \"PANATHINAIKOS\"','','','PILLOW-PANATIINAIKOS-'),
	(1232,404,2,'HANGER \"PANATHINAIKOS\"','HANGER \"PANATHINAIKOS\"','HANGER \"PANATHINAIKOS\"','','','IANGER-PANATIINAIKOS-'),
	(1233,405,2,'PLACEMAT \"PANATHINAIKOS\"','PLACEMAT \"PANATHINAIKOS\"','PLACEMAT \"PANATHINAIKOS\"','','','PLACEMAT-PANATIINAIKOS-'),
	(1235,407,2,'FRAME \"PANATHINAIKOS SEASON 2008-2009\"','FRAME \"PANATHINAIKOS SEASON 2008-2009\"','FRAME \"PANATHINAIKOS SEASON 2008-2009\"','','','FRAME-PANATIINAIKOS-SEASON-2008-2009-'),
	(1242,415,2,'T-SHIRT EUROPEAN CHAMPION 2009','T-SHIRT EUROPEAN CHAMPION 2009','T-SHIRT EUROPEAN CHAMPION 2009','','','T-SIIRT-EUROPEAN-CIAMPION-2009'),
	(1243,416,2,'T-SHIRT EUROPEAN CHAMPION 2009 FOR CHILDREN','T-SHIRT EUROPEAN CHAMPION 2009 FOR CHILDREN','T-SHIRT EUROPEAN CHAMPION 2009 FOR CHILDREN','','','T-SIIRT-EUROPEAN-CIAMPION-2009-FOR-CIILDREN'),
	(1245,418,2,'PIQUE SHORT SLEEVED CRAWLER WITH PAO SIGN','PIQUE SHORT SLEEVED CRAWLER WITH PAO SIGN','PIQUE SHORT SLEEVED CRAWLER WITH PAO SIGN','','','PIQUE-SIORT-SLEEVED-CRAWLER-WITI-PAO-SIGN'),
	(1246,419,2,'COTTON CRAWLER WITH SHORT SLEEVES AND PAO SIGN','COTTON CRAWLER WITH SHORT SLEEVES AND PAO SIGN','COTTON CRAWLER WITH SHORT SLEEVES AND PAO SIGN','','','COTTON-CRAWLER-WITI-SIORT-SLEEVES-AND-PAO-SIGN'),
	(1250,423,2,'JUNIOR PAJAMAS PAO 14-16','JUNIOR PAJAMAS PAO 14-16','JUNIOR PAJAMAS PAO 14-16','','','JUNIOR-PAJAMAS-PAO-14-16'),
	(1251,424,2,'PENNANT EUROPEAN CHAMPION 2009 LARGE','PENNANT EUROPEAN CHAMPION 2009 LARGE','PENNANT EUROPEAN CHAMPION 2009 LARGE','','','PENNANT-EUROPEAN-CIAMPION-2009-LARGE'),
	(1252,425,2,'PENNANT EUROPEAN CHAMPION 2009 SMALL','PENNANT EUROPEAN CHAMPION 2009 SMALL','PENNANT EUROPEAN CHAMPION 2009 SMALL','','','PENNANT-EUROPEAN-CIAMPION-2009-SMALL'),
	(1253,426,2,'T-SHIRT TRIPLE CROWN 2009','T-SHIRT TRIPLE CROWN 2009','T-SHIRT TRIPLE CROWN 2009','','','T-SIIRT-TRIPLE-CROWN-2009'),
	(1256,429,2,'WOMEN\'S TOP WITH PANATHINAIKOS PRINT','WOMEN\'S TOP WITH PANATHINAIKOS PRINT','WOMEN\'S TOP WITH PANATHINAIKOS PRINT','','','WOMEN-S-TOP-WITI-PANATIINAIKOS-PRINT'),
	(1259,432,2,'T-SHIRT PAO TRIBAL','Women sleeveless t-shirt PAO tribal','Women sleeveless t-shirt PAO tribal','','','T-SIIRT-PAO-TRIBAL'),
	(1265,438,2,'T-SHIRT PANATHINAIKOS 1908','Black T-shirt vertical Panathinaikos','Black T-shirt vertical Panathinaikos','','','T-SIIRT-PANATIINAIKOS-1908'),
	(1266,439,2,'T-SHIRT PANATHINAIKOS 1908','Grey T-shirt vertical Panathinaikos','Grey T-shirt vertical Panathinaikos','','','T-SIIRT-PANATIINAIKOS-1908'),
	(1267,440,2,'T-SHIRT BARCODE PANATHINAIKOS','T-SHIRT BARCODE PANATHINAIKOS<br />  Black t-shirt','T-SHIRT BARCODE PANATHINAIKOS<br />  Black t-shirt','','','T-SIIRT-BARCODE-PANATIINAIKOS'),
	(1268,441,2,'T-SHIRT PANATHINAIKOS SINCE 1908','T-SHIRT PANATHINAIKOS SINCE 1908','T-SHIRT PANATHINAIKOS SINCE 1908','','','T-SIIRT-PANATIINAIKOS-SINCE-1908'),
	(1269,442,2,'WOMEN\'S T-SHIRT \"MISS GREEN\" (BLACK)','Black t-shirt with stras.','Black t-shirt with stras.','','','WOMEN-S-T-SIIRT-MISS-GREEN-BLACK'),
	(1270,443,2,'2 PAIR OF SOCKS PAO','<span style=\"background-color: #dee0e5;\">It constist:<br />  1 pair of green socks and 1 pair of white socks<br />  </span>','<span style=\"background-color: #dee0e5;\">It constist:<br />  1 pair of green socks and 1 pair of white socks<br />  </span>','','','2-PAIR-OF-SOCKS-PAO'),
	(1271,444,2,'T-SHIRT BARCODE CLOVER','T-SHIRT BARCODE CLOVER','T-SHIRT BARCODE CLOVER','','','T-SIIRT-BARCODE-CLOVER'),
	(1272,446,2,'EUROLEAGUE TROPHY BERLIN 2009','EUROLEAGUE TROPHY BERLIN 2009<br />','EUROLEAGUE TROPHY BERLIN 2009<br />','','','EUROLEAGUE-TROPII-BERLIN-2009'),
	(1273,447,2,'RELIEF CUP WITH MOSAIC PATTERN','RELIEF CUP WITH MOSAIC PATTERN','RELIEF CUP WITH MOSAIC PATTERN','','','RELIEF-CUP-WITI-MOSAIC-PATTERN'),
	(1274,448,2,'EXERCISE BOOK A5 WITH FUZZY COVER PAO','EXERCISE BOOK A5 WITH FUZZY COVER PAO','EXERCISE BOOK A5 WITH FUZZY COVER PAO','','','EXERCISE-BOOK-A5-WITI-FUZZI-COVER-PAO'),
	(1275,449,2,'EXERCISE BOOK A5 WITH HARD COVER PAO','EXERCISE BOOK A5 WITH HARD COVER PAO','EXERCISE BOOK A5 WITH HARD COVER PAO','','','EXERCISE-BOOK-A5-WITI-IARD-COVER-PAO'),
	(1276,450,2,'ENVELOPE PANATHINAIKOS','ENVELOPE PANATHINAIKOS<br />  With Ball 5 Stars','ENVELOPE PANATHINAIKOS<br />  With Ball 5 Stars','','','ENVELOPE-PANATIINAIKOS'),
	(1282,457,2,'ALVERTIS DVD','ALVERTIS DVD','ALVERTIS DVD','','','ALVERTIS-DVD'),
	(1283,458,2,'ALVERTIS T SHIRT WITH SIGNATURE, DARK GREEN','ALVERTIS T SHIRT WITH SIGNATURE, DARK GREEN','ALVERTIS T SHIRT WITH SIGNATURE, DARK GREEN','','','ALVERTIS-T-SIIRT-WITI-SIGNATURE,-DARK-GREEN'),
	(1284,459,2,'ALVERTIS T SHIRT \'\'25 TITLES\'\' BLACK','ALVERTIS T SHIRT \'\'25 TITLES\'\' BLACK','ALVERTIS T SHIRT \'\'25 TITLES\'\' BLACK','','','ALVERTIS-T-SIIRT--25-TITLES--BLACK'),
	(1286,461,2,'ALVERTIS SCARF','ALVERTIS SCARF','ALVERTIS SCARF','','','ALVERTIS-SCARF'),
	(1290,465,2,'ALVERTIS ALL-OVER PRINTED JERSEY','ALVERTIS ALL-OVER PRINTED JERSEY<br />  Offer valid while stock lasts','ALVERTIS ALL-OVER PRINTED JERSEY<br />  Offer valid while stock lasts','','','ALVERTIS-ALL-OVER-PRINTED-JERSEI'),
	(1293,468,2,'CALCULATOR','CALCULATOR IN CLOVER SHAPE','CALCULATOR IN CLOVER SHAPE','','','CALCULATOR'),
	(1294,469,2,'OFFICIAL BASKETBALL JERSEY 2009-10 (GREEN)','OFFICIAL BASKETBALL JERSEY 2009-10 <br />  Color green<br />  <br />  <p>*Once printed, jerseys cannot be returned, changed or get a refund.</p>','OFFICIAL BASKETBALL JERSEY 2009-10 <br />  Color green<br />  <br />  <p>*Once printed, jerseys cannot be returned, changed or get a refund.</p>','','','OFFICIAL-BASKETBALL-JERSEI-2009-10-GREEN'),
	(1295,470,2,'OFFICIAL BASKETBALL JERSEY 2009-10 (WHITE)','OFFICIAL BASKETBALL JERSEY 2009-10 <br />  Color white<br />  <br />  <p>*Once printed, jerseys cannot be returned, changed or get a refund.</p>','OFFICIAL BASKETBALL JERSEY 2009-10 <br />  Color white<br />  <br />  <p>*Once printed, jerseys cannot be returned, changed or get a refund.</p>','','','OFFICIAL-BASKETBALL-JERSEI-2009-10-WIITE'),
	(1296,471,2,'OFFICIAL BASKETBALL JUNIOR JERSEY 2009-10','OFFICIAL BASKETBALL JUNIOR JERSEY 2009-10 <br />  Color green<br />  <br />  <p>*Once printed, jerseys cannot be returned, changed or get a refund.</p>  <br />','OFFICIAL BASKETBALL JUNIOR JERSEY 2009-10 <br />  Color green<br />  <br />  <p>*Once printed, jerseys cannot be returned, changed or get a refund.</p>  <br />','','','OFFICIAL-BASKETBALL-JUNIOR-JERSEI-2009-10'),
	(1297,472,2,'OFFICIAL BASKETBALL JUNIOR JERSEY 2009-10','OFFICIAL BASKETBALL JUNIOR JERSEY 2009-10 <br />  Color white<br />  <br />  <p>*Once printed, jerseys cannot be returned, changed or get a refund.</p>','OFFICIAL BASKETBALL JUNIOR JERSEY 2009-10 <br />  Color white<br />  <br />  <p>*Once printed, jerseys cannot be returned, changed or get a refund.</p>','','','OFFICIAL-BASKETBALL-JUNIOR-JERSEI-2009-10'),
	(1298,473,2,'OFFICIAL BASKETBALL JERSEY 2009-10 (LIGHT BLUE)','OFFICIAL BASKETBALL JERSEY 2009-10 <br />  Color light blue<br />  <br />  <p>*Once printed, jerseys cannot be returned, changed or get a refund.</p>','OFFICIAL BASKETBALL JERSEY 2009-10 <br />  Color light blue<br />  <br />  <p>*Once printed, jerseys cannot be returned, changed or get a refund.</p>','','','OFFICIAL-BASKETBALL-JERSEI-2009-10-LIGIT-BLUE'),
	(1299,474,2,'OFFICIAL BASKETBALL JUNIOR JERSEY 2009-10 (LIGHT BLUE)','OFFICIAL BASKETBALL JUNIOR JERSEY 2009-10 <br />  Color light blue<br />  <br />  <p>*Once printed, jerseys cannot be returned, changed or get a refund.</p>','OFFICIAL BASKETBALL JUNIOR JERSEY 2009-10 <br />  Color light blue<br />  <br />  <p>*Once printed, jerseys cannot be returned, changed or get a refund.</p>','','','OFFICIAL-BASKETBALL-JUNIOR-JERSEI-2009-10-LIGIT-BLUE'),
	(1300,475,2,'T-SHIRT HALF-CLOVER','T-SHIRT HALF-CLOVER <br />  Color grey','T-SHIRT HALF-CLOVER <br />  Color grey','','','T-SIIRT-IALF-CLOVER'),
	(1301,476,2,'SCARF WITH STRIPES PAO','SCARF WITH STRIPES PAO','SCARF WITH STRIPES PAO','','','SCARF-WITI-STRIPES-PAO'),
	(1303,478,2,'SCARF PANATHINAIKOS','SCARF PANATHINAIKOS','SCARF PANATHINAIKOS','','','SCARF-PANATIINAIKOS'),
	(1304,479,2,'SCARF PANATHINAIKOS','SCRAF PANATHINAIKOS <br />  With white &amp; green stripes','SCRAF PANATHINAIKOS <br />  With white &amp; green stripes','','','SCARF-PANATIINAIKOS'),
	(1307,482,2,'SCARF MY PRIDE PANATHINAIKOS 1908','SCARF MY PRIDE PANATHINAIKOS 1908 <br />  With clovers PAO','SCARF MY PRIDE PANATHINAIKOS 1908 <br />  With clovers PAO','','','SCARF-MI-PRIDE-PANATIINAIKOS-1908'),
	(1309,484,2,'POLO ADIDAS 2009-2010','POLO ADIDAS 2009-2010 <br />  Color white','POLO ADIDAS 2009-2010 <br />  Color white','','','POLO-ADIDAS-2009-2010'),
	(1311,486,2,'COTTON SHORTS ADIDAS 2009-2010','COTTON SHORTS ADIDAS 2009-2010<br />  Color green','COTTON SHORTS ADIDAS 2009-2010<br />  Color green','','','COTTON-SIORTS-ADIDAS-2009-2010'),
	(1313,492,2,'PIN SET OF 5 EUROPEAN TROPHIES','PIN SET OF 5 EUROPEAN TROPHIES','PIN SET OF 5 EUROPEAN TROPHIES','','','PIN-SET-OF-5-EUROPEAN-TROPIIES'),
	(1314,493,2,'PIN 2009 BERLIN CUP','PIN 2009 BERLIN CUP','PIN 2009 BERLIN CUP','','','PIN-2009-BERLIN-CUP'),
	(1315,495,2,'SLEEVELESS TEE ADIDAS 2009-2010','SLEEVELESS TEE ADIDAS 2009-2010 <br /> Color: white','SLEEVELESS TEE ADIDAS 2009-2010 <br /> Color: white','','','SLEEVELESS-TEE-ADIDAS-2009-2010'),
	(1316,496,2,'COTTON SHORTS ADIDAS 2009-2010','Color white','Color white','','','COTTON-SIORTS-ADIDAS-2009-2010'),
	(1318,498,2,'SWEAT SUIT ADIDAS 2009-2010','SWEAT SUIT ADIDAS 2009-2010','SWEAT SUIT ADIDAS 2009-2010','','','SWEAT-SUIT-ADIDAS-2009-2010'),
	(1319,499,2,'GREEN TRACKSUIT ADIDAS 2009-2010','GREEN TRACKSUIT ADIDAS 2009-2010','GREEN TRACKSUIT ADIDAS 2009-2010','','','GREEN-TRACKSUIT-ADIDAS-2009-2010'),
	(1320,500,2,'SET BOXES PLAYING ANTHEM','SET BOXES&nbsp;PLAYING ANTHEM OF PANATHINAIKOS <br />  It consists of 3 boxes <br />  Dimensions: 20.5x16x12, 17x13x11.5, 13.5x9.5x11','SET BOXES&nbsp;PLAYING ANTHEM OF PANATHINAIKOS <br />  It consists of 3 boxes <br />  Dimensions: 20.5x16x12, 17x13x11.5, 13.5x9.5x11','','','SET-BOXES-PLAIING-ANTIEM'),
	(1321,501,2,'PEN CASE PLAYING ANTHEM','PEN CASE&nbsp;PLAYING ANTHEM OF PANATHINAIKOS','PEN CASE&nbsp;PLAYING ANTHEM OF PANATHINAIKOS','','','PEN-CASE-PLAIING-ANTIEM'),
	(1322,502,2,'BOTTLE OPENER PLAYING ANTHEM','BOTTLE OPENER&nbsp;PLAYING ANTHEM OF PANATHINAIKOS','BOTTLE OPENER&nbsp;PLAYING ANTHEM OF PANATHINAIKOS','','','BOTTLE-OPENER-PLAIING-ANTIEM'),
	(1323,503,2,'PEN PLAYING ANTHEM','PEN PLAYING ANTHEM OF PANATHINAIKOS','PEN PLAYING ANTHEM OF PANATHINAIKOS','','','PEN-PLAIING-ANTIEM'),
	(1324,504,2,'SMALL GIFT BAG PLAYING ANTHEM','GIFT BAG PLAYING ANTHEM OF PANATHINAIKOS <br />  Size: Small<br />  Dimensions: 13.5 x 6 x 10.5','GIFT BAG PLAYING ANTHEM OF PANATHINAIKOS <br />  Size: Small<br />  Dimensions: 13.5 x 6 x 10.5','','','SMALL-GIFT-BAG-PLAIING-ANTIEM'),
	(1325,505,2,'GIFT BAG PLAYING ANTHEM','GIFT BAG PLAYING ANTHEM OF PANATHINAIKOS <br />  Size: medium<br />  Dimensions: 25 x 10 x20','GIFT BAG PLAYING ANTHEM OF PANATHINAIKOS <br />  Size: medium<br />  Dimensions: 25 x 10 x20','','','GIFT-BAG-PLAIING-ANTIEM'),
	(1327,507,2,'JOUNIOR PYJAMAS HALF CLOVER','JOUNIOR PYJAMAS HALF CLOVER FOR 0-6 YEAR OLD','JOUNIOR PYJAMAS HALF CLOVER FOR 0-6 YEAR OLD','','','JOUNIOR-PIJAMAS-IALF-CLOVER'),
	(1346,528,2,'ALVERTIS','ALVERTIS','ALVERTIS','','','ALVERTIS'),
	(1347,529,2,'PAPANIKOLAOU','PAPANIKOLAOU','PAPANIKOLAOU','','','PAPANIKOLAOU'),
	(1348,530,2,'BATISTE','BATISTE','BATISTE','','','BATISTE'),
	(1349,531,2,'CHATZIVRETTAS','CHATZIVRETTAS','CHATZIVRETTAS','','','CIATZIVRETTAS'),
	(1350,532,2,'TSARTSARIS','TSARTSARIS','TSARTSARIS','','','TSARTSARIS'),
	(1351,533,2,'DIAMANTIDIS','DIAMANTIDIS','DIAMANTIDIS','','','DIAMANTIDIS'),
	(1352,534,2,'TOMASEVIC','TOMASEVIC','TOMASEVIC','','','TOMASEVIC'),
	(1353,535,2,'SAKOTA','SAKOTA','SAKOTA','','','SAKOTA'),
	(1354,536,2,'NO NAME','NO NAME','NO NAME','','','NO-NAME'),
	(1355,537,2,'DELK','DELK','DELK','','','DELK'),
	(1356,538,2,'BECIROVIC','BECIROVIC','BECIROVIC','','','BECIROVIC'),
	(1357,539,2,'SISKAUSKAS','SISKAUSKAS','SISKAUSKAS','','','SISKAUSKAS'),
	(1358,540,2,'NTIKOUDIS','NTIKOUDIS','NTIKOUDIS','','','NTIKOUDIS'),
	(1359,541,2,'XANTHOPOULOS','XANTHOPOULOS','XANTHOPOULOS','','','XANTIOPOULOS'),
	(1360,542,2,'VUJANIC','VUJANIC','VUJANIC','','','VUJANIC'),
	(1361,543,2,'JAVTOKAS','JAVTOKAS','JAVTOKAS','','','JAVTOKAS'),
	(1362,544,2,'PERPEROGLOU','PERPEROGLOU','PERPEROGLOU','','','PERPEROGLOU'),
	(1363,545,2,'SPANOULIS','SPANOULIS','SPANOULIS','','','SPANOULIS'),
	(1364,546,2,'ZIZIC','ZIZIC','ZIZIC','','','ZIZIC'),
	(1365,547,2,'WINSTON','WINSTON','WINSTON','','','WINSTON'),
	(1366,548,2,'JASIKEVICIUS','JASIKEVICIUS','JASIKEVICIUS','','','JASIKEVICIUS'),
	(1367,549,2,'Attribute available in greek only','Attribute available in greek only','Attribute available in greek only','','','Attribute-available-in-greek-only'),
	(1368,550,2,'PRKACIN','PRKACIN','PRKACIN','','','PRKACIN'),
	(1369,551,2,'1 subject','1 subject','1 subject','','','1-subject'),
	(1370,552,2,'2 subjects','2 subjects','2 subjects','','','2-subjects'),
	(1371,553,2,'3 subjects','3 subjects','3 subjects','','','3-subjects'),
	(1372,554,2,'ΧΡΙΣΤΟΔΟΥΛΟΠΟΥΛΟΣ','ΧΡΙΣΤΟΔΟΥΛΟΠΟΥΛΟΣ','ΧΡΙΣΤΟΔΟΥΛΟΠΟΥΛΟΣ','','','CHRΙSTODOΥLOPOΥLOS'),
	(1373,555,2,'ΚΑΡΑΓΚΟΥΝΗΣ','ΚΑΡΑΓΚΟΥΝΗΣ','ΚΑΡΑΓΚΟΥΝΗΣ','','','KARAGKOΥΝΗS'),
	(1374,556,2,'IVANSCHITZ','IVANSCHITZ','IVANSCHITZ','','','IVANSCIITZ'),
	(1375,557,2,'RUKAVINA','RUKAVINA','RUKAVINA','','','RUKAVINA'),
	(1376,558,2,'ΣΑΛΠΙΓΓΙΔΗΣ','ΣΑΛΠΙΓΓΙΔΗΣ','ΣΑΛΠΙΓΓΙΔΗΣ','','','SALPΙGGΙDΗS'),
	(1377,559,2,'ΓΚΟΥΜΑΣ','ΓΚΟΥΜΑΣ','ΓΚΟΥΜΑΣ','','','GKOΥMAS'),
	(1378,560,2,'GABRIEL','GABRIEL','GABRIEL','','','GABRIEL'),
	(1379,561,2,'SIMAO','SIMAO','SIMAO','','','SIMAO'),
	(1380,562,2,'ΣΠΥΡΟΠΟΥΛΟΣ','ΣΠΥΡΟΠΟΥΛΟΣ','ΣΠΥΡΟΠΟΥΛΟΣ','','','SPΥROPOΥLOS'),
	(1381,563,2,'MATTOS','MATTOS','MATTOS','','','MATTOS'),
	(1382,564,2,'ΝΙΝΗΣ','ΝΙΝΗΣ','ΝΙΝΗΣ','','','ΝΙΝΗS'),
	(1383,565,2,'CLEYTON','CLEYTON','CLEYTON','','','CLEITON'),
	(1384,566,2,'GILBERTO','GILBERTO','GILBERTO','','','GILBERTO'),
	(1385,567,2,'KECMAN','KECMAN','KECMAN','','','KECMAN'),
	(1386,568,2,'FOTSIS','FOTSIS','FOTSIS','','','FOTSIS'),
	(1387,569,2,'NICHOLAS','NICHOLAS','NICHOLAS','','','NICIOLAS'),
	(1388,570,2,'PEKOVIC','PEKOVIC','PEKOVIC','','','PEKOVIC'),
	(1389,571,2,'VERGINIS','VERGINIS','VERGINIS','','','VERGINIS'),
	(1390,572,2,'PANTALEON','PANTALEON','PANTALEON','','','PANTALEON'),
	(1391,573,2,'ANDRAE','ANDRAE','ANDRAE','','','ANDRAE'),
	(1392,574,2,'ANDREADIS','ANDREADIS','ANDREADIS','','','ANDREADIS'),
	(1393,575,2,'AGAMEZ','AGAMEZ','AGAMEZ','','','AGAMEZ'),
	(1394,576,2,'HERPE','HERPE','HERPE','','','IERPE'),
	(1395,577,2,'CISSE','CISSE','CISSE','','','CISSE'),
	(1396,578,2,'LETO','LETO','LETO','','','LETO'),
	(1397,579,2,'PETROPOULOS','PETROPOULOS','PETROPOULOS','','','PETROPOULOS'),
	(1398,580,2,'KATSOURANIS','KATSOURANIS','KATSOURANIS','','','KATSOURANIS'),
	(1399,581,2,'VYNTRA','VYNTRA','VYNTRA','','','VINTRA'),
	(1400,582,2,'SARRIEGI','SARRIEGI','SARRIEGI','','','SARRIEGI'),
	(1401,583,2,'TEPIC','TEPIC','TEPIC','','','TEPIC'),
	(1402,584,2,'BOGRIS','BOGRIS','BOGRIS','','','BOGRIS'),
	(1403,585,2,'CALATHES','CALATHES','CALATHES','','','CALATIES'),
	(1404,586,2,'SHERMANDINI','SHERMANDINI','SHERMANDINI','','','SIERMANDINI'),
	(1406,588,2,'JACKET PANATHINAIKOS BC','JACKET PANATHINAIKOS BC<br />  Color:green','JACKET PANATHINAIKOS BC<br />  Color:green','','','JACKET-PANATIINAIKOS-BC'),
	(1411,593,2,'LONG SLEEVED T-SHIRT  \'\'BARCODE\'\'','Color: green','Color: green','','','LONG-SLEEVED-T-SIIRT--BARCODE-'),
	(1412,594,2,'FLAG HISTORY 2009','FLAG HISTORY 2009<br />  Dimensions: 90 x 150','FLAG HISTORY 2009<br />  Dimensions: 90 x 150','','','FLAG-IISTORI-2009'),
	(1413,595,2,'FLAG TRIPLE CROWN 2009','FLAG TRIPLE CROWN 2009<br />  Dimensions: 90 x 150','FLAG TRIPLE CROWN 2009<br />  Dimensions: 90 x 150','','','FLAG-TRIPLE-CROWN-2009'),
	(1414,596,2,'FLAG PAO','FLAG PAO<br />  Dimensions: 90 x 150','FLAG PAO<br />  Dimensions: 90 x 150','','','FLAG-PAO'),
	(1415,597,2,'FLAG PAO','FLAG PAO<br />  Dimensions: 220 x 150','FLAG PAO<br />  Dimensions: 220 x 150','','','FLAG-PAO'),
	(1416,598,2,'BOTTLE BAG PLAYING ANTHEM','BOTTLE&nbsp;BAG&nbsp;PLAYING ANTHEM OF PANATHINAIKOS<br />  Dimensions: 12 x 8 x 41,50','BOTTLE&nbsp;BAG&nbsp;PLAYING ANTHEM OF PANATHINAIKOS<br />  Dimensions: 12 x 8 x 41,50','','','BOTTLE-BAG-PLAIING-ANTIEM'),
	(1417,599,2,'FOLDER PLAYING ANTHEM','FOLDER PLAYING ANTHEM OF PANATHINAIKOS<br />  Dimensions: 15x10','FOLDER PLAYING ANTHEM OF PANATHINAIKOS<br />  Dimensions: 15x10','','','FOLDER-PLAIING-ANTIEM'),
	(1418,600,2,'SMALL GREETING CARD PLAYING ANTHEM','GREETING CARD&nbsp;PLAYING ANTHEM OF PANATHINAIKOS<br />  Size: small','GREETING CARD&nbsp;PLAYING ANTHEM OF PANATHINAIKOS<br />  Size: small','','','SMALL-GREETING-CARD-PLAIING-ANTIEM'),
	(1419,601,2,'GREETING CARD PLAYING ANTHEM LARGE','GREETING CARD&nbsp;PLAYING ANTHEM OF PANATHINAIKOS<br />  Size: large','GREETING CARD&nbsp;PLAYING ANTHEM OF PANATHINAIKOS<br />  Size: large','','','GREETING-CARD-PLAIING-ANTIEM-LARGE'),
	(1420,602,2,'SMALL BOX PLAYING ANTHEM','SMALL&nbsp;BOX&nbsp;PLAYING ANTHEM OF PANATHINAIKOS','SMALL&nbsp;BOX&nbsp;PLAYING ANTHEM OF PANATHINAIKOS','','','SMALL-BOX-PLAIING-ANTIEM'),
	(1425,607,2,'LONG SLEEVED POLO No13','LONG SLEEVED POLO No13','LONG SLEEVED POLO No13','','','LONG-SLEEVED-POLO-No13'),
	(1426,608,2,'LONG SLEEVED WOMEN\'S POLO MISS GREEN','LONG SLEEVED WOMEN\'S POLO MISS GREEN<br />  Color: black','LONG SLEEVED WOMEN\'S POLO MISS GREEN<br />  Color: black','','','LONG-SLEEVED-WOMEN-S-POLO-MISS-GREEN'),
	(1427,609,2,'VELVET SWEAT SUIT FOR LITTLE LADIES','With stras,<br />  Color: grey','With stras,<br />  Color: grey','','','VELVET-SWEAT-SUIT-FOR-LITTLE-LADIES'),
	(1428,610,2,'SWEAT SUIT FOR LITTLE LADIES PANATHINAIKOS','Jacket and trousers,<br />  Color: green','Jacket and trousers,<br />  Color: green','','','SWEAT-SUIT-FOR-LITTLE-LADIES-PANATIINAIKOS'),
	(1429,611,2,'WOMAN\'S JACKET MISS GREEN','WOMAN\'S JACKET MISS GREEN<br />  Color: black','WOMAN\'S JACKET MISS GREEN<br />  Color: black','','','WOMAN-S-JACKET-MISS-GREEN'),
	(1430,612,2,'VELVET TRACKSUIT MISS GREEN','VELVET SWEAT SUIT MISS GREEN<br />  Color: black','VELVET SWEAT SUIT MISS GREEN<br />  Color: black','','','VELVET-TRACKSUIT-MISS-GREEN'),
	(1431,613,2,'PANTS FOR LITTLE BOYS PANATHINAIKOS','PANTS FOR LITTLE BOYS PANATHINAIKOS<br />  Color: green','PANTS FOR LITTLE BOYS PANATHINAIKOS<br />  Color: green','','','PANTS-FOR-LITTLE-BOIS-PANATIINAIKOS'),
	(1432,614,2,'PANTS FOR LITTLE LADIES PANATHINAIKOS','PANTS FOR LITTLE LADIES PANATHINAIKOS<br />  Color: black','PANTS FOR LITTLE LADIES PANATHINAIKOS<br />  Color: black','','','PANTS-FOR-LITTLE-LADIES-PANATIINAIKOS'),
	(1433,615,2,'OFFICIAL BASKETBALL SHORTS ADIDAS 2009-2010 (GREEN)','OFFICIAL BASKETBALL SHORTS ADIDAS 2009-2010<br />  Color: green','OFFICIAL BASKETBALL SHORTS ADIDAS 2009-2010<br />  Color: green','','','OFFICIAL-BASKETBALL-SIORTS-ADIDAS-2009-2010-GREEN'),
	(1434,616,2,'OFFICIAL BASKETBALL SHORTS ADIDAS 2009-2010 (WHITE)','OFFICIAL BASKETBALL SHORTS ADIDAS 2009-2010<br />  Color: white','OFFICIAL BASKETBALL SHORTS ADIDAS 2009-2010<br />  Color: white','','','OFFICIAL-BASKETBALL-SIORTS-ADIDAS-2009-2010-WIITE'),
	(1435,617,2,'KIDS WAISTCOAT BARCODE','KIDS WAISTCOAT BARCODE<br />  Color: black','KIDS WAISTCOAT BARCODE<br />  Color: black','','','KIDS-WAISTCOAT-BARCODE'),
	(1436,618,2,'SWEATSHIRT KIDS DAMAN','<span style=\"background-color: #dee0e5;\">SWEATSHIRT KIDS DAMAN<br />  Color: green</span>','<span style=\"background-color: #dee0e5;\">SWEATSHIRT KIDS DAMAN<br />  Color: green</span>','','','SWEATSIIRT-KIDS-DAMAN'),
	(1437,619,2,'SWEATSHIRT KIDS VERTICAL PANATHINAIKOS','<span style=\"background-color: #dee0e5;\">SWEATSHIRT KIDS VERTICAL PANATHINAIKOS<br />  Color: grey</span>','<span style=\"background-color: #dee0e5;\">SWEATSHIRT KIDS VERTICAL PANATHINAIKOS<br />  Color: grey</span>','','','SWEATSIIRT-KIDS-VERTICAL-PANATIINAIKOS'),
	(1439,621,2,'JOUNIOR PYJAMAS HALF CLOVER','JOUNIOR PYJAMAS HALF CLOVER FOR 8-10-12 YEARS OLD','JOUNIOR PYJAMAS HALF CLOVER FOR 8-10-12 YEARS OLD','','','JOUNIOR-PIJAMAS-IALF-CLOVER'),
	(1440,622,2,'PAJAMAS HALF CLOVER','PYJAMAS HALF CLOVER FOR 14-16 YEARS OLD KIDS','PYJAMAS HALF CLOVER FOR 14-16 YEARS OLD KIDS','','','PAJAMAS-IALF-CLOVER'),
	(1441,623,2,'KIDS JACKET PAO','Color: green','Color: green','','','KIDS-JACKET-PAO'),
	(1442,624,2,'ZIPPO LIGHTER PANATHINAIKOS BC','WITH 4 STARS BALL','WITH 4 STARS BALL','','','ZIPPO-LIGITER-PANATIINAIKOS-BC'),
	(1445,627,2,'BOTTLE OPENER KEYRING PANATHINAIKOS','BOTTLE OPENER KEYRING PANATHINAIKOS','BOTTLE OPENER KEYRING PANATHINAIKOS','','','BOTTLE-OPENER-KEIRING-PANATIINAIKOS'),
	(1448,630,2,'PENNANT PANATHINAIKOS HISTORY LARGE','Dimensions 48X28,5 cm','Dimensions 48X28,5 cm','','','PENNANT-PANATIINAIKOS-IISTORI-LARGE'),
	(1449,631,2,'PENNANT TRIANGULAR PANATHINAIKOS HISTORY LARGE','Dimension 35,5 cm','Dimension 35,5 cm','','','PENNANT-TRIANGULAR-PANATIINAIKOS-IISTORI-LARGE'),
	(1450,632,2,'PENNANT TRIPLE CROWN 2009 SMALL','PENNANT TRIPLE CROWN 2009 SMALL<br />  DIMENSIONS 9,5X14,5','PENNANT TRIPLE CROWN 2009 SMALL<br />  DIMENSIONS 9,5X14,5','','','PENNANT-TRIPLE-CROWN-2009-SMALL'),
	(1453,635,2,'MOUSE PAD CALENDAR 2010','MOUSE PAD CALENDAR 2010','MOUSE PAD CALENDAR 2010','','','MOUSE-PAD-CALENDAR-2010'),
	(1455,637,2,'2 CHAMPAGNE GLASSES PANATHINAIKOS','2 CHAMPAGNE GLASSES PANATHINAIKOS','2 CHAMPAGNE GLASSES PANATHINAIKOS','','','2-CIAMPAGNE-GLASSES-PANATIINAIKOS'),
	(1456,638,2,'SET 6 WHISKY GLASSES & ICEBOX','SET 6 WHISKY GLASSES &amp; ICEBOX','SET 6 WHISKY GLASSES &amp; ICEBOX','','','SET-6-WIISKI-GLASSESICEBOX'),
	(1457,639,2,'STICKER PANATHINAIKOS','ΑΥΤΟΚΟΛΛΗΤΟ ΠΑΝΑΘΗΝΑΙΚΟΣ','ΑΥΤΟΚΟΛΛΗΤΟ ΠΑΝΑΘΗΝΑΙΚΟΣ','','','STICKER-PANATIINAIKOS'),
	(1458,640,2,'STICKER \'\'I LOVE PAO\'\'','STICKER \'\'I LOVE PAO\'\'','STICKER \'\'I LOVE PAO\'\'','','','STICKER--I-LOVE-PAO-'),
	(1459,641,2,'TRIPLE CROWN 2009 METAL TAG','TRIPLE CROWN 2009 METAL TAG','TRIPLE CROWN 2009 METAL TAG','','','TRIPLE-CROWN-2009-METAL-TAG'),
	(1460,642,2,'METAL TAG','METAL TAG&nbsp;PANATHINAIKOS','METAL TAG&nbsp;PANATHINAIKOS','','','METAL-TAG'),
	(1461,643,2,'CELL PHONE CHARM','CELL PHONE CHARM&nbsp; (PVC)','CELL PHONE CHARM&nbsp; (PVC)','','','CELL-PIONE-CIARM'),
	(1462,644,2,'UMBRELLA PANATHINAIKOS AUTOMATIC LARGE','LARGE UMBRELLA WITH HANDLE','LARGE UMBRELLA WITH HANDLE','','','UMBRELLA-PANATIINAIKOS-AUTOMATIC-LARGE'),
	(1463,645,2,'UMBRELLA PANATHINAIKOS SMALL','<div style=\"padding-bottom: 0.6em; padding-left: 0.6em; padding-right: 0.6em; padding-top: 0.6em;\">SMALL UMBRELLA PANATHINAIKOS IN CASE</div>','<div style=\"padding-bottom: 0.6em; padding-left: 0.6em; padding-right: 0.6em; padding-top: 0.6em;\">SMALL UMBRELLA PANATHINAIKOS IN CASE</div>','','','UMBRELLA-PANATIINAIKOS-SMALL'),
	(1465,647,2,'MP3 CASE','MP3 CASE&nbsp; GREEN','MP3 CASE&nbsp; GREEN','','','MP3-CASE'),
	(1466,648,2,'ANORAK PANATHINAIKOS WITHOUT LINING GREEN','ANORAK PANATHINAIKOS GREEN WITHOUT LINING','ANORAK PANATHINAIKOS GREEN WITHOUT LINING','','','ANORAK-PANATIINAIKOS-WITIOUT-LINING-GREEN'),
	(1467,649,2,'ANORAK PANATHINAIKOS WITH LINING','ANORAK PANATHINAIKOS WITH LINING','ANORAK PANATHINAIKOS WITH LINING','','','ANORAK-PANATIINAIKOS-WITI-LINING'),
	(1470,652,2,'OFFICIAL BASKETBALL SHORT GREEN FOR KIDS','SHORTS GREEN FOR KIDS','SHORTS GREEN FOR KIDS','','','OFFICIAL-BASKETBALL-SIORT-GREEN-FOR-KIDS'),
	(1471,653,2,'OFFICIAL BASKETBALL SHORTS WHITE FOR KIDS','SHORTS WHITE FOR KIDS','SHORTS WHITE FOR KIDS','','','OFFICIAL-BASKETBALL-SIORTS-WIITE-FOR-KIDS'),
	(1473,655,2,'CAP WITH CLOVER GREEN','CAP WITH CLOVER GREEN','CAP WITH CLOVER GREEN','','','CAP-WITI-CLOVER-GREEN'),
	(1475,657,2,'CAP','CAP PANATHINAIKOS&nbsp;WITH CLOVER','CAP PANATHINAIKOS&nbsp;WITH CLOVER','','','CAP'),
	(1478,660,2,'CAP','CAP PANATHINAIKOS WITH NET','CAP PANATHINAIKOS WITH NET','','','CAP'),
	(1481,663,2,'CREST BRONX HAT WITH BALL','CREST BRONX HAT WITH BALL','CREST BRONX HAT WITH BALL','','','CREST-BRONX-IAT-WITI-BALL'),
	(1483,665,2,'HAT PANATHINAIKOS','CREST BRONX HAT PANATHINAIKOS WITH WHITE LINE','CREST BRONX HAT PANATHINAIKOS WITH WHITE LINE','','','IAT-PANATIINAIKOS'),
	(1485,667,2,'HAT','<div class=\"description\">The&nbsp;5 star ball is embroidered on the front of the hat. </div>','<div class=\"description\">The&nbsp;5 star ball is embroidered on the front of the hat. </div>','','','IAT'),
	(1486,668,2,'GLOVES PANATHINAIKOS GREEN','GLOVES PANATHINAIKOS GREEN','GLOVES PANATHINAIKOS GREEN','','','GLOVES-PANATIINAIKOS-GREEN'),
	(1487,669,2,'GLOVES PANATHINAIKOS BLACK','GLOVES PANATHINAIKOS BLACK','GLOVES PANATHINAIKOS BLACK','','','GLOVES-PANATIINAIKOS-BLACK'),
	(1493,675,2,'JUNIOR PYZAMAS PANATHINAIKOS 8-12','PYZAMAS PANATHINAIKOS FOR KIDS 8 TO 12 YEARS OLD','PYZAMAS PANATHINAIKOS FOR KIDS 8 TO 12 YEARS OLD','','','JUNIOR-PIZAMAS-PANATIINAIKOS-8-12'),
	(1494,676,2,'JUNIOR PYZAMAS PANATHINAIKOS 14-16','JUNIOR PYZAMAS PANATHINAIKOS FOR KIDS 14 TO 16 YEARS OLD','JUNIOR PYZAMAS PANATHINAIKOS FOR KIDS 14 TO 16 YEARS OLD','','','JUNIOR-PIZAMAS-PANATIINAIKOS-14-16'),
	(1495,677,2,'LONG SLEEVE BLOUSE MISS GREEN','FOR LITTLE LADIES 2 TO 12 YEARS OLD','FOR LITTLE LADIES 2 TO 12 YEARS OLD','','','LONG-SLEEVE-BLOUSE-MISS-GREEN'),
	(1496,678,2,'LONG SLEEVED T-SHIRT HALF CLOVER','LONG SLEEVED T-SHIRT HALF CLOVER FOR BABIES','LONG SLEEVED T-SHIRT HALF CLOVER FOR BABIES','','','LONG-SLEEVED-T-SIIRT-IALF-CLOVER'),
	(1499,681,2,'TATAROUNIS','TATAROUNIS','TATAROUNIS','','','TATAROUNIS'),
	(1501,683,2,'T-SHIRT PANATHINAIKOS B.C.  FOR CHILDREN','<p style=\"margin: 0cm 0cm 0pt;\">The places where i have made histrory...<br />  <br />  On the t-shirt one can see the city monuments of each of the&nbsp;five cities we have conquered our trophies in.<br />  At the back there is the listing of the cities','<p style=\"margin: 0cm 0cm 0pt;\">The places where i have made histrory...<br />  <br />  On the t-shirt one can see the city monuments of each of the&nbsp;five cities we have conquered our trophies in.<br />  At the back there is the listing of the cities','','','T-SIIRT-PANATIINAIKOS-BC-FOR-CIILDREN'),
	(1502,684,2,'OFFICIAL VOLLEYBALL JERSEY 2009-2010','<div class=\"description\"><span style=\"background-color: #dee0e5;\">OFFICIAL VOLLEYBALL JERSEY 2009-2010<br />  Color: green</span> </div>','<div class=\"description\"><span style=\"background-color: #dee0e5;\">OFFICIAL VOLLEYBALL JERSEY 2009-2010<br />  Color: green</span> </div>','','','OFFICIAL-VOLLEIBALL-JERSEI-2009-2010'),
	(1509,691,2,'BALLOONS \"PANATHINAIKOS\" GREEN','<p style=\"margin: 0cm 0cm 0pt;\"><span style=\"color: #333333; font-size: 9pt;\">BALLOONS \"PANATHINAIKOS\" GREEN<br />  Panathinaikos\'s balloons for parties and all kinds of celebrations. </span><span style=\"color: #333333; font-size: 9pt;\">10 pieces per pack','<p style=\"margin: 0cm 0cm 0pt;\"><span style=\"color: #333333; font-size: 9pt;\">BALLOONS \"PANATHINAIKOS\" GREEN<br />  Panathinaikos\'s balloons for parties and all kinds of celebrations. </span><span style=\"color: #333333; font-size: 9pt;\">10 pieces per pack','','','BALLOONS-PANATIINAIKOS-GREEN'),
	(1510,692,2,'MULTI FRAME PANATHINAIKOS','Multi frame with club\'s logo. It may frame 2 horizontally spaced and two vertical photos.','Multi frame with club\'s logo. It may frame 2 horizontally spaced and two vertical photos.','','','MULTI-FRAME-PANATIINAIKOS'),
	(1512,694,2,'ALARM CLOCK PANATHINAIKOS','ALARM CLOCK PANATHINAIKOS','ALARM CLOCK PANATHINAIKOS','','','ALARM-CLOCK-PANATIINAIKOS'),
	(1513,695,2,'BLUE TIE','Blue tripe tie, adorned with small shamrocks','Blue tripe tie, adorned with small shamrocks','','','BLUE-TIE'),
	(1524,706,2,'POSTER BATISTE','DIMENSIONS: 35Χ50','DIMENSIONS: 35Χ50','','','POSTER-BATISTE'),
	(1525,707,2,'POSTER JASIKEVICIUS','DIMENSIONS: 35Χ50','DIMENSIONS: 35Χ50','','','POSTER-JASIKEVICIUS'),
	(1530,712,2,'T-SHIRT GREEK CHAMPION 2010','T-SHIRT GREEK CHAMPION 2010','T-SHIRT GREEK CHAMPION 2010','','','T-SIIRT-GREEK-CIAMPION-2010'),
	(1532,714,2,'FOOTBALL JERSEY GREEN 2010-2011','FOOTBALL JERSEY GREEN 2010-2011','FOOTBALL JERSEY GREEN 2010-2011','','','FOOTBALL-JERSEI-GREEN-2010-2011'),
	(1538,720,2,'EXERCISE BOOK WITH LOGO \'RESPECT\' 2 SUB.','Dimensions :&nbsp;(17 x 25cm)<br />  Subjects :&nbsp;2<br />  Pages : 70','Dimensions :&nbsp;(17 x 25cm)<br />  Subjects :&nbsp;2<br />  Pages : 70','','','EXERCISE-BOOK-WITI-LOGO-RESPECT-2-SUB'),
	(1539,721,2,'EXERCISE BOOK WITH LOGO \'RESPECT\' 3 SUB.','<p style=\"margin: 0cm 0cm 0pt;\"><span style=\"color: #333333; font-size: 9pt;\">Dimensions:&nbsp;(17 x 25cm)<br />  Subjects: 3<br />  Pages: 105</span></p>','<p style=\"margin: 0cm 0cm 0pt;\"><span style=\"color: #333333; font-size: 9pt;\">Dimensions:&nbsp;(17 x 25cm)<br />  Subjects: 3<br />  Pages: 105</span></p>','','','EXERCISE-BOOK-WITI-LOGO-RESPECT-3-SUB'),
	(1540,722,2,'NOTEBOOK WITH LOGO  \'RESPECT\'','NOTEBOOK WITH LOGO  \'RESPECT\'','NOTEBOOK WITH LOGO  \'RESPECT\'','','','NOTEBOOK-WITI-LOGO-RESPECT-'),
	(1541,723,2,'FOLDER WITH LOGO \'RESPECT\'','<span style=\"background-color: #dee0e5;\">Paper folder with elastic straps<br />  Size: Α4</span>','<span style=\"background-color: #dee0e5;\">Paper folder with elastic straps<br />  Size: Α4</span>','','','FOLDER-WITI-LOGO-RESPECT-'),
	(1543,725,2,'SCHOOL BAG \'MY PRIDE\'','<span style=\"background-color: #dee0e5;\">SCHOOL BAG WITH THE LOGO&nbsp; \'MY PRIDE\'</span>','<span style=\"background-color: #dee0e5;\">SCHOOL BAG WITH THE LOGO&nbsp; \'MY PRIDE\'</span>','','','SCIOOL-BAG-MI-PRIDE-'),
	(1551,733,2,'DUFFEL BAG \'MY PRIDE\'','Duffel bag with the logo \'MY PRIDE\'','Duffel bag with the logo \'MY PRIDE\'','','','DUFFEL-BAG-MI-PRIDE-'),
	(1553,735,2,'PENCIL CASE \'MY PRIDE\'','Pencil case win a barrel like shape with the club\'s logo and the shamrock','Pencil case win a barrel like shape with the club\'s logo and the shamrock','','','PENCIL-CASE-MI-PRIDE-'),
	(1555,737,2,'PAO PEN','<span style=\"background-color: #dee0e5;\">Plastic pen with the club\' s logo (1pc)</span>','<span style=\"background-color: #dee0e5;\">Plastic pen with the club\' s logo (1pc)</span>','','','PAO-PEN'),
	(1556,738,2,'PEN PARKER','<div class=\"description\"><span style=\"background-color: #dee0e5;\">Parker pen with the club s logo&nbsp; (1pc)</span> </div>  <p>&nbsp;</p>','<div class=\"description\"><span style=\"background-color: #dee0e5;\">Parker pen with the club s logo&nbsp; (1pc)</span> </div>  <p>&nbsp;</p>','','','PEN-PARKER'),
	(1557,739,2,'SILVER PLATED WORRY BEAD','Silver plated (925) worry bead with semiprecious stones - dendrite<br />  7 DAYS DELIVERY','Silver plated (925) worry bead with semiprecious stones - dendrite<br />  7 DAYS DELIVERY','','','SILVER-PLATED-WORRI-BEAD'),
	(1561,743,2,'BLACK BRACELET WATCH WITH CHRONOGRAPH','<span style=\"background-color: #dee0e5;\">BLACK BRACELET WATCH WITH CHRONOGRAPH <br />  WATER RESISTANT (STAINLESS STEEL)<br />  7 DAYS DELIVERY<br />  <br />  <br />  </span>','<span style=\"background-color: #dee0e5;\">BLACK BRACELET WATCH WITH CHRONOGRAPH <br />  WATER RESISTANT (STAINLESS STEEL)<br />  7 DAYS DELIVERY<br />  <br />  <br />  </span>','','','BLACK-BRACELET-WATCI-WITI-CIRONOGRAPI'),
	(1562,744,2,'WHITE CHRONOGRAPH BRACELET WATCH','<div class=\"description\"><span style=\"background-color: #dee0e5;\">WHITE CHRONOGRAPH BRACELET WATCH <br />  WATER RESISTANT (STAINLESS STEEL)<br />  <br />  <strong>7 DAY DALIVERY</strong> <br />  </span></div>','<div class=\"description\"><span style=\"background-color: #dee0e5;\">WHITE CHRONOGRAPH BRACELET WATCH <br />  WATER RESISTANT (STAINLESS STEEL)<br />  <br />  <strong>7 DAY DALIVERY</strong> <br />  </span></div>','','','WIITE-CIRONOGRAPI-BRACELET-WATCI'),
	(1563,745,2,'BRACELET WATCH WHITE','<div class=\"description\">WHITE BRACELET WATER RESISTANT WATCH <br /> (STAINLESS STEEL)<br /> DISPLAYS DATE<br /> <br /> <strong>7 DAY DELIVERY</strong> </div>','<div class=\"description\">WHITE BRACELET WATER RESISTANT WATCH <br /> (STAINLESS STEEL)<br /> DISPLAYS DATE<br /> <br /> <strong>7 DAY DELIVERY</strong> </div>','','','BRACELET-WATCI-WIITE'),
	(1564,746,2,'BRACELET BLACK  WATCH','<div class=\"description\"><span style=\"background-color: #dee0e5;\">BRACELET BLACK WATCH.<br />  &nbsp;WATER RESISTANT. (STAINLESS STEEL)<br />  DISPLAYS THE DATE<strong><br />  7 DAY DELIVERY</strong> <br />  </span></div>','<div class=\"description\"><span style=\"background-color: #dee0e5;\">BRACELET BLACK WATCH.<br />  &nbsp;WATER RESISTANT. (STAINLESS STEEL)<br />  DISPLAYS THE DATE<strong><br />  7 DAY DELIVERY</strong> <br />  </span></div>','','','BRACELET-BLACK-WATCI'),
	(1566,748,2,'ASHTRAY','Oval porcelain ashtray','Oval porcelain ashtray','','','ASITRAI'),
	(1568,750,2,'PHOTO ALBUM 200 PHOTOS','The places where i have made histrory<br />  <br />  On the&nbsp;photo album&nbsp;one can see the city monuments of each of the&nbsp;five cities we have conquered our trophies in.<br />','The places where i have made histrory<br />  <br />  On the&nbsp;photo album&nbsp;one can see the city monuments of each of the&nbsp;five cities we have conquered our trophies in.<br />','','','PIOTO-ALBUM-200-PIOTOS'),
	(1570,752,2,'OFFICIAL BASKETBALL JERSEY 2010-11 (GREEN)','<p style=\"margin: 0cm 0cm 0pt;\"><span style=\"color: #333333; font-size: 9pt;\">OFFICIAL BASKETBALL JERSEY 2010-11 <br />  Color: green</span></p>','<p style=\"margin: 0cm 0cm 0pt;\"><span style=\"color: #333333; font-size: 9pt;\">OFFICIAL BASKETBALL JERSEY 2010-11 <br />  Color: green</span></p>','','','OFFICIAL-BASKETBALL-JERSEI-2010-11-GREEN'),
	(1571,753,2,'OFFICIAL BASKETBALL JERSEY 2010-11 (WHITE)','<p style=\"margin: 0cm 0cm 0pt;\"><span style=\"color: #333333; font-size: 9pt;\">OFFICIAL BASKETBALL JERSEY 2010-11 <br />  Color: white</span></p>','<p style=\"margin: 0cm 0cm 0pt;\"><span style=\"color: #333333; font-size: 9pt;\">OFFICIAL BASKETBALL JERSEY 2010-11 <br />  Color: white</span></p>','','','OFFICIAL-BASKETBALL-JERSEI-2010-11-WIITE'),
	(1572,754,2,'OFFICIAL BASKETBALL JERSEY 2010-11 (LIGHT BLUE)','<p style=\"margin: 0cm 0cm 0pt;\"><span style=\"color: #333333; font-size: 9pt;\">OFFICIAL BASKETBALL JERSEY 2010-11 <br />  Color: light blue</span></p>','<p style=\"margin: 0cm 0cm 0pt;\"><span style=\"color: #333333; font-size: 9pt;\">OFFICIAL BASKETBALL JERSEY 2010-11 <br />  Color: light blue</span></p>','','','OFFICIAL-BASKETBALL-JERSEI-2010-11-LIGIT-BLUE'),
	(1573,755,2,'OFFICIAL BASKETBALL JUNIOR JERSEY 2010-11 (GREEN)','<p style=\"margin: 0cm 0cm 0pt;\"><span style=\"color: #333333; font-size: 9pt;\">OFFICIAL BASKETBALL JUNIOR JERSEY 2010-11 <br />  Color: green</span></p>','<p style=\"margin: 0cm 0cm 0pt;\"><span style=\"color: #333333; font-size: 9pt;\">OFFICIAL BASKETBALL JUNIOR JERSEY 2010-11 <br />  Color: green</span></p>','','','OFFICIAL-BASKETBALL-JUNIOR-JERSEI-2010-11-GREEN'),
	(1575,757,2,'OFFICIAL BASKETBALL JUNIOR JERSEY 2010-11 (LIGHT BLUE)','<p style=\"margin: 0cm 0cm 0pt;\"><span style=\"color: #333333; font-size: 9pt;\">OFFICIAL BASKETBALL JUNIOR JERSEY 2010-11 <br />  Color: <span style=\"color: #333333; font-size: 9pt;\">light blue</span></span></p>','<p style=\"margin: 0cm 0cm 0pt;\"><span style=\"color: #333333; font-size: 9pt;\">OFFICIAL BASKETBALL JUNIOR JERSEY 2010-11 <br />  Color: <span style=\"color: #333333; font-size: 9pt;\">light blue</span></span></p>','','','OFFICIAL-BASKETBALL-JUNIOR-JERSEI-2010-11-LIGIT-BLUE'),
	(1577,759,2,'OFFICIAL BASKETBALL SHORTS ADIDAS 2010-2011 (GREEN)','<p style=\"margin: 0cm 0cm 0pt;\"><span style=\"color: #333333; font-size: 9pt;\">OFFICIAL BASKETBALL SHORTS ADIDAS 2010-2011<br />  Color: green</span></p>','<p style=\"margin: 0cm 0cm 0pt;\"><span style=\"color: #333333; font-size: 9pt;\">OFFICIAL BASKETBALL SHORTS ADIDAS 2010-2011<br />  Color: green</span></p>','','','OFFICIAL-BASKETBALL-SIORTS-ADIDAS-2010-2011-GREEN'),
	(1578,760,2,'OFFICIAL BASKETBALL SHORTS ADIDAS 2010-2011 (WHITE)','<p style=\"margin: 0cm 0cm 0pt;\"><span style=\"color: #333333; font-size: 9pt;\">OFFICIAL BASKETBALL SHORTS ADIDAS 2010-2011<br />  Color: white</span></p>','<p style=\"margin: 0cm 0cm 0pt;\"><span style=\"color: #333333; font-size: 9pt;\">OFFICIAL BASKETBALL SHORTS ADIDAS 2010-2011<br />  Color: white</span></p>','','','OFFICIAL-BASKETBALL-SIORTS-ADIDAS-2010-2011-WIITE'),
	(1580,762,2,'TRAINING SHORTS ADIDAS 2011-2012 (BLACK)','<p style=\"margin: 0cm 0cm 0pt;\"><span style=\"color: #333333; font-size: 9pt;\">TRAINING SHORTS ADIDAS 2011-2012<br />  The 6 stars ball is embroidered on the front<br />  Color: black<br />  Fabric: 80% Cotton and 20% Polyester<br />  <br />  </span></p>','<p style=\"margin: 0cm 0cm 0pt;\"><span style=\"color: #333333; font-size: 9pt;\">TRAINING SHORTS ADIDAS 2011-2012<br />  The 6 stars ball is embroidered on the front<br />  Color: black<br />  Fabric: 80% Cotton and 20% Polyester<br />  <br />  </span></p>','','','TRAINING-SIORTS-ADIDAS-2011-2012-BLACK'),
	(1582,764,2,'ADIDAS WATERPROOF JACKET WITH HOOD','<p style=\"margin: 0cm 0cm 0pt;\"><span style=\"color: #333333; font-size: 9pt;\"><span style=\"color: #333333; font-size: 9pt;\">ADIDAS WATERPROOF JACKET WITH HOOD.<br />  Color: black, green &amp; light green<br />  Fabric:<br />  Shell: 100% Polyester<br />','<p style=\"margin: 0cm 0cm 0pt;\"><span style=\"color: #333333; font-size: 9pt;\"><span style=\"color: #333333; font-size: 9pt;\">ADIDAS WATERPROOF JACKET WITH HOOD.<br />  Color: black, green &amp; light green<br />  Fabric:<br />  Shell: 100% Polyester<br />','','','ADIDAS-WATERPROOF-JACKET-WITI-IOOD'),
	(1596,778,2,'5 EUROLEAGUE TITLES DVD','<ul>\r\n<li>5 European Titles in 10 DVDs</li>\r\n<li>Luxuriant photo gallery</li>\r\n<li>Statistical Data</li>\r\n<li>Participant\'s interviews</li>\r\n<li>Narration by Fragiskos Alvertis</li>\r\n</ul>','<ul>\r\n<li>5 European Titles in 10 DVDs</li>\r\n<li>Luxuriant photo gallery</li>\r\n<li>Statistical Data</li>\r\n<li>Participant\'s interviews</li>\r\n<li>Narration by Fragiskos Alvertis</li>\r\n</ul>','','','5-EUROLEAGUE-TITLES-DVD'),
	(1599,781,2,'FOOTBALL JERSEY BLACK 2010-2011','FOOTBALL JERSEY BLACK 2010-2011','FOOTBALL JERSEY BLACK 2010-2011','','','FOOTBALL-JERSEI-BLACK-2010-2011'),
	(1600,782,2,'FOOTBALL RAINCOAT ADIDAS 2010-2011','FOOTBALL RAINCOAT ADIDAS 2010-2011','FOOTBALL RAINCOAT ADIDAS 2010-2011','','','FOOTBALL-RAINCOAT-ADIDAS-2010-2011'),
	(1601,783,2,'RUBBER STRAP WATCH','WATER RESISTANT&nbsp;WATCH <br />  WITH BLACK RUBBER STRAP<br />  <strong>DELIVERY AFTER 7 DAYS</strong> <br />','WATER RESISTANT&nbsp;WATCH <br />  WITH BLACK RUBBER STRAP<br />  <strong>DELIVERY AFTER 7 DAYS</strong> <br />','','','RUBBER-STRAP-WATCI'),
	(1602,784,2,'RUBBER STRAP WATCH','WATER RESISTANT&nbsp;WATCH<br />  WITH BLACK RUBBER STRAP<br />  <strong>DELIVERY AFTER 7 DAYS</strong> <br />','WATER RESISTANT&nbsp;WATCH<br />  WITH BLACK RUBBER STRAP<br />  <strong>DELIVERY AFTER 7 DAYS</strong> <br />','','','RUBBER-STRAP-WATCI'),
	(1604,786,2,'CUP','Porcelain cup with the logo PANATHINAIKOS','Porcelain cup with the logo PANATHINAIKOS','','','CUP'),
	(1605,787,2,'PANATHINAIKOS CHUTES & LADDERS TROUBLE BOARD GAME','PANATHINAIKOS CHUTES & LADDERS TROUBLE BOARD GAME','PANATHINAIKOS CHUTES & LADDERS TROUBLE BOARD GAME','','','PANATIINAIKOS-CIUTESLADDERS-TROUBLE-BOARD-GAME'),
	(1607,789,2,'WORRY BEAD','Worry bead with semiprecious stones - hematite','Worry bead with semiprecious stones - hematite','','','WORRI-BEAD'),
	(1608,790,2,'CERAMIC MONEY POT','<p>Ceramic money pot. Ideal for the young depositors! </p>','<p>Ceramic money pot. Ideal for the young depositors! </p>','','','CERAMIC-MONEI-POT'),
	(1610,792,2,'Porcelain Cups. 2 Pieces','2 porcelain cups. Gift wrapped in a heart-shaped box!','2 porcelain cups. Gift wrapped in a heart-shaped box!','','','Porcelain-Cups-2-Pieces'),
	(1613,795,2,'T-SHIRT EUROPEAN CHAMPION 2011 (GREEN)','<p><strong></strong></p>  Collective tee. Celebrates the conquest of the 6th European Trophy in 2011.','<p><strong></strong></p>  Collective tee. Celebrates the conquest of the 6th European Trophy in 2011.','','','T-SIIRT-EUROPEAN-CIAMPION-2011-GREEN'),
	(1614,796,2,'T-SHIRT EUROPEAN CHAMPION 2011 FOR CHILDREN','<p><strong></strong></p>  Cotton t-shirt with two prints, on the front and the back','<p><strong></strong></p>  Cotton t-shirt with two prints, on the front and the back','','','T-SIIRT-EUROPEAN-CIAMPION-2011-FOR-CIILDREN'),
	(1615,797,2,'T-SHIRT GREEK CHAMPION 2011','<div class=\"description\">&nbsp;</div>','<div class=\"description\">&nbsp;</div>','','','T-SIIRT-GREEK-CIAMPION-2011'),
	(1616,798,2,'OFFICIAL BASKETBALL JERSEY 2011-12 (GREEN)','<p>OFFICIAL 6 STARS BASKETBALL JERSEY 2011-12<br />  Color: green<br />  <br />  </p>  <p>Panathinaikos becomes the first Greek Team to wear the most technically advanced Jersey, the NBA Revolution 30. This Jersey is the outcome of a 4 year research with','<p>OFFICIAL 6 STARS BASKETBALL JERSEY 2011-12<br />  Color: green<br />  <br />  </p>  <p>Panathinaikos becomes the first Greek Team to wear the most technically advanced Jersey, the NBA Revolution 30. This Jersey is the outcome of a 4 year research with','','','OFFICIAL-BASKETBALL-JERSEI-2011-12-GREEN'),
	(1617,799,2,'OFFICIAL BASKETBALL JERSEY 2011-12 (WHITE)','<p>OFFICIAL 6 STARS BASKETBALL JERSEY 2011-12<br />  Color: white<br />  <br />  </p>  <p>Panathinaikos becomes the first Greek Team to wear the most technically advanced Jersey, the NBA Revolution 30. This Jersey is the outcome of a 4 year research with','<p>OFFICIAL 6 STARS BASKETBALL JERSEY 2011-12<br />  Color: white<br />  <br />  </p>  <p>Panathinaikos becomes the first Greek Team to wear the most technically advanced Jersey, the NBA Revolution 30. This Jersey is the outcome of a 4 year research with','','','OFFICIAL-BASKETBALL-JERSEI-2011-12-WIITE'),
	(1618,800,2,'REPLICA BASKETBALL JERSEY 2011-12 (GREEN)','<p>6 STARS REPLICA&nbsp;BASKETBALL JERSEY 2011-12<br />  Color: green<br />  <br />  </p>  <p>This Jersey incorporates the ClimaCool technology that absorbs the moisture in less than 3 secs. It is an excellent choice for any type of sport’s activity. This','<p>6 STARS REPLICA&nbsp;BASKETBALL JERSEY 2011-12<br />  Color: green<br />  <br />  </p>  <p>This Jersey incorporates the ClimaCool technology that absorbs the moisture in less than 3 secs. It is an excellent choice for any type of sport’s activity. This','','','REPLICA-BASKETBALL-JERSEI-2011-12-GREEN'),
	(1619,801,2,'REPLICA BASKETBALL JERSEY 2011-12 (BLACK)','<p>6 STARS REPLICA&nbsp;BASKETBALL JERSEY 2011-12<br />  Color: black<br />  <br />  </p>  <p>This Jersey incorporates the ClimaCool technology that absorbs the moisture in less than 3 secs. It is an excellent choice for any type of sport’s activity. This','<p>6 STARS REPLICA&nbsp;BASKETBALL JERSEY 2011-12<br />  Color: black<br />  <br />  </p>  <p>This Jersey incorporates the ClimaCool technology that absorbs the moisture in less than 3 secs. It is an excellent choice for any type of sport’s activity. This','','','REPLICA-BASKETBALL-JERSEI-2011-12-BLACK'),
	(1620,802,2,'REPLICA BASKETBALL SHORTS ADIDAS 2011-2013 (GREEN)','<p>REPLICA BASKETBALL SHORTS ADIDAS 2011-2013<br />  Color: green<br />  <br />  </p>  <p>This ADIDAS garment incorporates the CLIMACOOL technology that helps in the ventilation and moisture management of your body, providing optimal comfort and performan','<p>REPLICA BASKETBALL SHORTS ADIDAS 2011-2013<br />  Color: green<br />  <br />  </p>  <p>This ADIDAS garment incorporates the CLIMACOOL technology that helps in the ventilation and moisture management of your body, providing optimal comfort and performan','','','REPLICA-BASKETBALL-SIORTS-ADIDAS-2011-2013-GREEN'),
	(1621,803,2,'REPLICA BASKETBALL SHORTS ADIDAS 2011-2013 (BLACK)','<p>REPLICA&nbsp;BASKETBALL SHORTS ADIDAS 2011-2013<br />  Color: black<br />  <br />  </p>  <p>This ADIDAS garment incorporates the CLIMACOOL technology that helps in the ventilation and moisture management of your body, providing optimal comfort and perf','<p>REPLICA&nbsp;BASKETBALL SHORTS ADIDAS 2011-2013<br />  Color: black<br />  <br />  </p>  <p>This ADIDAS garment incorporates the CLIMACOOL technology that helps in the ventilation and moisture management of your body, providing optimal comfort and perf','','','REPLICA-BASKETBALL-SIORTS-ADIDAS-2011-2013-BLACK'),
	(1623,805,2,'POLO ADIDAS 2011-2012','Polo Adidas 2011-2012<br />  A 3d shamrock is embroidered on the front and a discrete shamrock on the right back shoulder <br />  Color: light green &amp; black<br />  Fabric: 100% cotton','Polo Adidas 2011-2012<br />  A 3d shamrock is embroidered on the front and a discrete shamrock on the right back shoulder <br />  Color: light green &amp; black<br />  Fabric: 100% cotton','','','POLO-ADIDAS-2011-2012'),
	(1624,806,2,'SLEEVELESS TEE ADIDAS 2011-2012 (WHITE)','<div class=\"description\">SLEEVELESS TEE ADIDAS 2011-2012 <br />  On the front the&nbsp;6 star ball is embroidered<br />  Color: white</div>','<div class=\"description\">SLEEVELESS TEE ADIDAS 2011-2012 <br />  On the front the&nbsp;6 star ball is embroidered<br />  Color: white</div>','','','SLEEVELESS-TEE-ADIDAS-2011-2012-WIITE'),
	(1625,807,2,'EXERCISE PANTS ADIDAS 2011-2012 (GREEN)','<p>EXERCISE PANTS ADIDAS 2011-2012<br />  On the front the&nbsp;clover 3D&nbsp;is embroidered<br />  Fabric: Polyester<br />  Color: green</p>','<p>EXERCISE PANTS ADIDAS 2011-2012<br />  On the front the&nbsp;clover 3D&nbsp;is embroidered<br />  Fabric: Polyester<br />  Color: green</p>','','','EXERCISE-PANTS-ADIDAS-2011-2012-GREEN'),
	(1626,808,2,'POLYESTER TROUSERS ADIDAS 2011-2012 (GREEN)','<p>TROUSERS ADIDAS 2011-2012<br />  The&nbsp;6 star ball is embroidered on the front<br />  Color: green<br />  Fabric: Polyester</p>','<p>TROUSERS ADIDAS 2011-2012<br />  The&nbsp;6 star ball is embroidered on the front<br />  Color: green<br />  Fabric: Polyester</p>','','','POLIESTER-TROUSERS-ADIDAS-2011-2012-GREEN'),
	(1627,809,2,'ADIDAS SWEAT PANTS 2011-2012 (GREY)','<p>ADIDAS SWEAT PANTS 2011-2012<br />  3D shamrock is embroidered on the front<br />  Color: grey<br />  Fabric: 60% Cotton and 40% Polyester</p>  <p>This ADIDAS product incorporates the CLIMALITE COTTON function that gives the comfort and the hand feel o','<p>ADIDAS SWEAT PANTS 2011-2012<br />  3D shamrock is embroidered on the front<br />  Color: grey<br />  Fabric: 60% Cotton and 40% Polyester</p>  <p>This ADIDAS product incorporates the CLIMALITE COTTON function that gives the comfort and the hand feel o','','','ADIDAS-SWEAT-PANTS-2011-2012-GREI'),
	(1628,810,2,'JACKET WITH HOOD ADIDAS 2011-2012','JACKET WITH HOOD ADIDAS 2011-2012<br />  On the front the&nbsp;clover 3D&nbsp;is embroidered and the word PANATHINAIKOS is printed on the back<br />  <p>Colors:&nbsp;green &amp; black<br />  Fabric: 100% Polyester</p>','JACKET WITH HOOD ADIDAS 2011-2012<br />  On the front the&nbsp;clover 3D&nbsp;is embroidered and the word PANATHINAIKOS is printed on the back<br />  <p>Colors:&nbsp;green &amp; black<br />  Fabric: 100% Polyester</p>','','','JACKET-WITI-IOOD-ADIDAS-2011-2012'),
	(1629,811,2,'JACKET ADIDAS 2011-2012','JACKET ADIDAS 2011-2012<br />  The&nbsp;6 star ball is embroidered on the front left and the shamrock on the back<br />  Made of Polyester<br />  Color: green','JACKET ADIDAS 2011-2012<br />  The&nbsp;6 star ball is embroidered on the front left and the shamrock on the back<br />  Made of Polyester<br />  Color: green','','','JACKET-ADIDAS-2011-2012'),
	(1630,812,2,'SWEATSHIRT ADIDAS 2011-2012 (GREY)','SWEATSHIRT&nbsp;ADIDAS 2011-2012 <br />  On the front, the shamrock is embroidered.<br />  Color: grey<br />  Fabric: 60% Cotton and 40% Polyester<br />  <br />  <p>This ADIDAS sweatshirt incorporates the CLIMALITE COTTON function that gives the comfort a','SWEATSHIRT&nbsp;ADIDAS 2011-2012 <br />  On the front, the shamrock is embroidered.<br />  Color: grey<br />  Fabric: 60% Cotton and 40% Polyester<br />  <br />  <p>This ADIDAS sweatshirt incorporates the CLIMALITE COTTON function that gives the comfort a','','','SWEATSIIRT-ADIDAS-2011-2012-GREI'),
	(1631,813,2,'T-SHIRT ADIDAS PAO (WHITE)','ADIDAS t-shirt with the club\'s logo.<br />  Color: white<br />  <p>This ADIDAS tee incorporates the CLIMALITE COTTON function that gives the comfort and the hand feel of cotton, combined with functionality to draw sweat away from the skin.<br />  ADIDAS t','ADIDAS t-shirt with the club\'s logo.<br />  Color: white<br />  <p>This ADIDAS tee incorporates the CLIMALITE COTTON function that gives the comfort and the hand feel of cotton, combined with functionality to draw sweat away from the skin.<br />  ADIDAS t','','','T-SIIRT-ADIDAS-PAO-WIITE'),
	(1632,814,2,'T-SHIRT ADIDAS PAO BC (GREEN)','ADIDAS t-shirt with a silver&nbsp; \'\'PAO BC\'\' print.<br />  Color: green<br />  <br />  <p>This ADIDAS tee incorporates the CLIMALITE COTTON function that gives the comfort and the hand feel of cotton, combined with functionality to draw sweat away from t','ADIDAS t-shirt with a silver&nbsp; \'\'PAO BC\'\' print.<br />  Color: green<br />  <br />  <p>This ADIDAS tee incorporates the CLIMALITE COTTON function that gives the comfort and the hand feel of cotton, combined with functionality to draw sweat away from t','','','T-SIIRT-ADIDAS-PAO-BC-GREEN'),
	(1647,829,2,'KEY RING WITH LEATHER','Leather key strap. It entangles the word \'\'PAO\'\' and the shamrock.','Leather key strap. It entangles the word \'\'PAO\'\' and the shamrock.','','','KEI-RING-WITI-LEATIER'),
	(1649,831,2,'T-SHIRT DIAMANTIDIS No13','Our captain and his t-shirt! Beautiful and simple!','Our captain and his t-shirt! Beautiful and simple!','','','T-SIIRT-DIAMANTIDIS-No13'),
	(1650,832,2,'T-SHIRT TIC TAC TOE','A tee for our little ones! Play tic tac toe with our logo!','A tee for our little ones! Play tic tac toe with our logo!','','','T-SIIRT-TIC-TAC-TOE'),
	(1651,833,2,'WORRY BEAD','once you get it in&nbsp; your hands, you will get stuck!','once you get it in&nbsp; your hands, you will get stuck!','','','WORRI-BEAD'),
	(1652,834,2,'BALL YO-YO','Stress Ball yo-yo. We used to play with one when we were kids. Now available for adults too!','Stress Ball yo-yo. We used to play with one when we were kids. Now available for adults too!','','','BALL-IO-IO'),
	(1653,835,2,'BINOCULARS','Binoculars for the shamrock fans! See everything through our green eyes!','Binoculars for the shamrock fans! See everything through our green eyes!','','','BINOCULARS'),
	(1654,836,2,'CAP','The&nbsp;6 star ball is embroidered on the front of the cap.','The&nbsp;6 star ball is embroidered on the front of the cap.','','','CAP'),
	(1655,837,2,'CAP DIAMANTIDIS','Our captain on a hat! Black hat with our captain\'s signature on the side.','Our captain on a hat! Black hat with our captain\'s signature on the side.','','','CAP-DIAMANTIDIS'),
	(1656,838,2,'T-SHIRT \"AND THE JOURNEY GOES ON\"','.....and the journey goes on!<br />  <br />  On the t-shirt one can see the city monuments of each of the six cities we have conquered our trophies in.<br />  At the back there is the listing of the cities and the score of the final winning game.<br />  <','.....and the journey goes on!<br />  <br />  On the t-shirt one can see the city monuments of each of the six cities we have conquered our trophies in.<br />  At the back there is the listing of the cities and the score of the final winning game.<br />  <','','','T-SIIRT-AND-TIE-JOURNEI-GOES-ON-'),
	(1657,839,2,'MOUSE PAD \"AND THE JOURNEY GOES ON\"','.....and the journey goes on!<br />  <br />  On the&nbsp;mouse pad&nbsp;one can see the city monuments of each of the six cities we have conquered our trophies in.<br />','.....and the journey goes on!<br />  <br />  On the&nbsp;mouse pad&nbsp;one can see the city monuments of each of the six cities we have conquered our trophies in.<br />','','','MOUSE-PAD-AND-TIE-JOURNEI-GOES-ON-'),
	(1658,840,2,'T-SHIRT SHIELD','<div class=\"description\">Our logo in a shied!<br />  Fabric: 100% Cotton </div>','<div class=\"description\">Our logo in a shied!<br />  Fabric: 100% Cotton </div>','','','T-SIIRT-SIIELD'),
	(1659,841,2,'T-SHIRT 3D CUBES','Playful tee for kids. <br />  Color:green<br />  Fabric: 100% cotton','Playful tee for kids. <br />  Color:green<br />  Fabric: 100% cotton','','','T-SIIRT-3D-CUBES'),
	(1660,842,2,'SCARF','The&nbsp;6 star ball is embroidered on the one side and on the other end, the places where the 6 stars were acquired!','The&nbsp;6 star ball is embroidered on the one side and on the other end, the places where the 6 stars were acquired!','','','SCARF'),
	(1661,843,2,'T-SHIRT FOR CHILDREN \"AND THE JOURNEY GOES ON\"','.....and the journey goes on!<br />  <br />  On the t-shirt one can see the city monuments of each of the six cities we have conquered our trophies in.<br />  At the back there is the listing of the cities and the score of the final winning game.<br />  <','.....and the journey goes on!<br />  <br />  On the t-shirt one can see the city monuments of each of the six cities we have conquered our trophies in.<br />  At the back there is the listing of the cities and the score of the final winning game.<br />  <','','','T-SIIRT-FOR-CIILDREN-AND-TIE-JOURNEI-GOES-ON-'),
	(1662,844,2,'WORRY BEAD','<div class=\"description\">Worry bead with acrylic beads<br />  Color: green </div>','<div class=\"description\">Worry bead with acrylic beads<br />  Color: green </div>','','','WORRI-BEAD'),
	(1663,845,2,'WILSON LEATHER BASKETBALL','<div class=\"vsc\" sig=\"hYB\" pved=\"0CCQQkgowAA\">  <h3 class=\"r\">  <p style=\"line-height: 16.8pt; margin: 0cm 0cm 10pt;\">Wilson limited edition basketball of Panathinaikos.<br />  There are only 500 collective balls left.<br />  <br />  <br />  </p>  </h3>','<div class=\"vsc\" sig=\"hYB\" pved=\"0CCQQkgowAA\">  <h3 class=\"r\">  <p style=\"line-height: 16.8pt; margin: 0cm 0cm 10pt;\">Wilson limited edition basketball of Panathinaikos.<br />  There are only 500 collective balls left.<br />  <br />  <br />  </p>  </h3>','','','WILSON-LEATIER-BASKETBALL'),
	(1666,848,2,'JUNIOR FOOTBALL JERSEY 2011-2012 (GREEN)','JUNIOR FOOTBALL JERSEY 2011-2012 (GREEN)','JUNIOR FOOTBALL JERSEY 2011-2012 (GREEN)','','','JUNIOR-FOOTBALL-JERSEI-2011-2012-GREEN'),
	(1667,849,2,'FOOTBALL JERSEY 2011-2012 (GREEN)','The official Adidas Football Jersey for the 2011-2012 season','The official Adidas Football Jersey for the 2011-2012 season','','','FOOTBALL-JERSEI-2011-2012-GREEN'),
	(1673,855,2,'DOUBLE FACE SCARF','DOUBLE FACE SCARF','DOUBLE FACE SCARF','','','DOUBLE-FACE-SCARF'),
	(1674,856,2,'EUROLEAGUE TROPHY BARCELONA 2011','<p>&nbsp;</p>','<p>&nbsp;</p>','','','EUROLEAGUE-TROPII-BARCELONA-2011'),
	(1675,857,2,'POSTER \'\'EUROPEAN CHAMPION BARCELONA 2011\'\'','This poster memorizes one of our 6 best moments: the Triumph in Barcelona, in May 2011!','This poster memorizes one of our 6 best moments: the Triumph in Barcelona, in May 2011!','','','POSTER--EUROPEAN-CIAMPION-BARCELONA-2011-'),
	(1676,858,2,'DOUBLE FACE SCARF \"AND THE JOURNEY GOES ON\"','.....and the journey goes on!<br />  <br />  On the scarf one can see the city monuments of each of the six cities we have conquered our trophies in.<br />','.....and the journey goes on!<br />  <br />  On the scarf one can see the city monuments of each of the six cities we have conquered our trophies in.<br />','','','DOUBLE-FACE-SCARF-AND-TIE-JOURNEI-GOES-ON-'),
	(1677,859,2,'T-SHIRT GREEK CUP CHAMPION OF  2012','A tee to celebrate our Greek Cup Win, is a must!','A tee to celebrate our Greek Cup Win, is a must!','','','T-SIIRT-GREEK-CUP-CIAMPION-OF-2012'),
	(1678,860,2,'6th EUROPEAN CHAMPIONSHIP DVD','<li>The conquest of the 6th European Championship in&nbsp;2 DVD </li>  <li>Luxuriant photo gallery </li>  <li>Statistical Data </li>  <li>Participant\'s interviews  <p><strong><br />  If you have alreeady purchased the compilation of the 5 DVDs. you can ac','<li>The conquest of the 6th European Championship in&nbsp;2 DVD </li>  <li>Luxuriant photo gallery </li>  <li>Statistical Data </li>  <li>Participant\'s interviews  <p><strong><br />  If you have alreeady purchased the compilation of the 5 DVDs. you can ac','','','6th-EUROPEAN-CIAMPIONSIIP-DVD'),
	(1680,862,2,'DVD COLLECTION OF THE 6 EUROPEAN CHAMPIONSHIPS','This is the luxurious DVD case with the full European Championship compilation.<br />  <br />  The case icludes 2 DVD cases. The first one compiles the 5 European Championships and the second one the 6th.<br />  The luxurious case includes:<br />  <br />','This is the luxurious DVD case with the full European Championship compilation.<br />  <br />  The case icludes 2 DVD cases. The first one compiles the 5 European Championships and the second one the 6th.<br />  The luxurious case includes:<br />  <br />','','','DVD-COLLECTION-OF-TIE-6-EUROPEAN-CIAMPIONSIIPS'),
	(1682,864,2,'PIN SHAMROCK','Silicon coated pin, on metallic base.','Silicon coated pin, on metallic base.','','','PIN-SIAMROCK'),
	(1683,865,2,'KEYRING \"MY PRIDE\"','Metallic keyring. It is a bit larger than the usual key chain!','Metallic keyring. It is a bit larger than the usual key chain!','','','KEIRING-MI-PRIDE-'),
	(1685,867,2,'KEYRING WITH BOTTLE OPENER','This is a metallic bottle opener! Useful and handy!','This is a metallic bottle opener! Useful and handy!','','','KEIRING-WITI-BOTTLE-OPENER'),
	(1686,868,2,'PANATHINAIKOS FRIDGE MAGNET','A magnet with attitude!','A magnet with attitude!','','','PANATIINAIKOS-FRIDGE-MAGNET'),
	(1687,869,2,'KEYRING WITH CLIMBING HOOK','Beautiful, useful and Green!!!','Beautiful, useful and Green!!!','','','KEIRING-WITI-CLIMBING-IOOK'),
	(1688,870,2,'FRIDGE MAGNET SHAMROCK','It\'s not the biggest one you will ever see, but it\'s big enough!','It\'s not the biggest one you will ever see, but it\'s big enough!','','','FRIDGE-MAGNET-SIAMROCK'),
	(1689,871,2,'FRIDGE MAGNET WITH BOTTLE OPENER','As always, a magnet is just magnet. But a magnet with a bottle opener, is even better!','As always, a magnet is just magnet. But a magnet with a bottle opener, is even better!','','','FRIDGE-MAGNET-WITI-BOTTLE-OPENER'),
	(1690,872,2,'COASTERS  6 PCS','Coasters for great team fans! Drink and see only your favorite team logo at the bottom of your glass!','Coasters for great team fans! Drink and see only your favorite team logo at the bottom of your glass!','','','COASTERS-6-PCS'),
	(1691,873,2,'DOUBLE FACE SCARF','In black and green colors, a scarf with two sides.<br />  The word \'\'Panathinaikos\'\' is written in Greek and in Latin.<br />','In black and green colors, a scarf with two sides.<br />  The word \'\'Panathinaikos\'\' is written in Greek and in Latin.<br />','','','DOUBLE-FACE-SCARF'),
	(1693,875,2,'FOOTED BABY SUIT','FOOTED BABY SUIT','FOOTED BABY SUIT','','','FOOTED-BABI-SUIT'),
	(1694,876,2,'2 PACK SHORT SLEEVE BABY BODYSUIT','2 PACK SHORT SLEEVE BABY BODYSUIT','2 PACK SHORT SLEEVE BABY BODYSUIT','','','2-PACK-SIORT-SLEEVE-BABI-BODISUIT'),
	(1695,877,2,'FOOTED BABY SUIT','FOOTED BABY SUIT','FOOTED BABY SUIT','','','FOOTED-BABI-SUIT'),
	(1699,881,2,'REPLICA BASKETBALL JERSEY 2012-13 (GREEN)','<p>6 STARS REPLICA&nbsp;BASKETBALL JERSEY 2012-13<br />  Color: green<br />  <br />  </p>  <p>This Jersey incorporates the ClimaCool technology that absorbs the moisture in less than 3 secs. It is an excellent choice for any type of sport’s activity. This','<p>6 STARS REPLICA&nbsp;BASKETBALL JERSEY 2012-13<br />  Color: green<br />  <br />  </p>  <p>This Jersey incorporates the ClimaCool technology that absorbs the moisture in less than 3 secs. It is an excellent choice for any type of sport’s activity. This','','','REPLICA-BASKETBALL-JERSEI-2012-13-GREEN'),
	(1700,882,2,'REPLICA BASKETBALL JERSEY 2012-13 (BLACK)','<p>6 STARS REPLICA&nbsp;BASKETBALL JERSEY 2012-13<br />  Color: black<br />  <br />  </p>  <p>This Jersey incorporates the ClimaCool technology that absorbs the moisture in less than 3 secs. It is an excellent choice for any type of sport’s activity. This','<p>6 STARS REPLICA&nbsp;BASKETBALL JERSEY 2012-13<br />  Color: black<br />  <br />  </p>  <p>This Jersey incorporates the ClimaCool technology that absorbs the moisture in less than 3 secs. It is an excellent choice for any type of sport’s activity. This','','','REPLICA-BASKETBALL-JERSEI-2012-13-BLACK'),
	(1713,895,2,'ZIPPO LIGHTER','5&nbsp;DAY DELIVERY','5&nbsp;DAY DELIVERY','','','ZIPPO-LIGITER'),
	(1714,896,2,'ZIPPO LIGHTER','5&nbsp;DAY DELIVERY','5&nbsp;DAY DELIVERY','','','ZIPPO-LIGITER'),
	(1715,897,2,'ZIPPO LIGHTER','5&nbsp;DAY DELIVERY','5&nbsp;DAY DELIVERY','','','ZIPPO-LIGITER'),
	(1716,898,2,'ZIPPO LIGHTER','5&nbsp;DAY DELIVERY','5&nbsp;DAY DELIVERY','','','ZIPPO-LIGITER'),
	(1717,899,2,'ZIPPO LIGHTER','5&nbsp;DAY DELIVERY','5&nbsp;DAY DELIVERY','','','ZIPPO-LIGITER'),
	(1721,903,2,'PINS \'RESPECT\'','SET OF 6 PINS 37mm','SET OF 6 PINS 37mm','','','PINS-RESPECT-'),
	(1725,907,2,'ΓΙΩΡΓΟΣ','ΓΙΩΡΓΟΣ','ΓΙΩΡΓΟΣ','','','GΙΩRGOS'),
	(1726,908,2,'ΒΑΣΙΛΗΣ','ΒΑΣΙΛΗΣ','ΒΑΣΙΛΗΣ','','','ΒASΙLΗS'),
	(1727,909,2,'ΑΝΤΩΝΗΣ','ΑΝΤΩΝΗΣ','ΑΝΤΩΝΗΣ','','','AΝTΩΝΗS'),
	(1728,910,2,'ΓΙΑΝΝΗΣ','ΓΙΑΝΝΗΣ','ΓΙΑΝΝΗΣ','','','GΙAΝΝΗS'),
	(1729,911,2,'ΧΡΗΣΤΟΣ','ΧΡΗΣΤΟΣ','ΧΡΗΣΤΟΣ','','','CHRΗSTOS'),
	(1730,912,2,'ΑΝΑΣΤΑΣΗΣ','ΑΝΑΣΤΑΣΗΣ','ΑΝΑΣΤΑΣΗΣ','','','AΝASTASΗS'),
	(1731,913,2,'WALLET PANATHINAIKOS (BLACK)','WALLET PANATHINAIKOS (BLACK)','WALLET PANATHINAIKOS (BLACK)','','','WALLET-PANATIINAIKOS-BLACK'),
	(1732,914,2,'ΚΩΣΤΑΣ','ΚΩΣΤΑΣ','ΚΩΣΤΑΣ','','','KΩSTAS'),
	(1733,915,2,'ΘΑΝΑΣΗΣ','ΘΑΝΑΣΗΣ','ΘΑΝΑΣΗΣ','','','TIAΝASΗS'),
	(1734,916,2,'ΘΟΔΩΡΗΣ','ΘΟΔΩΡΗΣ','ΘΟΔΩΡΗΣ','','','TIODΩRΗS'),
	(1735,917,2,'ΔΗΜΗΤΡΗΣ','ΔΗΜΗΤΡΗΣ','ΔΗΜΗΤΡΗΣ','','','DΗMΗTRΗS'),
	(1736,918,2,'ΜΙΧΑΛΗΣ','ΜΙΧΑΛΗΣ','ΜΙΧΑΛΗΣ','','','MΙCHALΗS'),
	(1737,919,2,'ΑΝΔΡΕΑΣ','ΑΝΔΡΕΑΣ','ΑΝΔΡΕΑΣ','','','AΝDREAS'),
	(1738,920,2,'FRAME 3D DIAMANTIDIS','Dimensions: 25 x 35 cm','Dimensions: 25 x 35 cm','','','FRAME-3D-DIAMANTIDIS'),
	(1739,921,2,'ΝΙΚΟΣ','ΝΙΚΟΣ','ΝΙΚΟΣ','','','ΝΙKOS'),
	(1740,922,2,'ΒΑΓΓΕΛΗΣ','ΒΑΓΓΕΛΗΣ','ΒΑΓΓΕΛΗΣ','','','ΒAGGELΗS'),
	(1741,923,2,'ΜΑΝΩΛΗΣ','ΜΑΝΩΛΗΣ','ΜΑΝΩΛΗΣ','','','MAΝΩLΗS'),
	(1742,924,2,'ΠΑΝΓΙΩΤΗΣ','ΠΑΝΓΙΩΤΗΣ','ΠΑΝΓΙΩΤΗΣ','','','PAΝGΙΩTΗS'),
	(1743,925,2,'ΣΠΥΡΟΣ','ΣΠΥΡΟΣ','ΣΠΥΡΟΣ','','','SPΥROS'),
	(1744,926,2,'2 PACK LONG SLEEVE BABY BODYSUIT','2 PACK LONG SLEEVE BABY BODYSUIT','2 PACK LONG SLEEVE BABY BODYSUIT','','','2-PACK-LONG-SLEEVE-BABI-BODISUIT'),
	(1745,927,2,'FRAME 3D \"AND THE JOURNEY GOES ON\"','<div class=\"description\">.....and the journey goes on!<br />  On the&nbsp;mouse pad&nbsp;one can see the city monuments of each of the six cities we have conquered our trophies in.<br />  </div>  <br />  Dimensions: 25 x 35 cm','<div class=\"description\">.....and the journey goes on!<br />  On the&nbsp;mouse pad&nbsp;one can see the city monuments of each of the six cities we have conquered our trophies in.<br />  </div>  <br />  Dimensions: 25 x 35 cm','','','FRAME-3D-AND-TIE-JOURNEI-GOES-ON-'),
	(1746,928,2,'ΑΛΕΞΑΝΔΡΟΣ','ΑΛΕΞΑΝΔΡΟΣ','ΑΛΕΞΑΝΔΡΟΣ','','','ALEKSAΝDROS'),
	(1747,929,2,'FRAME 3D \"I LOVE MY TEAM\"','Dimensions: 25 x 35 cm','Dimensions: 25 x 35 cm','','','FRAME-3D-I-LOVE-MI-TEAM-'),
	(1748,930,2,'CUP PANATHINAIKOS','PANATHINAIKOS CUP WITH THE NAME OF YOUR CHOICE','PANATHINAIKOS CUP WITH THE NAME OF YOUR CHOICE','','','CUP-PANATIINAIKOS'),
	(1749,931,2,'FOOTED BABY SUIT','FOOTED BABY SUIT','FOOTED BABY SUIT','','','FOOTED-BABI-SUIT'),
	(1750,932,2,'WALL CLOCK EUROPEAN CITIES','<p>&nbsp;GLASS WALL CLOCK EUROPEAN CITIES</p>','<p>&nbsp;GLASS WALL CLOCK EUROPEAN CITIES</p>','','','WALL-CLOCK-EUROPEAN-CITIES'),
	(1751,933,2,'ALARM CLOCK PANATHINAIKOS','SMALL ALARM CLOCK PANATHINAIKOS','SMALL ALARM CLOCK PANATHINAIKOS','','','ALARM-CLOCK-PANATIINAIKOS'),
	(1753,935,2,'MAGNET \'CAPTAIN\'','SET OF 6 MAGNETS (37mm each)<br />  6 UNIQUE DESIGNS','SET OF 6 MAGNETS (37mm each)<br />  6 UNIQUE DESIGNS','','','MAGNET-CAPTAIN-'),
	(1754,936,2,'ASHTRAY AND LIGHTER PANATHINAIKOS','A UNIQUE GIFT!<br />  ASHTRAY AND LIGTHER WITH PANATHINAIKOS LOGO!','A UNIQUE GIFT!<br />  ASHTRAY AND LIGTHER WITH PANATHINAIKOS LOGO!','','','ASITRAI-AND-LIGITER-PANATIINAIKOS'),
	(1755,937,2,'CERAMIC MONEY DROP WITH CLOVER','GREEN CERAMIC MONEY DROP WITH CLOVER','GREEN CERAMIC MONEY DROP WITH CLOVER','','','CERAMIC-MONEI-DROP-WITI-CLOVER'),
	(1756,938,2,'KAPONO','KAPONO','KAPONO','','','KAPONO'),
	(1757,939,2,'BANKS','BANKS','BANKS','','','BANKS'),
	(1758,940,2,'OFFICIAL BASKETBALL JERSEY 2006-2007 FOR BABIES (GREEN)','OFFICIAL BASKETBALL JERSEY 2006-2007 FOR BABIES (GREEN)','OFFICIAL BASKETBALL JERSEY 2006-2007 FOR BABIES (GREEN)','','','OFFICIAL-BASKETBALL-JERSEI-2006-2007-FOR-BABIES-GREEN'),
	(1759,941,2,'OFFICIAL BASKETBALL JERSEY 2006-2007 (GREEN)','OFFICIAL BASKETBALL JERSEY 2006-2007 (GREEN)','OFFICIAL BASKETBALL JERSEY 2006-2007 (GREEN)','','','OFFICIAL-BASKETBALL-JERSEI-2006-2007-GREEN'),
	(1760,942,2,'OFFICIAL BASKETBALL JERSEY 2008-2009 FOR BABIES (GREEN)','OFFICIAL BASKETBALL JERSEY 2008-2009 FOR BABIES (GREEN)','OFFICIAL BASKETBALL JERSEY 2008-2009 FOR BABIES (GREEN)','','','OFFICIAL-BASKETBALL-JERSEI-2008-2009-FOR-BABIES-GREEN'),
	(1761,943,2,'AUTHENTIC BASKETBALL JERSEY 2012-13 (GREEN)','<p>AUTHENTIC 6 STARS BASKETBALL JERSEY 2012-13<br /> Color: green</p>\r\n<p>Panathinaikos becomes the first Greek Team to wear the most technically advanced Jersey, the NBA Revolution 30. This Jersey is the outcome of a 4 year research</p>','<p>AUTHENTIC 6 STARS BASKETBALL JERSEY 2012-13<br /> Color: green</p>\r\n<p>Panathinaikos becomes the first Greek Team to wear the most technically advanced Jersey, the NBA Revolution 30. This Jersey is the outcome of a 4 year research</p>','','','AUTIENTIC-BASKETBALL-JERSEI-2012-13-GREEN'),
	(1762,944,2,'AUTHENTIC BASKETBALL JERSEY 2012-13 (BLACK)','<p>AUTHENTIC&nbsp;6 STARS BASKETBALL JERSEY 2012-13<br />  Color: black</p>  <p>Panathinaikos becomes the first Greek Team to wear the most technically advanced Jersey, the NBA Revolution 30. This Jersey is the outcome of a 4 year research with all 30 NBA','<p>AUTHENTIC&nbsp;6 STARS BASKETBALL JERSEY 2012-13<br />  Color: black</p>  <p>Panathinaikos becomes the first Greek Team to wear the most technically advanced Jersey, the NBA Revolution 30. This Jersey is the outcome of a 4 year research with all 30 NBA','','','AUTIENTIC-BASKETBALL-JERSEI-2012-13-BLACK'),
	(1763,945,2,'AUTHENTIC BASKETBALL JERSEY 2012-13 (WHITE)','<p>AUTHENTIC&nbsp;6 STARS BASKETBALL JERSEY 2012-13<br />  Color: white</p>  <p>Panathinaikos becomes the first Greek Team to wear the most technically advanced Jersey, the NBA Revolution 30. This Jersey is the outcome of a 4 year research with all 30 NBA','<p>AUTHENTIC&nbsp;6 STARS BASKETBALL JERSEY 2012-13<br />  Color: white</p>  <p>Panathinaikos becomes the first Greek Team to wear the most technically advanced Jersey, the NBA Revolution 30. This Jersey is the outcome of a 4 year research with all 30 NBA','','','AUTIENTIC-BASKETBALL-JERSEI-2012-13-WIITE'),
	(1764,946,2,'T-SHIRT ADIDAS GREEK CUP CHAMPION OF 2013','T-SHIRT ADIDAS GREEK CUP CHAMPION OF 2013','T-SHIRT ADIDAS GREEK CUP CHAMPION OF 2013','','','T-SIIRT-ADIDAS-GREEK-CUP-CIAMPION-OF-2013'),
	(1765,947,2,'T-SHIRT GREEK CUP CHAMPION OF 2013','T-SHIRT GREEK CUP CHAMPION OF 2013','T-SHIRT GREEK CUP CHAMPION OF 2013','','','T-SIIRT-GREEK-CUP-CIAMPION-OF-2013'),
	(1766,948,2,'OFFICIAL BASKETBALL JERSEY 2006-2007 (WHITE)','OFFICIAL BASKETBALL JERSEY 2006-2007 (WHITE)','OFFICIAL BASKETBALL JERSEY 2006-2007 (WHITE)','','','OFFICIAL-BASKETBALL-JERSEI-2006-2007-WIITE'),
	(1767,949,2,'CUP \"AND THE JOURNEY GOES ON\"','CUP \"AND THE JOURNEY GOES ON\"','CUP \"AND THE JOURNEY GOES ON\"','','','CUP-AND-TIE-JOURNEI-GOES-ON-'),
	(1768,950,2,'SCARF WITH STRIPES MY PRIDE','SCARF WITH STRIPES MY PRIDE','SCARF WITH STRIPES MY PRIDE','','','SCARF-WITI-STRIPES-MI-PRIDE'),
	(1769,951,2,'PENNANT \"AND THE JOURNEY GOES ON\"','.....and the journey goes on!<br />  <br />  In the&nbsp;front of the pennant you can see the city monuments of each of the six cities we have conquered our trophies in.<br />  At the back of it there is the listing of the cities and the score of the fina','.....and the journey goes on!<br />  <br />  In the&nbsp;front of the pennant you can see the city monuments of each of the six cities we have conquered our trophies in.<br />  At the back of it there is the listing of the cities and the score of the fina','','','PENNANT-AND-TIE-JOURNEI-GOES-ON-'),
	(1771,953,2,'GIST','GIST','GIST','','','GIST'),
	(1772,954,2,'SLEEVELESS BABY SUIT \"DIAMANTIDIS\"','I am a little Diamantidis','I am a little Diamantidis','','','SLEEVELESS-BABI-SUIT-DIAMANTIDIS-'),
	(1773,955,2,'BABY PACK','It consists of: 1 cotton baby bib, 1 little towel and 1 waterproof changing pad liners','It consists of: 1 cotton baby bib, 1 little towel and 1 waterproof changing pad liners','','','BABI-PACK'),
	(1774,956,2,'BABY BATHROBE','One special baby bathrobe! It is made of 100% cotton. <br />  One the right side there is an embroidery with a baby theme!','One special baby bathrobe! It is made of 100% cotton. <br />  One the right side there is an embroidery with a baby theme!','','','BABI-BATIROBE'),
	(1775,957,2,'BABY SHEETS','<div class=\"description\">Includes 3 pieces: two sheets for the bed and one pillow case.<br />  <br />  Fabric: 100% Cotton </div>','<div class=\"description\">Includes 3 pieces: two sheets for the bed and one pillow case.<br />  <br />  Fabric: 100% Cotton </div>','','','BABI-SIEETS'),
	(1776,958,2,'SHORT SLEEVE BABY SUIT \"LITTLE STAR\"','PANATHINAIKOS LITTLE STAR','PANATHINAIKOS LITTLE STAR','','','SIORT-SLEEVE-BABI-SUIT-LITTLE-STAR-'),
	(1777,959,2,'SHORT SLEEVE BABY SUIT \"BIG LOVE\"','<p>\"Daddy\'s &amp; Mine Big Love\"</p>','<p>\"Daddy\'s &amp; Mine Big Love\"</p>','','','SIORT-SLEEVE-BABI-SUIT-BIG-LOVE-'),
	(1778,960,2,'COTTON BABY BIB','COTTON BABY BIB','COTTON BABY BIB','','','COTTON-BABI-BIB'),
	(1779,961,2,'PIQUE BLANKET FOR BABIES','Dimensions: 1,00 x 1,60 cm','Dimensions: 1,00 x 1,60 cm','','','PIQUE-BLANKET-FOR-BABIES'),
	(1780,962,2,'T-SHIRT EUROPEAN CHAMPION 2011 (BLACK)','Collective tee. <br />  Celebrates the conquest of the 6th European Trophy in 2011.<br />  Color: Black','Collective tee. <br />  Celebrates the conquest of the 6th European Trophy in 2011.<br />  Color: Black','','','T-SIIRT-EUROPEAN-CIAMPION-2011-BLACK'),
	(1781,92,3,'MUÑECO CABEZÓN VRANKOVIC','Muñeco cabezón \"Stojan Vrankovic\"','Muñeco cabezón \"Stojan Vrankovic\"','','','bobblehead-vrankovic'),
	(1782,100,3,'MUÑECO CABEZÓN REBRACA','Muñeco cabezón \"Zeljko Rebraca\"','Muñeco cabezón \"Zeljko Rebraca\"','','','bobblehead-rebraca'),
	(1783,103,3,'MUÑECO CABEZÓN SCOTT','Muñeco cabezón \"Byron Scott\"','Muñeco cabezón \"Byron Scott\"','','','bobblehead-scott'),
	(1784,108,3,'MUÑECO CABEZÓN KUTLUAY','Muñeco cabezón \"Ibrahem Kutluay\"','Muñeco cabezón \"Ibrahem Kutluay\"','','','bobblehead-kutluay'),
	(1785,110,3,'TROFEO EUROLIGA BOLOGNA 2002','TROFEO EUROLIGA BOLOGNA 2002','TROFEO EUROLIGA BOLOGNA 2002','','','euroleague-trophy-bolognia-2002'),
	(1786,111,3,'TROFEO EUROLIGA PARIS 1996','TROFEO EUROLIGA PARIS 1996','<span style=\"background-color: #dee0e5;\">TROFEO EUROLIGA PARIS 1996</span>','','','euroleague-trophy-paris-1996'),
	(1787,112,3,'TROFEO EUROLIGA SALÓNICA 2000','TROFEO EUROLIGA SALÓNICA 2000','TROFEO EUROLIGA SALÓNICA 2000','','','euroleague-trophy-thessaloniki-2000'),
	(1788,118,3,'CAMISETA POLO CLOVER (BLANCA)','Camiseta polo blanca con trébol','Camiseta polo blanca con trébol','','','polo-clover-white'),
	(1789,120,3,'GORRA','Gorra verde con trébol','Gorra verde con trébol','','','cap'),
	(1790,143,3,'RELOJ BALÓN DE BALONCESTO','RELOJ BALONCESTO EDICIóN LIMITADA  Reloj de mesa digital','RELOJ BALONCESTO EDICIóN LIMITADA<br />  Reloj de mesa digital','','','basket-ball-clock'),
	(1791,153,3,'LLAVERO \"PANATHINAIKOS 1908\"','LLAVERO \"PANATHINAIKOS 1908\"','LLAVERO \"PANATHINAIKOS 1908\"','','','key-ring-panathinaikos-1908'),
	(1792,157,3,'ABREBOTELLAS \"PANATHINAIKOS 1908\"','ABREBOTELLAS \"PANATHINAIKOS 1908\"  Con imán en la parte posterior','ABREBOTELLAS \"PANATHINAIKOS 1908\"<br />  Con imán en la parte posterior','','','bottle-opener-panathinaikos-1908'),
	(1793,158,3,'KOMBOLÓI \"PANATHINAIKOS 1908\"','Kombolói con cuentas acrílicas  Color: blanco','Kombolói con cuentas acrílicas<br />  Color: blanco','','','worry-bead-panathinaikos-1908'),
	(1794,164,3,'ZIPPO \"PANATHINAIKOS B.C.\"','Artículo para coleccionista con balón de 3 estrellas','Artículo para coleccionista con balón de 3 estrellas','','','zippo-panathinaikos-b-c'),
	(1795,166,3,'CAMISA \"PANATHINAIKOS\" BLANCA','CAMISA \"PANATHINAIKOS\"  Color: blanco','CAMISA \"PANATHINAIKOS\"<br />  Color: blanco','','','shirt-panathinaikos-white'),
	(1796,167,3,'TAZA TERMO','PANATHINAIKOS','PANATHINAIKOS','','','thermo-cup'),
	(1797,172,3,'GLOBOS \"PANATHINAIKOS\" BLANCOS','GLOBOS «PANATHINAIKOS» BLANCOS  Los globos de Panathinaikos para fiestas y todo tipo de celebraciones. 10 piezas por paquete.','GLOBOS «PANATHINAIKOS» BLANCOS<br />  Los globos de Panathinaikos para fiestas y todo tipo de celebraciones. 10 piezas por paquete.','','','balloons-panathinaikos-white'),
	(1798,174,3,'GLORY DAYS','Los años dorados de Panathinaikos 1992-2007, en griego.','Los años dorados de Panathinaikos 1992-2007, en griego.','','','glory-days'),
	(1799,182,3,'CAMISETA JUNIOR \"DAMAN\"','Para niños de 1-10 años de edad.','Para niños de 1-10 años de edad.','','','jounior-t-shirt-daman'),
	(1800,184,3,'CAMISETA PANATHINAIKOS GOLD LETTERS','Camiseta negra con letras de oro.','Camiseta negra con letras de oro.','','','t-shirt-panathinaikos-gold-letters'),
	(1801,185,3,'BOLSA MARINERA \"PANATHINAIKOS\"','BOLSA MARINERA \"PANATHINAIKOS\"','BOLSA MARINERA \"PANATHINAIKOS\"','','','sailor-bagpanathinaikos'),
	(1802,186,3,'ENFRIADOR \"PANATHINAIKOS\"','ENFRIADOR \"PANATHINAIKOS\"','ENFRIADOR \"PANATHINAIKOS\"','','','cooler-panathinaikos'),
	(1803,188,3,'ESTUCHE PARA CD \"PANATHINAIKOS B.C.\"','ESTUCHE PARA CD \"PANATHINAIKOS B.C.\"','ESTUCHE PARA CD \"PANATHINAIKOS B.C.\"','','','cd-case-panathinaikos-b-c'),
	(1804,192,3,'TROFEO EUROLIGA ATHENS 2007','TROFEO EUROLIGA ATHENS 2007','TROFEO EUROLIGA ATHENS 2007','','','euroleague-trophy-athens-2007'),
	(1805,193,3,'BOXER \"PANATHINAIKOS\"','BOXER \"PANATHINAIKOS\"','BOXER \"PANATHINAIKOS\"','','','boxer-panathinaikos'),
	(1806,194,3,'BLOC DE NOTAS \"PANATHINAIKOS\"','BLOC DE NOTAS \"PANATHINAIKOS\"','BLOC DE NOTAS \"PANATHINAIKOS\"','','','memo-pad-panathinaikos'),
	(1807,196,3,'DISPOSITIVO USB (1GB) PANATHINAIKOS','DISPOSITIVO USB (1GB) PANATHINAIKOS','DISPOSITIVO USB (1GB) PANATHINAIKOS','','','usb-1gb-panathinaikos'),
	(1808,203,3,'CAMISETA JUNIOR \"PANATHINAIKOS BC\"','CAMISETA JUNIOR \"PANATHINAIKOS BC\"','CAMISETA JUNIOR \"PANATHINAIKOS BC\"','','','jounior-t-shirt-panathinaikos-bc'),
	(1809,204,3,'CHAQUETA PARA DAMA \"PANATHINAIKOS BC\" (BLANCA)','CHAQUETA PARA DAMA \"PANATHINAIKOS BC\" (BLANCA)','CHAQUETA PARA DAMA \"PANATHINAIKOS BC\" (BLANCA)','','','womans-jacket-panathinaikos-bc-white'),
	(1810,219,3,'BANDERA \"PANATHINAIKOS\"','BANDERA \"PANATHINAIKOS\"','BANDERA \"PANATHINAIKOS\"','','','flag-panathinaikos'),
	(1811,222,3,'RIÑONERA \"PANATHINAIKOS\"','RIÑONERA \"PANATHINAIKOS\"','RIÑONERA \"PANATHINAIKOS\"','','','waist-bag-panathinaikos'),
	(1812,223,3,'TAZA TERMO \"100 YEARS\"','TAZA TERMO \"100 YEARS\"','TAZA TERMO \"100 YEARS\"','','','thermo-cup-100-years'),
	(1813,224,3,'LLAVERO \"100 YEARS\"','LLAVERO \"100 YEARS\"','LLAVERO \"100 YEARS\"','','','keyring-100-years'),
	(1814,230,3,'ENCENDEDOR \"PANATHINAIKOS B.C.\"','ENCENDEDOR \"PANATHINAIKOS B.C.\"','ENCENDEDOR \"PANATHINAIKOS B.C.\"','','','lighter-panathinaikos-b-c'),
	(1815,231,3,'ENCENDEDOR \"TROPHY COLLECTOR\"','ENCENDEDOR \"TROPHY COLLECTOR\"','ENCENDEDOR \"TROPHY COLLECTOR\"','','','lighter-trophy-collector'),
	(1816,232,3,'ENCENDEDOR \"DAMAN\"','ENCENDEDOR \"DAMAN\"','ENCENDEDOR \"DAMAN\"','','','lighter-daman'),
	(1817,234,3,'ENCENDEDOR \"EUROPEAN CHAMPION\"','ENCENDEDOR \"EUROPEAN CHAMPION\"','ENCENDEDOR \"EUROPEAN CHAMPION\"','','','lighter-european-champion'),
	(1818,235,3,'ENCENDEDOR \"COMET\"','ENCENDEDOR \"COMET\"','ENCENDEDOR \"COMET\"','','','lighter-comet'),
	(1819,236,3,'ENCENDEDOR \"PANATHINAIKOS B.C.\"','ENCENDEDOR \"PANATHINAIKOS B.C.\"','ENCENDEDOR \"PANATHINAIKOS B.C.\"','','','lighter-panathinaikos-b-c'),
	(1820,240,3,'GEMELOS CHAPADOS EN PLATA \"PANATHINAIKOS\"','GEMELOS CHAPADOS EN PLATA \"PANATHINAIKOS\"','GEMELOS CHAPADOS EN PLATA \"PANATHINAIKOS\"','','','silver-plated-cuff-links-panathinaikos'),
	(1821,242,3,'PIN CHAPADO EN PLATA (925) \"PANATHINAIKOS\"','PIN CHAPADO EN PLATA (925) \"PANATHINAIKOS\"','PIN CHAPADO EN PLATA (925) \"PANATHINAIKOS\"','','','silver-plated-925-pin-panathinaikos'),
	(1822,245,3,'LLAVERO \" ALVERTIS\"','LLAVERO \" ALVERTIS\"','LLAVERO \" ALVERTIS\"','','','keyring-alvertis'),
	(1823,246,3,'LLAVERO CON LED \"PANATHINAIKOS\"','LLAVERO CON LED \"PANATHINAIKOS\"','LLAVERO CON LED \"PANATHINAIKOS\"','','','keyring-with-led-panathinaikos'),
	(1824,252,3,'MALETAS \"PANATHINAIKOS\"','MALETAS \"PANATHINAIKOS\"','MALETAS \"PANATHINAIKOS\"','','','luggage-panathinaikos'),
	(1825,254,3,'CAMISETA RETRO \"PANATHINAIKOS\"','CAMISETA RETRO \"PANATHINAIKOS\"','CAMISETA RETRO \"PANATHINAIKOS\"','','','t-shirt-retro-panathinaikos'),
	(1826,258,3,'BANDERA \"PANATHINAIKOS B.C.\"','BANDERA \"PANATHINAIKOS B.C.\"','BANDERA \"PANATHINAIKOS B.C.\"','','','flag-panathinaikos-b-c'),
	(1827,259,3,'BANDERA \"100 YEARS\"','BANDERA \"100 YEARS\"','BANDERA \"100 YEARS\"','','','flag-100-years'),
	(1828,266,3,'CHAQUETA PARA NIÑOS \"PANATHINAIKOS\"','CHAQUETA PARA NIÑOS \"PANATHINAIKOS\"','CHAQUETA PARA NIÑOS \"PANATHINAIKOS\"','','','junior-jacket-panathinaikos'),
	(1829,268,3,'CHAQUETA PARA DAMA \"PANATHINAIKOS B.C.\" VERDE','CHAQUETA PARA DAMA \"PANATHINAIKOS B.C.\" VERDE','CHAQUETA PARA DAMA \"PANATHINAIKOS B.C.\" VERDE','','','womans-jacket-panathinaikos-b-c-green'),
	(1830,269,3,'PIN \"PANATHINAIKOS B.C.\"','PIN \"PANATHINAIKOS B.C.\"','PIN \"PANATHINAIKOS B.C.\"','','','pin-panathinaikos-b-c'),
	(1831,270,3,'PIN COPA \"PARIS 1996\"','PIN COPA \"PARIS 1996\"','PIN COPA \"PARIS 1996\"','','','pin-cup-paris-1996'),
	(1832,271,3,'PIN COPA \"THESSALONIKI 2000\"','PIN COPA \"THESSALONIKI 2000\"','PIN COPA \"THESSALONIKI 2000\"','','','pin-cup-thessaloniki-2000'),
	(1833,272,3,'PIN COPA \"ATENAS 2007\"','PIN COPA \"ATENAS 2007\"','PIN COPA \"ATENAS 2007\"','','','pin-cup-athens-2007'),
	(1834,276,3,'PIN \"PANATHINAIKOS\"','PIN \"PANATHINAIKOS\"','PIN \"PANATHINAIKOS\"','','','pin-panathinaikos'),
	(1835,279,3,'BANDA ELÁSTICA \"PANATHINAIKOS\"','BANDA ELÁSTICA \"PANATHINAIKOS\"','BANDA ELÁSTICA \"PANATHINAIKOS\"','','','headband-panathinaikos'),
	(1836,280,3,'BANDA ELÁSTICA \"PANATHINAIKOS\"','BANDA ELÁSTICA \"PANATHINAIKOS\"','BANDA ELÁSTICA \"PANATHINAIKOS\"','','','headband-panathinaikos'),
	(1837,281,3,'BANDA ELÁSTICA \"PANATHINAIKOS\"','BANDA ELÁSTICA \"PANATHINAIKOS\"','BANDA ELÁSTICA \"PANATHINAIKOS\"','','','headband-panathinaikos'),
	(1838,285,3,'PIN 2002 COPA BOLOGNA','PIN 2002 COPA BOLOGNA','PIN 2002 COPA BOLOGNA','','','pin-2002-bologna-cup'),
	(1839,287,3,'PANTALONES CORTOS PARA MUJER \"PANATHINAIKOS\"','PANTALONES CORTOS PARA MUJER \"PANATHINAIKOS\"','PANTALONES CORTOS PARA MUJER \"PANATHINAIKOS\"','','','womans-shorts-panathinaikos'),
	(1840,288,3,'AGENDA \"PANATHINAIKOS B.C.\"','AGENDA \"PANATHINAIKOS B.C.\"','AGENDA \"PANATHINAIKOS B.C.\"','','','organiser-panathinaikos-b-c'),
	(1841,289,3,'PANTALONES PARA MUJER \"PANATHINAIKOS\" (VERDES)','PANTALONES PARA MUJER \"PANATHINAIKOS\" (VERDES)','PANTALONES PARA MUJER \"PANATHINAIKOS\" (VERDES)','','','womans-pants-panathinaikos-green'),
	(1842,293,3,'PANTALONES PARA MUJER \"PANATHINAIKOS\" NEGROS','PANTALONES PARA MUJER \"PANATHINAIKOS\" NEGROS','PANTALONES PARA MUJER \"PANATHINAIKOS\" NEGROS','','','womans-pants-panathinaikos-black'),
	(1843,295,3,'TOP PARA MUJER PANATHINAIKOS','TOP PARA MUJER PANATHINAIKOS','TOP PARA MUJER PANATHINAIKOS','','','panathinaikos-women-top'),
	(1844,299,3,'CAMISETA PARA NIÑO \"PANATHINAIKOS\"','CAMISETA PARA NIÑO \"PANATHINAIKOS\"','CAMISETA PARA NIÑO \"PANATHINAIKOS\"','','','junior-t-shirt-panathinaikos'),
	(1845,300,3,'CAMISETA INTERIOR PARA NIÑOS \"PANATHINAIKOS\"','CAMISETA INTERIOR PARA NIÑOS \"PANATHINAIKOS\"','CAMISETA INTERIOR PARA NIÑOS \"PANATHINAIKOS\"','','','junior-undershirt-panathinaikos'),
	(1846,301,3,'BOXER PARA NIÑO \"PANATHINAIKOS\"','BOXER PARA NIÑO \"PANATHINAIKOS\"','BOXER PARA NIÑO \"PANATHINAIKOS\"','','','junior-boxer-panathinaikos'),
	(1847,304,3,'LEOTARDO SIN MANGAS \"PANATHINAIKOS\"','LEOTARDO SIN MANGAS \"PANATHINAIKOS\"','LEOTARDO SIN MANGAS \"PANATHINAIKOS\"','','','w-o-sleeve-bodysuit-panathinaikos'),
	(1848,305,3,'LEOTARDO DE MANGAS CORTAS \"PANATHINAIKOS\"','LEOTARDO DE MANGAS CORTAS \"PANATHINAIKOS\"','LEOTARDO DE MANGAS CORTAS \"PANATHINAIKOS\"','','','short-sleeve-bodysuit-panathinaikos'),
	(1849,307,3,'BOXER PARA NIÑO \"BASKET\"','BOXER PARA NIÑO \"BASKET\"','BOXER PARA NIÑO \"BASKET\"','','','junior-boxer-basket'),
	(1850,323,3,'JUEGO \"MY FIRST PANATHINAIKOS T-SHIRT\"','JUEGO \"MY FIRST PANATHINAIKOS T-SHIRT\"','JUEGO \"MY FIRST PANATHINAIKOS T-SHIRT\"','','','set-my-first-panathinaikos-t-shirt'),
	(1851,324,3,'JUEGO \"PANATHINAIKOS\"','JUEGO \"PANATHINAIKOS\"','JUEGO \"PANATHINAIKOS\"','','','set-panathinaikos'),
	(1852,325,3,'CAMISETA POLO \"PANATHINAIKOS\"','CAMISETA POLO \"PANATHINAIKOS\"','CAMISETA POLO \"PANATHINAIKOS\"','','','polo-panathinaikos'),
	(1853,326,3,'PIJAMAS PARA NIÑO \"PANATHINAIKOS\"','PIJAMAS PARA NIÑO \"PANATHINAIKOS\"','PIJAMAS PARA NIÑO \"PANATHINAIKOS\"','','','jounior-pyjamas-panathinaikos'),
	(1854,329,3,'JERSEY CENTENARY','JERSEY CENTENARY','JERSEY CENTENARY','','','centenary-jersey'),
	(1855,336,3,'JUEGO DE ETIQUETAS AUTOADHESIVAS','JUEGO DE ETIQUETAS AUTOADHESIVAS','JUEGO DE ETIQUETAS AUTOADHESIVAS','','','sticker-labels-sets'),
	(1856,358,3,'PANTALONES DE ENTRENAMIENTO VERDES PANATHINAIKOS','PANTALONES DE ENTRENAMIENTO VERDES PANATHINAIKOS','PANTALONES DE ENTRENAMIENTO VERDES PANATHINAIKOS','','','green-training-pants-panathinaikos'),
	(1857,359,3,'PANTALONES DE ENTRENAMIENTO NEGROS PANATHINAIKOS','PANTALONES DE ENTRENAMIENTO NEGROS PANATHINAIKOS','PANTALONES DE ENTRENAMIENTO NEGROS PANATHINAIKOS','','','black-training-pants-panathinaikos'),
	(1858,364,3,'JERSEY OFICIAL DE VOLEIBOL 2008-2009 (VERDE)','JERSEY OFICIAL DE VOLEIBOL 2008-2009 (VERDE)','JERSEY OFICIAL DE VOLEIBOL 2008-2009 (VERDE)','','','official-volleyball-jersey-2008-2009-green'),
	(1859,368,3,'CHAQUETA \"PANATHINAIKOS 1908\"','CHAQUETA \"PANATHINAIKOS 1908\"','CHAQUETA \"PANATHINAIKOS 1908\"','','','jacket-panathinaikos-1908'),
	(1860,369,3,'CHAQUETA PARA NIÑO \"PANATHINAIKOS B.C.\"','CHAQUETA PARA NIÑO \"PANATHINAIKOS B.C.\"','CHAQUETA PARA NIÑO \"PANATHINAIKOS B.C.\"','','','junior-jacket-panathinaikos-b-c'),
	(1861,370,3,'BOXER VERDE PARA NIÑO \"PANATHINAIKOS\"','BOXER VERDE PARA NIÑO \"PANATHINAIKOS\"','BOXER VERDE PARA NIÑO \"PANATHINAIKOS\"','','','green-junior-boxer-panathinaikos'),
	(1862,372,3,'CAMISETA DE MANGA LARGA \"PANATHINAIKOS\"','CAMISETA DE MANGA LARGA \"PANATHINAIKOS\"','CAMISETA DE MANGA LARGA \"PANATHINAIKOS\"','','','long-sleeved-t-shirt-panathinaikos'),
	(1863,383,3,'JERSEY OFICIAL DE BALONCESTO PARA NIÑOS 2008-09 (VERDE)','JERSEY OFICIAL DE BALONCESTO PARA NIÑOS 2008-09 (VERDE)','JERSEY OFICIAL DE BALONCESTO PARA NIÑOS 2008-09 (VERDE)','','','official-basketball-junior-jersey-2008-09-green'),
	(1864,384,3,'JERSEY OFICIAL DE BALONCESTO PARA NIÑOS 2008-09 (BLANCO)','JERSEY OFICIAL DE BALONCESTO PARA NIÑOS 2008-09 (BLANCO)','JERSEY OFICIAL DE BALONCESTO PARA NIÑOS 2008-09 (BLANCO)','','','official-basketball-junior-jersey-2008-09-white'),
	(1865,393,3,'JERSEY OFICIAL DE VOLEIBOL 2008-2009 (BLANCO)','JERSEY OFICIAL DE VOLEIBOL 2008-2009 (BLANCO)','JERSEY OFICIAL DE VOLEIBOL 2008-2009 (BLANCO)','','','official-volleyball-jersey-2008-2009-white'),
	(1866,394,3,'CAMISETA \"PANATHINAIKOS\"','CAMISETA \"PANATHINAIKOS\"','CAMISETA \"PANATHINAIKOS\"','','','t-shirt-panathinaikos'),
	(1867,399,3,'CENICERO','CENICERO','CENICERO','','','ashtray'),
	(1868,403,3,'ALMOHADA \"PANATHINAIKOS\"','ALMOHADA \"PANATHINAIKOS\"','ALMOHADA \"PANATHINAIKOS\"','','','pillow-panathinaikos'),
	(1869,404,3,'PERCHERO \"PANATHINAIKOS\"','PERCHERO \"PANATHINAIKOS\"','PERCHERO \"PANATHINAIKOS\"','','','hanger-panathinaikos'),
	(1870,405,3,'INDIVIDUALES \"PANATHINAIKOS\"','INDIVIDUALES \"PANATHINAIKOS\"','INDIVIDUALES \"PANATHINAIKOS\"','','','placemat-panathinaikos'),
	(1871,407,3,'PORTARRETRATOS \"PANATHINAIKOS TEMPORADA 2008-2009\"','PORTARRETRATOS \"PANATHINAIKOS TEMPORADA 2008-2009\"','PORTARRETRATOS \"PANATHINAIKOS TEMPORADA 2008-2009\"','','','frame-panathinaikos-season-2008-2009'),
	(1872,415,3,'CAMISETA EUROPEAN CHAMPION 2009','CAMISETA EUROPEAN CHAMPION 2009','CAMISETA EUROPEAN CHAMPION 2009','','','t-shirt-european-champion-2009'),
	(1873,416,3,'CAMISETA PARA NIÑOS EUROPEAN CHAMPION 2009','CAMISETA PARA NIÑOS EUROPEAN CHAMPION 2009','CAMISETA PARA NIÑOS EUROPEAN CHAMPION 2009','','','t-shirt-european-champion-2009-for-children'),
	(1874,418,3,'PELELE PIQUÉ DE MANGAS CORTAS CON LOGO DE PAO','PELELE PIQUÉ DE MANGAS CORTAS CON LOGO DE PAO','PELELE PIQUÉ DE MANGAS CORTAS CON LOGO DE PAO','','','pique-short-sleeved-crawler-with-pao-sign'),
	(1875,419,3,'PELELE DE ALGODÓN DE MANGAS CORTAS CON LOGO DE PAO','PELELE DE ALGODÓN DE MANGAS CORTAS CON LOGO DE PAO','PELELE DE ALGODÓN DE MANGAS CORTAS CON LOGO DE PAO','','','cotton-crawler-with-short-sleeves-and-pao-sign'),
	(1876,423,3,'PIJAMAS PARA NIÑO PAO 14-16','PIJAMAS PARA NIÑO PAO 14-16','PIJAMAS PARA NIÑO PAO 14-16','','','junior-pajamas-pao-14-16'),
	(1877,424,3,'BANDERÍN GRANDE EUROPEAN CHAMPION 2009','BANDERÍN GRANDE EUROPEAN CHAMPION 2009','BANDERÍN GRANDE EUROPEAN CHAMPION 2009','','','pennant-european-champion-2009-large'),
	(1878,425,3,'BANDERÍN PEQUEÑO EUROPEAN CHAMPION 2009','BANDERÍN PEQUEÑO EUROPEAN CHAMPION 2009','BANDERÍN PEQUEÑO EUROPEAN CHAMPION 2009','','','pennant-european-champion-2009-small'),
	(1879,426,3,'CAMISETA TRIPLE CROWN 2009','CAMISETA TRIPLE CROWN 2009','CAMISETA TRIPLE CROWN 2009','','','t-shirt-triple-crown-2009'),
	(1880,429,3,'TOP PARA MUJER CON ESTAMPADO PANATHINAIKOS','TOP PARA MUJER CON ESTAMPADO PANATHINAIKOS','TOP PARA MUJER CON ESTAMPADO PANATHINAIKOS','','','womens-top-with-panathinaikos-print'),
	(1881,432,3,'CAMISETA PAO TRIBAL','CAMISETA PAO TRIBAL','CAMISETA PAO TRIBAL','','','t-shirt-pao-tribal'),
	(1882,438,3,'CAMISETA PANATHINAIKOS 1908','CAMISETA PANATHINAIKOS 1908','CAMISETA PANATHINAIKOS 1908','','','t-shirt-panathinaikos-1908'),
	(1883,439,3,'CAMISETA PANATHINAIKOS 1908','CAMISETA PANATHINAIKOS 1908','CAMISETA PANATHINAIKOS 1908','','','t-shirt-panathinaikos-1908'),
	(1884,440,3,'CAMISETA BARCODE PANATHINAIKOS','CAMISETA BARCODE PANATHINAIKOS','CAMISETA BARCODE PANATHINAIKOS','','','t-shirt-barcode-panathinaikos'),
	(1885,441,3,'CAMISETA PANATHINAIKOS SINCE 1908','CAMISETA PANATHINAIKOS SINCE 1908','CAMISETA PANATHINAIKOS SINCE 1908','','','t-shirt-panathinaikos-since-1908'),
	(1886,442,3,'CAMISETA MUJER \"MISS GREEN\" (NEGRA)','CAMISETA MUJER \"MISS GREEN\" (NEGRA)','CAMISETA MUJER \"MISS GREEN\" (NEGRA)','','','womens-t-shirt-miss-green-black'),
	(1887,443,3,'2 PARES DE CALCETINES PAO','2 PARES DE CALCETINES PAO','2 PARES DE CALCETINES PAO','','','2-pair-of-socks-pao'),
	(1888,444,3,'CAMISETA BARCODE CLOVER','CAMISETA BARCODE CLOVER','CAMISETA BARCODE CLOVER','','','t-shirt-barcode-clover'),
	(1889,446,3,'TROFEO EUROLEAGUE BERLIN 2009','TROFEO EUROLEAGUE BERLIN 2009','TROFEO EUROLEAGUE BERLIN 2009','','','euroleague-trophy-berlin-2009'),
	(1890,447,3,'TAZA EN BAJORRELIEVE CON DISEÑO DE MOSAICO','TAZA EN BAJORRELIEVE CON DISEÑO DE MOSAICO','TAZA EN BAJORRELIEVE CON DISEÑO DE MOSAICO','','','relief-cup-with-mosaic-pattern'),
	(1891,448,3,'LIBRO DE EJERCICIOS A5 CON CUBIERTA PAO','LIBRO DE EJERCICIOS A5 CON CUBIERTA PAO','LIBRO DE EJERCICIOS A5 CON CUBIERTA PAO','','','exercise-book-a5-with-fuzzy-cover-pao'),
	(1892,449,3,'LIBRO DE EJERCICIOS A5 CON CUBIERTA DURA PAO','LIBRO DE EJERCICIOS A5 CON CUBIERTA DURA PAO','LIBRO DE EJERCICIOS A5 CON CUBIERTA DURA PAO','','','exercise-book-a5-with-hard-cover-pao'),
	(1893,450,3,'SOBRE PANATHINAIKOS','SOBRE PANATHINAIKOS','SOBRE PANATHINAIKOS','','','envelope-panathinaikos'),
	(1894,457,3,'DVD ALVERTIS','DVD ALVERTIS','DVD ALVERTIS','','','alvertis-dvd'),
	(1895,458,3,'CAMISETA ALVERTIS CON FIRMA VERDE OSCURA','CAMISETA ALVERTIS CON FIRMA VERDE OSCURA','CAMISETA ALVERTIS CON FIRMA VERDE OSCURA','','','alvertis-t-shirt-with-signature-dark-green'),
	(1896,459,3,'CAMISETA ALVERTIS \'\'25 TITLES\'\' NEGRA','CAMISETA ALVERTIS \'\'25 TITLES\'\' NEGRA','CAMISETA ALVERTIS \'\'25 TITLES\'\' NEGRA','','','alvertis-t-shirt-25-titles-black'),
	(1897,461,3,'BUFANDA SCARF','BUFANDA SCARF','BUFANDA SCARF','','','alvertis-scarf'),
	(1898,465,3,'JERSEY ALVERTIS COMPLETAMENTE ESTAMPADO','JERSEY ALVERTIS COMPLETAMENTE ESTAMPADO','JERSEY ALVERTIS COMPLETAMENTE ESTAMPADO','','','alvertis-all-over-printed-jersey'),
	(1899,468,3,'CALCULADORA','CALCULADORA','CALCULADORA','','','calculator'),
	(1900,469,3,'JERSEY OFICIAL DE BALONCESTO 2009-10 (VERDE)','JERSEY OFICIAL DE BALONCESTO 2009-10 (VERDE)','JERSEY OFICIAL DE BALONCESTO 2009-10 (VERDE)','','','official-basketball-jersey-2009-10-green'),
	(1901,470,3,'JERSEY OFICIAL DE BALONCESTO 2009-10 (BLANCO)','JERSEY OFICIAL DE BALONCESTO 2009-10 (BLANCO)','JERSEY OFICIAL DE BALONCESTO 2009-10 (BLANCO)','','','official-basketball-jersey-2009-10-white'),
	(1902,471,3,'JERSEY OFICIAL DE BALONCESTO 2009-10 PARA NIÑO','JERSEY OFICIAL DE BALONCESTO 2009-10 PARA NIÑO','JERSEY OFICIAL DE BALONCESTO 2009-10 PARA NIÑO','','','official-basketball-junior-jersey-2009-10'),
	(1903,472,3,'JERSEY OFICIAL DE BALONCESTO 2009-10 PARA NIÑO','JERSEY OFICIAL DE BALONCESTO 2009-10 PARA NIÑO','JERSEY OFICIAL DE BALONCESTO 2009-10 PARA NIÑO','','','official-basketball-junior-jersey-2009-10'),
	(1904,473,3,'JERSEY OFICIAL DE BALONCESTO 2009-10 (AZUL CLARO)','JERSEY OFICIAL DE BALONCESTO 2009-10 (AZUL CLARO)','JERSEY OFICIAL DE BALONCESTO 2009-10 (AZUL CLARO)','','','official-basketball-jersey-2009-10-light-blue'),
	(1905,474,3,'JERSEY OFICIAL DE BALONCESTO 2009-10 PARA NIÑO (AZUL CLARO)','JERSEY OFICIAL DE BALONCESTO 2009-10 PARA NIÑO (AZUL CLARO)','JERSEY OFICIAL DE BALONCESTO 2009-10 PARA NIÑO (AZUL CLARO)','','','official-basketball-junior-jersey-2009-10-light-blue'),
	(1906,475,3,'CAMISETA HALF-CLOVER','CAMISETA HALF-CLOVER','CAMISETA HALF-CLOVER','','','t-shirt-half-clover'),
	(1907,476,3,'BUFANDA CON BARRAS PAO','BUFANDA CON BARRAS PAO','BUFANDA CON BARRAS PAO','','','scarf-with-stripes-pao'),
	(1908,478,3,'BUFANDA PANATHINAIKOS','BUFANDA PANATHINAIKOS','BUFANDA PANATHINAIKOS','','','scarf-panathinaikos'),
	(1909,479,3,'BUFANDA PANATHINAIKOS','BUFANDA PANATHINAIKOS','BUFANDA PANATHINAIKOS','','','scarf-panathinaikos'),
	(1910,482,3,'BUFANDA MY PRIDE PANATHINAIKOS 1908','BUFANDA MY PRIDE PANATHINAIKOS 1908','BUFANDA MY PRIDE PANATHINAIKOS 1908','','','scarf-my-pride-panathinaikos-1908'),
	(1911,484,3,'CAMISETA POLO ADIDAS 2009-2010','CAMISETA POLO ADIDAS 2009-2010','CAMISETA POLO ADIDAS 2009-2010','','','polo-adidas-2009-2010'),
	(1912,486,3,'PANTALONES CORTOS DE ALGODÓN ADIDAS 2009-2010','PANTALONES CORTOS DE ALGODÓN ADIDAS 2009-2010','PANTALONES CORTOS DE ALGODÓN ADIDAS 2009-2010','','','cotton-shorts-adidas-2009-2010'),
	(1913,492,3,'JUEGO DE PINS DE 5 EUROPEAN TROPHIES','JUEGO DE PINS DE 5 EUROPEAN TROPHIES','JUEGO DE PINS DE 5 EUROPEAN TROPHIES','','','pin-set-of-5-european-trophies'),
	(1914,493,3,'PIN 2009 BERLIN CUP','PIN 2009 BERLIN CUP','PIN 2009 BERLIN CUP','','','pin-2009-berlin-cup'),
	(1915,495,3,'CAMISETA SIN MANGAS ADIDAS 2009-2010','CAMISETA SIN MANGAS ADIDAS 2009-2010','CAMISETA SIN MANGAS ADIDAS 2009-2010','','','sleeveless-tee-adidas-2009-2010'),
	(1916,496,3,'PANTALONES CORTOS DE ALGODÓN ADIDAS 2009-2010','PANTALONES CORTOS DE ALGODÓN ADIDAS 2009-2010','PANTALONES CORTOS DE ALGODÓN ADIDAS 2009-2010','','','cotton-shorts-adidas-2009-2010'),
	(1917,498,3,'CHÁNDAL ADIDAS 2009-2010','CHÁNDAL ADIDAS 2009-2010','CHÁNDAL ADIDAS 2009-2010','','','sweat-suit-adidas-2009-2010'),
	(1918,499,3,'CHÁNDAL VERDE ADIDAS 2009-2010','CHÁNDAL VERDE ADIDAS 2009-2010','CHÁNDAL VERDE ADIDAS 2009-2010','','','green-tracksuit-adidas-2009-2010'),
	(1919,500,3,'JUEGO DE CAJAS QUE REPRODUCEN EL HIMNO','JUEGO DE CAJAS QUE REPRODUCEN EL HIMNO','JUEGO DE CAJAS QUE REPRODUCEN EL HIMNO','','','set-boxes-playing-anthem'),
	(1920,501,3,'ESTUCHE PARA PLUMA QUE REPRODUCE EL HIMNO','ESTUCHE PARA PLUMA QUE REPRODUCE EL HIMNO','ESTUCHE PARA PLUMA QUE REPRODUCE EL HIMNO','','','pen-case-playing-anthem'),
	(1921,502,3,'ABREBOTELLAS QUE REPRODUCE EL HIMNO','ABREBOTELLAS QUE REPRODUCE EL HIMNO','ABREBOTELLAS QUE REPRODUCE EL HIMNO','','','bottle-opener-playing-anthem'),
	(1922,503,3,'PLUMA QUE REPRODUE EL HIMNO','PLUMA QUE REPRODUE EL HIMNO','PLUMA QUE REPRODUE EL HIMNO','','','pen-playing-anthem'),
	(1923,504,3,'BOLSA DE REGALO PEQUEÑA QUE REPRODUCE EL HIMNO','BOLSA DE REGALO PEQUEÑA QUE REPRODUCE EL HIMNO','BOLSA DE REGALO PEQUEÑA QUE REPRODUCE EL HIMNO','','','small-gift-bag-playing-anthem'),
	(1924,505,3,'BOLSA DE REGALO QUE REPRODUCE EL HIMNO','BOLSA DE REGALO QUE REPRODUCE EL HIMNO','BOLSA DE REGALO QUE REPRODUCE EL HIMNO','','','gift-bag-playing-anthem'),
	(1925,507,3,'PIJAMAS PARA NIÑO HALF CLOVER','PIJAMAS PARA NIÑO HALF CLOVER','PIJAMAS PARA NIÑO HALF CLOVER','','','jounior-pyjamas-half-clover'),
	(1926,528,3,'ALVERTIS','ALVERTIS','ALVERTIS','','','alvertis'),
	(1927,529,3,'PAPANIKOLAOU','PAPANIKOLAOU','PAPANIKOLAOU','','','papanikolaou'),
	(1928,530,3,'BATISTE','BATISTE','BATISTE','','','batiste'),
	(1929,531,3,'CHATZIVRETTAS','CHATZIVRETTAS','CHATZIVRETTAS','','','chatzivrettas'),
	(1930,532,3,'TSARTSARIS','TSARTSARIS','TSARTSARIS','','','tsartsaris'),
	(1931,533,3,'DIAMANTIDIS','DIAMANTIDIS','DIAMANTIDIS','','','diamantidis'),
	(1932,534,3,'TOMASEVIC','TOMASEVIC','TOMASEVIC','','','tomasevic'),
	(1933,535,3,'SAKOTA','SAKOTA','SAKOTA','','','sakota'),
	(1934,536,3,'SIN NOMBRE','SIN NOMBRE','SIN NOMBRE','','','no-name'),
	(1935,537,3,'DELK','DELK','DELK','','','delk'),
	(1936,538,3,'BECIROVIC','BECIROVIC','BECIROVIC','','','becirovic'),
	(1937,539,3,'SISKAUSKAS','SISKAUSKAS','SISKAUSKAS','','','siskauskas'),
	(1938,540,3,'NTIKOUDIS','NTIKOUDIS','NTIKOUDIS','','','ntikoudis'),
	(1939,541,3,'XANTHOPOULOS','XANTHOPOULOS','XANTHOPOULOS','','','xanthopoulos'),
	(1940,542,3,'VUJANIC','VUJANIC','VUJANIC','','','vujanic'),
	(1941,543,3,'JAVTOKAS','JAVTOKAS','JAVTOKAS','','','javtokas'),
	(1942,544,3,'PERPEROGLOU','PERPEROGLOU','PERPEROGLOU','','','perperoglou'),
	(1943,545,3,'SPANOULIS','SPANOULIS','SPANOULIS','','','spanoulis'),
	(1944,546,3,'ZIZIC','ZIZIC','ZIZIC','','','zizic'),
	(1945,547,3,'WINSTON','WINSTON','WINSTON','','','winston'),
	(1946,548,3,'JASIKEVICIUS','JASIKEVICIUS','JASIKEVICIUS','','','jasikevicius'),
	(1947,549,3,'Atributo disponible sólo en griego','Atributo disponible sólo en griego','Atributo disponible sólo en griego','','','attribute-available-in-greek-only'),
	(1948,550,3,'PRKACIN','PRKACIN','PRKACIN','','','prkacin'),
	(1949,551,3,'1 sujeto','1 sujeto','1 sujeto','','','1-subject'),
	(1950,552,3,'2 sujetos','2 sujetos','2 sujetos','','','2-subjects'),
	(1951,553,3,'3 subjects','3 subjects','3 subjects','','','3-subjects'),
	(1952,554,3,'ΧΡΙΣΤΟΔΟΥΛΟΠΟΥΛΟΣ','ΧΡΙΣΤΟΔΟΥΛΟΠΟΥΛΟΣ','ΧΡΙΣΤΟΔΟΥΛΟΠΟΥΛΟΣ','','','CHRISTODOYLOPOYLOS'),
	(1953,555,3,'ΚΑΡΑΓΚΟΥΝΗΣ','ΚΑΡΑΓΚΟΥΝΗΣ','ΚΑΡΑΓΚΟΥΝΗΣ','','','KARAGKOYNHS'),
	(1954,556,3,'IVANSCHITZ','IVANSCHITZ','IVANSCHITZ','','','ivanschitz'),
	(1955,557,3,'RUKAVINA','RUKAVINA','RUKAVINA','','','rukavina'),
	(1956,558,3,'ΣΑΛΠΙΓΓΙΔΗΣ','ΣΑΛΠΙΓΓΙΔΗΣ','ΣΑΛΠΙΓΓΙΔΗΣ','','','SALPIGGIDHS'),
	(1957,559,3,'ΓΚΟΥΜΑΣ','ΓΚΟΥΜΑΣ','ΓΚΟΥΜΑΣ','','','GKOYMAS'),
	(1958,560,3,'GABRIEL','GABRIEL','GABRIEL','','','gabriel'),
	(1959,561,3,'SIMAO','SIMAO','SIMAO','','','simao'),
	(1960,562,3,'ΣΠΥΡΟΠΟΥΛΟΣ','ΣΠΥΡΟΠΟΥΛΟΣ','ΣΠΥΡΟΠΟΥΛΟΣ','','','SPYROPOYLOS'),
	(1961,563,3,'MATTOS','MATTOS','MATTOS','','','mattos'),
	(1962,564,3,'ΝΙΝΗΣ','ΝΙΝΗΣ','ΝΙΝΗΣ','','','NINHS'),
	(1963,565,3,'CLEYTON','CLEYTON','CLEYTON','','','cleyton'),
	(1964,566,3,'GILBERTO','GILBERTO','GILBERTO','','','gilberto'),
	(1965,567,3,'KECMAN','KECMAN','KECMAN','','','kecman'),
	(1966,568,3,'FOTSIS','FOTSIS','FOTSIS','','','fotsis'),
	(1967,569,3,'NICHOLAS','NICHOLAS','NICHOLAS','','','nicholas'),
	(1968,570,3,'PEKOVIC','PEKOVIC','PEKOVIC','','','pekovic'),
	(1969,571,3,'VERGINIS','VERGINIS','VERGINIS','','','verginis'),
	(1970,572,3,'PANTALEON','PANTALEON','PANTALEON','','','pantaleon'),
	(1971,573,3,'ANDRAE','ANDRAE','ANDRAE','','','andrae'),
	(1972,574,3,'ANDREADIS','ANDREADIS','ANDREADIS','','','andreadis'),
	(1973,575,3,'AGAMEZ','AGAMEZ','AGAMEZ','','','agamez'),
	(1974,576,3,'HERPE','HERPE','HERPE','','','herpe'),
	(1975,577,3,'CISSE','CISSE','CISSE','','','cisse'),
	(1976,578,3,'LETO','LETO','LETO','','','leto'),
	(1977,579,3,'PETROPOULOS','PETROPOULOS','PETROPOULOS','','','petropoulos'),
	(1978,580,3,'KATSOURANIS','KATSOURANIS','KATSOURANIS','','','katsouranis'),
	(1979,581,3,'VYNTRA','VYNTRA','VYNTRA','','','vyntra'),
	(1980,582,3,'SARRIEGI','SARRIEGI','SARRIEGI','','','sarriegi'),
	(1981,583,3,'TEPIC','TEPIC','TEPIC','','','tepic'),
	(1982,584,3,'BOGRIS','BOGRIS','BOGRIS','','','bogris'),
	(1983,585,3,'CALATHES','CALATHES','CALATHES','','','calathes'),
	(1984,586,3,'SHERMANDINI','SHERMANDINI','SHERMANDINI','','','shermandini'),
	(1985,588,3,'CHAQUETA PANATHINAIKOS BC','CHAQUETA PANATHINAIKOS BC','CHAQUETA PANATHINAIKOS BC','','','jacket-panathinaikos-bc'),
	(1986,593,3,'CAMISETA DE MANGA LARGA \"BARCODE\"','CAMISETA DE MANGA LARGA \"BARCODE\"','CAMISETA DE MANGA LARGA \"BARCODE\"','','','long-sleeved-t-shirt-barcode'),
	(1987,594,3,'FLAG HISTORY 2009','FLAG HISTORY 2009','FLAG HISTORY 2009','','','flag-history-2009'),
	(1988,595,3,'BANDERA TRIPLE CROWN 2009','BANDERA TRIPLE CROWN 2009','BANDERA TRIPLE CROWN 2009','','','flag-triple-crown-2009'),
	(1989,596,3,'BANDERA PAO','BANDERA PAO','BANDERA PAO','','','flag-pao'),
	(1990,597,3,'BANDERA PAO','BANDERA PAO','BANDERA PAO','','','flag-pao'),
	(1991,598,3,'BOLSA PORTABOTELLAS QUE REPRODUCE EL HIMNO','BOLSA PORTABOTELLAS QUE REPRODUCE EL HIMNO','BOLSA PORTABOTELLAS QUE REPRODUCE EL HIMNO','','','bottle-bag-playing-anthem'),
	(1992,599,3,'CARPETA QUE REPRODUCE EL HIMNO','CARPETA QUE REPRODUCE EL HIMNO','CARPETA QUE REPRODUCE EL HIMNO','','','folder-playing-anthem'),
	(1993,600,3,'TARJETA DE FELICITACIÓN PEQUEÑA QUE REPRODUCE EL HIMNO','TARJETA DE FELICITACIÓN PEQUEÑA QUE REPRODUCE EL HIMNO','TARJETA DE FELICITACIÓN PEQUEÑA QUE REPRODUCE EL HIMNO','','','small-greeting-card-playing-anthem'),
	(1994,601,3,'TARJETA DE FELICITACIÓN GRANDE QUE REPRODUCE EL HIMNO','TARJETA DE FELICITACIÓN GRANDE QUE REPRODUCE EL HIMNO','TARJETA DE FELICITACIÓN GRANDE QUE REPRODUCE EL HIMNO','','','greeting-card-playing-anthem-large'),
	(1995,602,3,'CAJA PEQUEÑA QUE REPRODUCE EL HIMNO','CAJA PEQUEÑA QUE REPRODUCE EL HIMNO','CAJA PEQUEÑA QUE REPRODUCE EL HIMNO','','','small-box-playing-anthem'),
	(1996,607,3,'CAMISETA POLO DE MANGA LARGA No 13','CAMISETA POLO DE MANGA LARGA No 13','CAMISETA POLO DE MANGA LARGA No 13','','','long-sleeved-polo-no13'),
	(1997,608,3,'CAMISETA POLO DE MANGA LARGA PARA MUJER MISS GREEN','CAMISETA POLO DE MANGA LARGA PARA MUJER MISS GREEN','CAMISETA POLO DE MANGA LARGA PARA MUJER MISS GREEN','','','long-sleeved-womens-polo-miss-green'),
	(1998,609,3,'CHÁNDAL DE TERCIOPELO PARA PEQUEÑAS DAMAS','CHÁNDAL DE TERCIOPELO PARA PEQUEÑAS DAMAS','CHÁNDAL DE TERCIOPELO PARA PEQUEÑAS DAMAS','','','velvet-sweat-suit-for-little-ladies'),
	(1999,610,3,'CHÁNDAL PANATHINAIKOS PARA PEQUEÑAS DAMAS','CHÁNDAL PANATHINAIKOS PARA PEQUEÑAS DAMAS','CHÁNDAL PANATHINAIKOS PARA PEQUEÑAS DAMAS','','','sweat-suit-for-little-ladies-panathinaikos'),
	(2000,611,3,'CHAQUETA PARA MUJER MISS GREEN','CHAQUETA PARA MUJER MISS GREEN','CHAQUETA PARA MUJER MISS GREEN','','','womans-jacket-miss-green'),
	(2001,612,3,'CHÁNDAL DE TERCIOPELO MISS GREEN','CHÁNDAL DE TERCIOPELO MISS GREEN','CHÁNDAL DE TERCIOPELO MISS GREEN','','','velvet-tracksuit-miss-green'),
	(2002,613,3,'PANTALONES PANATHINAIKOS PARA NIÑOS PEQUEÑOS','PANTALONES PANATHINAIKOS PARA NIÑOS PEQUEÑOS','PANTALONES PANATHINAIKOS PARA NIÑOS PEQUEÑOS','','','pants-for-little-boys-panathinaikos'),
	(2003,614,3,'PANTALONES PANATHINAIKOS PARA PEQUEÑAS DAMAS','PANTALONES PANATHINAIKOS PARA PEQUEÑAS DAMAS','PANTALONES PANATHINAIKOS PARA PEQUEÑAS DAMAS','','','pants-for-little-ladies-panathinaikos'),
	(2004,615,3,'PANTALONES CORTOS OFICIALES DE BALONCESTO 2009-2010 (VERDES)','PANTALONES CORTOS OFICIALES DE BALONCESTO 2009-2010 (VERDES)','PANTALONES CORTOS OFICIALES DE BALONCESTO 2009-2010 (VERDES)','','','official-basketball-shorts-adidas-2009-2010-green'),
	(2005,616,3,'PANTALONES CORTOS OFICIALES DE BALONCESTO 2009-2010 (BLANCOS)','PANTALONES CORTOS OFICIALES DE BALONCESTO 2009-2010 (BLANCOS)','PANTALONES CORTOS OFICIALES DE BALONCESTO 2009-2010 (BLANCOS)','','','official-basketball-shorts-adidas-2009-2010-white'),
	(2006,617,3,'CHALECO PARA NIÑOS BARCODE','CHALECO PARA NIÑOS BARCODE','CHALECO PARA NIÑOS BARCODE','','','kids-waistcoat-barcode'),
	(2007,618,3,'SUDADERA PARA NIÑOS DAMAN','SUDADERA PARA NIÑOS DAMAN','SUDADERA PARA NIÑOS DAMAN','','','sweatshirt-kids-daman'),
	(2008,619,3,'SUDADERA PANATHINAIKOS VERTICAL PARA NIÑOS','SUDADERA PANATHINAIKOS VERTICAL PARA NIÑOS','SUDADERA PANATHINAIKOS VERTICAL PARA NIÑOS','','','sweatshirt-kids-vertical-panathinaikos'),
	(2009,621,3,'PIJAMAS PARA NIÑO HALF CLOVER','PIJAMAS PARA NIÑO HALF CLOVER','PIJAMAS PARA NIÑO HALF CLOVER','','','jounior-pyjamas-half-clover'),
	(2010,622,3,'PIJAMAS HALF CLOVER','PIJAMAS HALF CLOVER','PIJAMAS HALF CLOVER','','','pajamas-half-clover'),
	(2011,623,3,'CHAQUETA PAO PARA NIÑOS','CHAQUETA PAO PARA NIÑOS','CHAQUETA PAO PARA NIÑOS','','','kids-jacket-pao'),
	(2012,624,3,'ENCENDEDOR ZIPPO PANATHINAIKOS BC','ENCENDEDOR ZIPPO PANATHINAIKOS BC','ENCENDEDOR ZIPPO PANATHINAIKOS BC','','','zippo-lighter-panathinaikos-bc'),
	(2013,627,3,'LLAVERO ABREBOTELLAS PANATHINAIKOS','LLAVERO ABREBOTELLAS PANATHINAIKOS','LLAVERO ABREBOTELLAS PANATHINAIKOS','','','bottle-opener-keyring-panathinaikos'),
	(2014,630,3,'BANDERÍN GRANDE PANATHINAIKOS HISTORY','BANDERÍN GRANDE PANATHINAIKOS HISTORY','BANDERÍN GRANDE PANATHINAIKOS HISTORY','','','pennant-panathinaikos-history-large'),
	(2015,631,3,'BANDERÍN TRIANGULAR GRANDE PANATHINAIKOS HISTORY','BANDERÍN TRIANGULAR GRANDE PANATHINAIKOS HISTORY','BANDERÍN TRIANGULAR GRANDE PANATHINAIKOS HISTORY','','','pennant-triangular-panathinaikos-history-large'),
	(2016,632,3,'BANDERÍN PEQUEÑO TRIPLE CROWN 2009','BANDERÍN PEQUEÑO TRIPLE CROWN 2009','BANDERÍN PEQUEÑO TRIPLE CROWN 2009','','','pennant-triple-crown-2009-small'),
	(2017,635,3,'MOUSEPAD CALENDARIO 2010','MOUSEPAD CALENDARIO 2010','MOUSEPAD CALENDARIO 2010','','','mouse-pad-calendar-2010'),
	(2018,637,3,'2 VASOS PARA CHAMPAÑA PANATHINAIKOS','2 VASOS PARA CHAMPAÑA PANATHINAIKOS','2 VASOS PARA CHAMPAÑA PANATHINAIKOS','','','2-champagne-glasses-panathinaikos'),
	(2019,638,3,'JUEGO DE 6 VASOS DE WHISKY & CUBO PARA HIELO','JUEGO DE 6 VASOS DE WHISKY & CUBO PARA HIELO','JUEGO DE 6 VASOS DE WHISKY & CUBO PARA HIELO','','','set-6-whisky-glasses-icebox'),
	(2020,639,3,'ETIQUETA PANATHINAIKOS','ETIQUETA PANATHINAIKOS','ETIQUETA PANATHINAIKOS','','','sticker-panathinaikos'),
	(2021,640,3,'ETIQUETA \'\'I LOVE PAO\'\'','ETIQUETA \'\'I LOVE PAO\'\'','ETIQUETA \'\'I LOVE PAO\'\'','','','sticker-i-love-pao'),
	(2022,641,3,'ETIQUETA METÁLICA TRIPLE CROWN 2009','ETIQUETA METÁLICA TRIPLE CROWN 2009','ETIQUETA METÁLICA TRIPLE CROWN 2009','','','triple-crown-2009-metal-tag'),
	(2023,642,3,'ETIQUETA METÁLICA','ETIQUETA METÁLICA','ETIQUETA METÁLICA','','','metal-tag'),
	(2024,643,3,'TALISMÁN PARA TELÉFONO MÓVIL','TALISMÁN PARA TELÉFONO MÓVIL','TALISMÁN PARA TELÉFONO MÓVIL','','','cell-phone-charm'),
	(2025,644,3,'PARAGUAS AUTOMÁTICO PANATHINAIKOS GRANDE','PARAGUAS AUTOMÁTICO PANATHINAIKOS GRANDE','PARAGUAS AUTOMÁTICO PANATHINAIKOS GRANDE','','','umbrella-panathinaikos-automatic-large'),
	(2026,645,3,'PARAGUAS PANATHINAIKOS PEQUEÑO','PARAGUAS PANATHINAIKOS PEQUEÑO','PARAGUAS PANATHINAIKOS PEQUEÑO','','','umbrella-panathinaikos-small'),
	(2027,647,3,'ESTUCHE PARA MP3','ESTUCHE PARA MP3','ESTUCHE PARA MP3','','','mp3-case'),
	(2028,648,3,'ANORAK PANATHINAIKOS VERDE SIN REVESTIMIENTO','ANORAK PANATHINAIKOS VERDE SIN REVESTIMIENTO','ANORAK PANATHINAIKOS VERDE SIN REVESTIMIENTO','','','anorak-panathinaikos-without-lining-green'),
	(2029,649,3,'ANORAK PANATHINAIKOS CON REVESTIMIENTO','ANORAK PANATHINAIKOS CON REVESTIMIENTO','ANORAK PANATHINAIKOS CON REVESTIMIENTO','','','anorak-panathinaikos-with-lining'),
	(2030,652,3,'PANTALONES CORTOS OFICIALES DE BALONCESTO PARA NIÑOS VERDES','PANTALONES CORTOS OFICIALES DE BALONCESTO PARA NIÑOS VERDES','PANTALONES CORTOS OFICIALES DE BALONCESTO PARA NIÑOS VERDES','','','official-basketball-short-green-for-kids'),
	(2031,653,3,'PANTALONES CORTOS OFICIALES DE BALONCESTO PARA NIÑOS BLANCOS','PANTALONES CORTOS OFICIALES DE BALONCESTO PARA NIÑOS BLANCOS','PANTALONES CORTOS OFICIALES DE BALONCESTO PARA NIÑOS BLANCOS','','','official-basketball-shorts-white-for-kids'),
	(2032,655,3,'GORRA CON TRÉBOL VERDE','GORRA CON TRÉBOL VERDE','GORRA CON TRÉBOL VERDE','','','cap-with-clover-green'),
	(2033,657,3,'GORRA','GORRA','GORRA','','','cap'),
	(2034,660,3,'GORRA','GORRA','GORRA','','','cap'),
	(2035,663,3,'SOMBRERO CREST BRONX CON BALÓN','SOMBRERO CREST BRONX CON BALÓN','SOMBRERO CREST BRONX CON BALÓN','','','crest-bronx-hat-with-ball'),
	(2036,665,3,'SOMBRERO PANATHINAIKOS','SOMBRERO PANATHINAIKOS','SOMBRERO PANATHINAIKOS','','','hat-panathinaikos'),
	(2037,667,3,'SOMBRERO','SOMBRERO','SOMBRERO','','','hat'),
	(2038,668,3,'GUANTES VERDES PANATHINAIKOS','GUANTES VERDES PANATHINAIKOS','GUANTES VERDES PANATHINAIKOS','','','gloves-panathinaikos-green'),
	(2039,669,3,'GUANTES NEGROS PANATHINAIKOS','GUANTES NEGROS PANATHINAIKOS','GUANTES NEGROS PANATHINAIKOS','','','gloves-panathinaikos-black'),
	(2040,675,3,'PIJAMAS PANATHINAIKOS PARA NIÑO 8-12','PIJAMAS PANATHINAIKOS PARA NIÑO 8-12','PIJAMAS PANATHINAIKOS PARA NIÑO 8-12','','','junior-pyzamas-panathinaikos-8-12'),
	(2041,676,3,'PIJAMAS PANATHINAIKOS PARA NIÑO 14-16','PIJAMAS PANATHINAIKOS PARA NIÑO 14-16','PIJAMAS PANATHINAIKOS PARA NIÑO 14-16','','','junior-pyzamas-panathinaikos-14-16'),
	(2042,677,3,'CAMISA MANGA LARGA MISS GREEN','CAMISA MANGA LARGA MISS GREEN','CAMISA MANGA LARGA MISS GREEN','','','long-sleeve-blouse-miss-green'),
	(2043,678,3,'CAMISETA MANGA LARGA HALF CLOVER','CAMISETA MANGA LARGA HALF CLOVER','CAMISETA MANGA LARGA HALF CLOVER','','','long-sleeved-t-shirt-half-clover'),
	(2044,681,3,'TATAROUNIS','TATAROUNIS','TATAROUNIS','','','tatarounis'),
	(2045,683,3,'CAMISETA PANATHINAIKOS B.C.  PARA NIÑOS','CAMISETA PANATHINAIKOS B.C.  PARA NIÑOS','CAMISETA PANATHINAIKOS B.C.  PARA NIÑOS','','','t-shirt-panathinaikos-b-c-for-children'),
	(2046,684,3,'JERSEY DE VOLEIBAL OFICIAL 2009-2010','JERSEY DE VOLEIBAL OFICIAL 2009-2010','JERSEY DE VOLEIBAL OFICIAL 2009-2010','','','official-volleyball-jersey-2009-2010'),
	(2047,691,3,'GLOBOS \"PANATHINAIKOS\" VERDES','GLOBOS \"PANATHINAIKOS\" VERDES','GLOBOS \"PANATHINAIKOS\" VERDES','','','balloons-panathinaikos-green'),
	(2048,692,3,'PORTARRETRATOS MÚLTIPLE PANATHINAIKOS','PORTARRETRATOS MÚLTIPLE PANATHINAIKOS','PORTARRETRATOS MÚLTIPLE PANATHINAIKOS','','','multi-frame-panathinaikos'),
	(2049,694,3,'RELOJ DESPERTADOR PANATHINAIKOS','RELOJ DESPERTADOR PANATHINAIKOS','RELOJ DESPERTADOR PANATHINAIKOS','','','alarm-clock-panathinaikos'),
	(2050,695,3,'CORBATA AZUL','CORBATA AZUL','CORBATA AZUL','','','blue-tie'),
	(2051,706,3,'POSTER BATISTE','POSTER BATISTE','POSTER BATISTE','','','poster-batiste'),
	(2052,707,3,'POSTER JASIKEVICIUS','POSTER JASIKEVICIUS','POSTER JASIKEVICIUS','','','poster-jasikevicius'),
	(2053,712,3,'CAMISETA GREEK CHAMPION 2010','CAMISETA GREEK CHAMPION 2010','CAMISETA GREEK CHAMPION 2010','','','t-shirt-greek-champion-2010'),
	(2054,714,3,'JERSEY DE FÚTBOL VERDE 2010-2011','JERSEY DE FÚTBOL VERDE 2010-2011','JERSEY DE FÚTBOL VERDE 2010-2011','','','football-jersey-green-2010-2011'),
	(2055,720,3,'CUADERNO DE EJERCICIOS CON LOGO \'RESPECT\' 2 TEMAS','CUADERNO DE EJERCICIOS CON LOGO \'RESPECT\' 2 TEMAS','CUADERNO DE EJERCICIOS CON LOGO \'RESPECT\' 2 TEMAS','','','exercise-book-with-logo-respect-2-sub'),
	(2056,721,3,'CUADERNO DE EJERCICIOS CON LOGO \'RESPECT\' 3 TEMAS','CUADERNO DE EJERCICIOS CON LOGO \'RESPECT\' 3 TEMAS','CUADERNO DE EJERCICIOS CON LOGO \'RESPECT\' 3 TEMAS','','','exercise-book-with-logo-respect-3-sub'),
	(2057,722,3,'CUADERNO CON LOGO  \'RESPECT\'','CUADERNO CON LOGO  \'RESPECT\'','CUADERNO CON LOGO  \'RESPECT\'','','','notebook-with-logo-respect'),
	(2058,723,3,'CARPETA CON LOGO  \'RESPECT\'','CARPETA CON LOGO  \'RESPECT\'','CARPETA CON LOGO  \'RESPECT\'','','','folder-with-logo-respect'),
	(2059,725,3,'MOCHILA ESCOLAR \'MY PRIDE\'','MOCHILA ESCOLAR \'MY PRIDE\'','MOCHILA ESCOLAR \'MY PRIDE\'','','','school-bag-my-pride'),
	(2060,733,3,'BOLSA DE LONA \'MY PRIDE\'','BOLSA DE LONA \'MY PRIDE\'','BOLSA DE LONA \'MY PRIDE\'','','','duffel-bag-my-pride'),
	(2061,735,3,'ESTUCHE ESCOLAR \'MY PRIDE\'','ESTUCHE ESCOLAR \'MY PRIDE\'','ESTUCHE ESCOLAR \'MY PRIDE\'','','','pencil-case-my-pride'),
	(2062,737,3,'PLUMA PAO','PLUMA PAO','PLUMA PAO','','','pao-pen'),
	(2063,738,3,'PLUMA PARKER','PLUMA PARKER','PLUMA PARKER','','','pen-parker'),
	(2064,739,3,'KOMBOLÓI CHAPADO EN PLATA','KOMBOLÓI CHAPADO EN PLATA','KOMBOLÓI CHAPADO EN PLATA','','','silver-plated-worry-bead'),
	(2065,743,3,'RELOJ DE PULSERA CON BRAZALETE NEGRO Y CRONÓGRAFO','RELOJ DE PULSERA CON BRAZALETE NEGRO Y CRONÓGRAFO','RELOJ DE PULSERA CON BRAZALETE NEGRO Y CRONÓGRAFO','','','black-bracelet-watch-with-chronograph'),
	(2066,744,3,'RELOJ CON CRONÓGRAFO BLANCO Y BRAZALETE','RELOJ CON CRONÓGRAFO BLANCO Y BRAZALETE','RELOJ CON CRONÓGRAFO BLANCO Y BRAZALETE','','','white-chronograph-bracelet-watch'),
	(2067,745,3,'RELOJ CON BRAZALETE BLANCO','RELOJ CON BRAZALETE BLANCO','RELOJ CON BRAZALETE BLANCO','','','bracelet-watch-white'),
	(2068,746,3,'RELOJ CON BRAZALETE NEGRO','RELOJ CON BRAZALETE NEGRO','RELOJ CON BRAZALETE NEGRO','','','bracelet-black-watch'),
	(2069,748,3,'CENICERO','CENICERO','CENICERO','','','ashtray'),
	(2070,750,3,'ÁLBUM PARA 200 FOTOGRAFÍAS','ÁLBUM PARA 200 FOTOGRAFÍAS','ÁLBUM PARA 200 FOTOGRAFÍAS','','','photo-album-200-photos'),
	(2071,752,3,'JERSEY OFICIAL DE BALONCESTO 2010-11 (VERDE)','JERSEY OFICIAL DE BALONCESTO 2010-11 (VERDE)','JERSEY OFICIAL DE BALONCESTO 2010-11 (VERDE)','','','official-basketball-jersey-2010-11-green'),
	(2072,753,3,'JERSEY OFICIAL DE BALONCESTO 2010-11 (BLANCO)','JERSEY OFICIAL DE BALONCESTO 2010-11 (BLANCO)','JERSEY OFICIAL DE BALONCESTO 2010-11 (BLANCO)','','','official-basketball-jersey-2010-11-white'),
	(2073,754,3,'JERSEY OFICIAL DE BALONCESTO 2010-11 (AZUL CLARO)','JERSEY OFICIAL DE BALONCESTO 2010-11 (AZUL CLARO)','JERSEY OFICIAL DE BALONCESTO 2010-11 (AZUL CLARO)','','','official-basketball-jersey-2010-11-light-blue'),
	(2074,755,3,'JERSEY OFICIAL DE BALONCESTO PARA NIÑOS 2010-11 (VERDE)','JERSEY OFICIAL DE BALONCESTO PARA NIÑOS 2010-11 (VERDE)','JERSEY OFICIAL DE BALONCESTO PARA NIÑOS 2010-11 (VERDE)','','','official-basketball-junior-jersey-2010-11-green'),
	(2075,757,3,'JERSEY OFICIAL DE BALONCESTO 2010-11 PARA NIÑO (AZUL CLARO)','JERSEY OFICIAL DE BALONCESTO 2010-11 PARA NIÑO (AZUL CLARO)','JERSEY OFICIAL DE BALONCESTO 2010-11 PARA NIÑO (AZUL CLARO)','','','official-basketball-junior-jersey-2010-11-light-blue'),
	(2076,759,3,'PANTALONES CORTOS OFICIALES DE BALONCESTO 2010-2011 (VERDES)','PANTALONES CORTOS OFICIALES DE BALONCESTO 2010-2011 (VERDES)','PANTALONES CORTOS OFICIALES DE BALONCESTO 2010-2011 (VERDES)','','','official-basketball-shorts-adidas-2010-2011-green'),
	(2077,760,3,'PANTALONES CORTOS OFICIALES DE BALONCESTO 2010-2011 (BLANCOS)','PANTALONES CORTOS OFICIALES DE BALONCESTO 2010-2011 (BLANCOS)','PANTALONES CORTOS OFICIALES DE BALONCESTO 2010-2011 (BLANCOS)','','','official-basketball-shorts-adidas-2010-2011-white'),
	(2078,762,3,'PANTALONES CORTOS DE ENTRENAMIENTO ADIDAS 2011-2012 (NEGROS)','PANTALONES CORTOS DE ENTRENAMIENTO ADIDAS 2011-2012 (NEGROS)','PANTALONES CORTOS DE ENTRENAMIENTO ADIDAS 2011-2012 (NEGROS)','','','training-shorts-adidas-2011-2012-black'),
	(2079,764,3,'CHAQUETA ADIDAS IMPERMEABLE CON CAPUCHA','CHAQUETA ADIDAS IMPERMEABLE CON CAPUCHA','CHAQUETA ADIDAS IMPERMEABLE CON CAPUCHA','','','adidas-waterproof-jacket-with-hood'),
	(2080,778,3,'DVD CON 5 TÍTULOS DE LA EUROLIGA','DVD CON 5 TÍTULOS DE LA EUROLIGA','DVD CON 5 TÍTULOS DE LA EUROLIGA','','','5-euroleague-titles-dvd'),
	(2081,781,3,'JERSEY NEGRO DE FÚTBOL 2010-2011','JERSEY NEGRO DE FÚTBOL 2010-2011','JERSEY NEGRO DE FÚTBOL 2010-2011','','','football-jersey-black-2010-2011'),
	(2082,782,3,'GABARDINA DE FÚTBOL ADIDAS 2010-2011','GABARDINA DE FÚTBOL ADIDAS 2010-2011','GABARDINA DE FÚTBOL ADIDAS 2010-2011','','','football-raincoat-adidas-2010-2011'),
	(2083,783,3,'RELOJ CON BRAZALETE DE GOMA','RELOJ CON BRAZALETE DE GOMA','RELOJ CON BRAZALETE DE GOMA','','','rubber-strap-watch'),
	(2084,784,3,'RELOJ CON BRAZALETE DE GOMA','RELOJ CON BRAZALETE DE GOMA','RELOJ CON BRAZALETE DE GOMA','','','rubber-strap-watch'),
	(2085,786,3,'TAZA','TAZA','TAZA','','','cup'),
	(2086,787,3,'JUEGO DE MESA PANATHINAIKOS SERPIENTES & ESCALERAS','JUEGO DE MESA PANATHINAIKOS SERPIENTES & ESCALERAS','JUEGO DE MESA PANATHINAIKOS SERPIENTES & ESCALERAS','','','panathinaikos-chutes-ladders-trouble-board-game'),
	(2087,789,3,'KOMBOLÓI','KOMBOLÓI','KOMBOLÓI','','','worry-bead'),
	(2088,790,3,'ALCANCÍA CERÁMICA','ALCANCÍA CERÁMICA','ALCANCÍA CERÁMICA','','','ceramic-money-pot'),
	(2089,792,3,'Tazas de Porcelana. 2 Piezas','Tazas de Porcelana. 2 Piezas','Tazas de Porcelana. 2 Piezas','','','porcelain-cups-2-pieces'),
	(2090,795,3,'CAMISETA EUROPEAN CHAMPION 2011','CAMISETA EUROPEAN CHAMPION 2011','CAMISETA EUROPEAN CHAMPION 2011','','','t-shirt-european-champion-2011'),
	(2091,796,3,'CAMISETA PARA NIÑOS EUROPEAN CHAMPION 2011','CAMISETA PARA NIÑOS EUROPEAN CHAMPION 2011','CAMISETA PARA NIÑOS EUROPEAN CHAMPION 2011','','','t-shirt-european-champion-2011-for-children'),
	(2092,797,3,'CAMISETA GREEK CHAMPION 2011','CAMISETA GREEK CHAMPION 2011','CAMISETA GREEK CHAMPION 2011','','','t-shirt-greek-champion-2011'),
	(2093,798,3,'JERSEY OFICIAL DE BALONCESTO 2011-12 (VERDE)','JERSEY OFICIAL DE BALONCESTO 2011-12 (VERDE)','JERSEY OFICIAL DE BALONCESTO 2011-12 (VERDE)','','','official-basketball-jersey-2011-12-green'),
	(2094,799,3,'JERSEY OFICIAL DE BALONCESTO 2011-12 (BLANCO)','JERSEY OFICIAL DE BALONCESTO 2011-12 (BLANCO)','JERSEY OFICIAL DE BALONCESTO 2011-12 (BLANCO)','','','official-basketball-jersey-2011-12-white'),
	(2095,800,3,'JERSEY RÉPLICA DE BALONCESTO 2011-12 (VERDE)','JERSEY RÉPLICA DE BALONCESTO 2011-12 (VERDE)','JERSEY RÉPLICA DE BALONCESTO 2011-12 (VERDE)','','','replica-basketball-jersey-2011-12-green'),
	(2096,801,3,'JERSEY RÉPLICA DE BALONCESTO 2011-12 (NEGRO)','JERSEY RÉPLICA DE BALONCESTO 2011-12 (NEGRO)','JERSEY RÉPLICA DE BALONCESTO 2011-12 (NEGRO)','','','replica-basketball-jersey-2011-12-black'),
	(2097,802,3,'PANTALONES CORTOS ADIDAS RÉPLICA DE BALONCESTO 2011-2013 (VERDES)','PANTALONES CORTOS ADIDAS RÉPLICA DE BALONCESTO 2011-2013 (VERDES)','PANTALONES CORTOS ADIDAS RÉPLICA DE BALONCESTO 2011-2013 (VERDES)','','','replica-basketball-shorts-adidas-2011-2013-green'),
	(2098,803,3,'PANTALONES CORTOS ADIDAS RÉPLICA DE BALONCESTO 2011-2013 (NEGROS)','PANTALONES CORTOS ADIDAS RÉPLICA DE BALONCESTO 2011-2013 (NEGROS)','PANTALONES CORTOS ADIDAS RÉPLICA DE BALONCESTO 2011-2013 (NEGROS)','','','replica-basketball-shorts-adidas-2011-2013-black'),
	(2099,805,3,'CAMISETA POLO ADIDAS 2011-2012','CAMISETA POLO ADIDAS 2011-2012','CAMISETA POLO ADIDAS 2011-2012','','','polo-adidas-2011-2012'),
	(2100,806,3,'CAMISETA SIN MANGAS ADIDAS 2011-2012 (BLANCA)','CAMISETA SIN MANGAS ADIDAS 2011-2012 (BLANCA)','CAMISETA SIN MANGAS ADIDAS 2011-2012 (BLANCA)','','','sleeveless-tee-adidas-2011-2012-white'),
	(2101,807,3,'PANTALONES DE EJERCICIO ADIDAS 2011-2012 (VERDES)','PANTALONES DE EJERCICIO ADIDAS 2011-2012 (VERDES)','PANTALONES DE EJERCICIO ADIDAS 2011-2012 (VERDES)','','','exercise-pants-adidas-2011-2012-green'),
	(2102,808,3,'PANTALONES DE POLIESTER ADIDAS 2011-2012 (VERDES)','PANTALONES DE POLIESTER ADIDAS 2011-2012 (VERDES)','PANTALONES DE POLIESTER ADIDAS 2011-2012 (VERDES)','','','polyester-trousers-adidas-2011-2012-green'),
	(2103,809,3,'PANTALONES DEPORTIVOS ADIDAS 2011-2012 (GRISES)','PANTALONES DEPORTIVOS ADIDAS 2011-2012 (GRISES)','PANTALONES DEPORTIVOS ADIDAS 2011-2012 (GRISES)','','','adidas-sweat-pants-2011-2012-grey'),
	(2104,810,3,'CHAQUETA CON CAPUCHA ADIDAS 2011-2012','CHAQUETA CON CAPUCHA ADIDAS 2011-2012','CHAQUETA CON CAPUCHA ADIDAS 2011-2012','','','jacket-with-hood-adidas-2011-2012'),
	(2105,811,3,'CHAQUETA ADIDAS 2011-2012','CHAQUETA ADIDAS 2011-2012','CHAQUETA ADIDAS 2011-2012','','','jacket-adidas-2011-2012'),
	(2106,812,3,'SUDADERA ADIDAS 2011-2012 (GRIS)','SUDADERA ADIDAS 2011-2012 (GRIS)','SUDADERA ADIDAS 2011-2012 (GRIS)','','','sweatshirt-adidas-2011-2012-grey'),
	(2107,813,3,'CAMISETA ADIDAS PAO (BLANCA)','CAMISETA ADIDAS PAO (BLANCA)','CAMISETA ADIDAS PAO (BLANCA)','','','t-shirt-adidas-pao-white'),
	(2108,814,3,'CAMISETA ADIDAS PAO BC (VERDE)','CAMISETA ADIDAS PAO BC (VERDE)','CAMISETA ADIDAS PAO BC (VERDE)','','','t-shirt-adidas-pao-bc-green'),
	(2109,829,3,'LLAVERO CON PIEL','LLAVERO CON PIEL','LLAVERO CON PIEL','','','key-ring-with-leather'),
	(2110,831,3,'CAMISETA DIAMANTIDIS No13','CAMISETA DIAMANTIDIS No13','CAMISETA DIAMANTIDIS No13','','','t-shirt-diamantidis-no13'),
	(2111,832,3,'CAMISETA TIC TAC TOE','CAMISETA TIC TAC TOE','CAMISETA TIC TAC TOE','','','t-shirt-tic-tac-toe'),
	(2112,833,3,'KOMBOLÓI','KOMBOLÓI','KOMBOLÓI','','','worry-bead'),
	(2113,834,3,'YO-YO','YO-YO','YO-YO','','','ball-yo-yo'),
	(2114,835,3,'BINOCULARES','BINOCULARES','BINOCULARES','','','binoculars'),
	(2115,836,3,'GORRA','GORRA','GORRA','','','cap'),
	(2116,837,3,'GORRA DIAMANTIDIS','GORRA DIAMANTIDIS','GORRA DIAMANTIDIS','','','cap-diamantidis'),
	(2117,838,3,'CAMISETA \"AND THE JOURNEY GOES ON\"','CAMISETA \"AND THE JOURNEY GOES ON\"','CAMISETA \"AND THE JOURNEY GOES ON\"','','','t-shirt-and-the-journey-goes-on'),
	(2118,839,3,'MOUSEPAD \"AND THE JOURNEY GOES ON\"','MOUSEPAD \"AND THE JOURNEY GOES ON\"','MOUSEPAD \"AND THE JOURNEY GOES ON\"','','','mouse-pad-and-the-journey-goes-on'),
	(2119,840,3,'CAMISETA CON ESCUDO','CAMISETA CON ESCUDO','CAMISETA CON ESCUDO','','','t-shirt-shield'),
	(2120,841,3,'CAMISETA CON CUBOS 3D','CAMISETA CON CUBOS 3D','CAMISETA CON CUBOS 3D','','','t-shirt-3d-cubes'),
	(2121,842,3,'BUFANDA','BUFANDA','BUFANDA','','','scarf'),
	(2122,843,3,'CAMISETA PARA NIÑOS \"AND THE JOURNEY GOES ON\"','CAMISETA PARA NIÑOS \"AND THE JOURNEY GOES ON\"','CAMISETA PARA NIÑOS \"AND THE JOURNEY GOES ON\"','','','t-shirt-for-children-and-the-journey-goes-on'),
	(2123,844,3,'KOMBOLÓI','KOMBOLÓI','KOMBOLÓI','','','worry-bead'),
	(2124,845,3,'BALÓN DE BALONCESTO DE PIEL WILSON','BALÓN DE BALONCESTO DE PIEL WILSON','BALÓN DE BALONCESTO DE PIEL WILSON','','','wilson-leather-basketball'),
	(2125,848,3,'JERSEY DE FÚTBOL 2011-2012 PARA NIÑOS (VERDE)','JERSEY DE FÚTBOL 2011-2012 PARA NIÑOS (VERDE)','JERSEY DE FÚTBOL 2011-2012 PARA NIÑOS (VERDE)','','','junior-football-jersey-2011-2012-green'),
	(2126,849,3,'JERSEY DE FÚTBOL 2011-2012 (VERDE)','JERSEY DE FÚTBOL 2011-2012 (VERDE)','JERSEY DE FÚTBOL 2011-2012 (VERDE)','','','football-jersey-2011-2012-green'),
	(2127,855,3,'BUFANDA DOBLE FAZ','BUFANDA DOBLE FAZ','BUFANDA DOBLE FAZ','','','double-face-scarf'),
	(2128,856,3,'TROFEO EUROLIGA BARCELONA 2011','TROFEO EUROLIGA BARCELONA 2011','TROFEO EUROLIGA BARCELONA 2011','','','euroleague-trophy-barcelona-2011'),
	(2129,857,3,'POSTER \"EUROPEAN CHAMPION BARCELONA 2011\"','POSTER \"EUROPEAN CHAMPION BARCELONA 2011\"','POSTER \"EUROPEAN CHAMPION BARCELONA 2011\"','','','poster-european-champion-barcelona-2011'),
	(2130,858,3,'BUFANDA DOBLE FAZ \"AND THE JOURNEY GOES ON\"','BUFANDA DOBLE FAZ \"AND THE JOURNEY GOES ON\"','BUFANDA DOBLE FAZ \"AND THE JOURNEY GOES ON\"','','','double-face-scarf-and-the-journey-goes-on'),
	(2131,859,3,'CAMISETA GREEK CUP CHAMPION OF 2012','CAMISETA GREEK CUP CHAMPION OF 2012','CAMISETA GREEK CUP CHAMPION OF 2012','','','t-shirt-greek-cup-champion-of-2012'),
	(2132,860,3,'DVD 6to CAMPEONATO EUROPEO','DVD 6to CAMPEONATO EUROPEO','DVD 6to CAMPEONATO EUROPEO','','','6th-european-championship-dvd'),
	(2133,862,3,'COLECCIÓN DE DVD DE LOS 6 CAMPEONATOS EUROPEOS','COLECCIÓN DE DVD DE LOS 6 CAMPEONATOS EUROPEOS','COLECCIÓN DE DVD DE LOS 6 CAMPEONATOS EUROPEOS','','','dvd-collection-of-the-6-european-championships'),
	(2134,864,3,'PIN SHAMROCK','PIN SHAMROCK','PIN SHAMROCK','','','pin-shamrock'),
	(2135,865,3,'LLAVERO \"MY PRIDE\"','LLAVERO \"MY PRIDE\"','LLAVERO \"MY PRIDE\"','','','keyring-my-pride'),
	(2136,867,3,'LLAVERO CON ABREBOTELLAS','LLAVERO CON ABREBOTELLAS','LLAVERO CON ABREBOTELLAS','','','keyring-with-bottle-opener'),
	(2137,868,3,'IMÁN PANATHINAIKOS PARA NEVERAS','IMÁN PANATHINAIKOS PARA NEVERAS','IMÁN PANATHINAIKOS PARA NEVERAS','','','panathinaikos-fridge-magnet'),
	(2138,869,3,'LLAVERO CON GANCHO','LLAVERO CON GANCHO','LLAVERO CON GANCHO','','','keyring-with-climbing-hook'),
	(2139,870,3,'IMÁN SHAMROCK PARA NEVERAS','IMÁN SHAMROCK PARA NEVERAS','IMÁN SHAMROCK PARA NEVERAS','','','fridge-magnet-shamrock'),
	(2140,871,3,'IMÁN PARA NEVERAS CON ABREBOTELLAS','IMÁN PARA NEVERAS CON ABREBOTELLAS','IMÁN PARA NEVERAS CON ABREBOTELLAS','','','fridge-magnet-with-bottle-opener'),
	(2141,872,3,'POSAVASOS 6 PIEZAS','POSAVASOS 6 PIEZAS','POSAVASOS 6 PIEZAS','','','coasters-6-pcs'),
	(2142,873,3,'BUFANDA DOBLE FAZ','BUFANDA DOBLE FAZ','BUFANDA DOBLE FAZ','','','double-face-scarf'),
	(2143,875,3,'PELELE CON PIE PARA BEBÉ','PELELE CON PIE PARA BEBÉ','PELELE CON PIE PARA BEBÉ','','','footed-baby-suit'),
	(2144,876,3,'JUEGO DE 2 PELELES PARA BEBÉ DE MANGA CORTA','JUEGO DE 2 PELELES PARA BEBÉ DE MANGA CORTA','JUEGO DE 2 PELELES PARA BEBÉ DE MANGA CORTA','','','2-pack-short-sleeve-baby-bodysuit'),
	(2145,877,3,'PELELE CON PIE PARA BEBÉ','PELELE CON PIE PARA BEBÉ','PELELE CON PIE PARA BEBÉ','','','footed-baby-suit'),
	(2146,881,3,'JERSEY RÉPLICA DE BALONCESTO 2012-13 (VERDE)','JERSEY RÉPLICA DE BALONCESTO 2012-13 (VERDE)','JERSEY RÉPLICA DE BALONCESTO 2012-13 (VERDE)','','','replica-basketball-jersey-2012-13-green'),
	(2147,882,3,'JERSEY RÉPLICA DE BALONCESTO 2012-13 (NEGRO)','JERSEY RÉPLICA DE BALONCESTO 2012-13 (NEGRO)','JERSEY RÉPLICA DE BALONCESTO 2012-13 (NEGRO)','','','replica-basketball-jersey-2012-13-black'),
	(2148,895,3,'ENCENDEDORES ZIPPO','ENCENDEDORES ZIPPO','ENCENDEDORES ZIPPO','','','zippo-lighter'),
	(2149,896,3,'ENCENDEDORES ZIPPO','ENCENDEDORES ZIPPO','ENCENDEDORES ZIPPO','','','zippo-lighter'),
	(2150,897,3,'ENCENDEDORES ZIPPO','ENCENDEDORES ZIPPO','ENCENDEDORES ZIPPO','','','zippo-lighter'),
	(2151,898,3,'ENCENDEDORES ZIPPO','ENCENDEDORES ZIPPO','ENCENDEDORES ZIPPO','','','zippo-lighter'),
	(2152,899,3,'ENCENDEDORES ZIPPO','ENCENDEDORES ZIPPO','ENCENDEDORES ZIPPO','','','zippo-lighter'),
	(2153,903,3,'PINS \'RESPECT\'','PINS \'RESPECT\'','PINS \'RESPECT\'','','','pins-respect'),
	(2154,907,3,'ΓΙΩΡΓΟΣ','ΓΙΩΡΓΟΣ','ΓΙΩΡΓΟΣ','','','GIORGOS'),
	(2155,908,3,'ΒΑΣΙΛΗΣ','ΒΑΣΙΛΗΣ','ΒΑΣΙΛΗΣ','','','VASILHS'),
	(2156,909,3,'ΑΝΤΩΝΗΣ','ΑΝΤΩΝΗΣ','ΑΝΤΩΝΗΣ','','','ANTONHS'),
	(2157,910,3,'ΓΙΑΝΝΗΣ','ΓΙΑΝΝΗΣ','ΓΙΑΝΝΗΣ','','','GIANNHS'),
	(2158,911,3,'ΧΡΗΣΤΟΣ','ΧΡΗΣΤΟΣ','ΧΡΗΣΤΟΣ','','','CHRHSTOS'),
	(2159,912,3,'ΑΝΑΣΤΑΣΗΣ','ΑΝΑΣΤΑΣΗΣ','ΑΝΑΣΤΑΣΗΣ','','','ANASTASHS'),
	(2160,913,3,'CARTERA PANATHINAIKOS (NEGRA)','CARTERA PANATHINAIKOS (NEGRA)','CARTERA PANATHINAIKOS (NEGRA)','','','wallet-panathinaikos-black'),
	(2161,914,3,'ΚΩΣΤΑΣ','ΚΩΣΤΑΣ','ΚΩΣΤΑΣ','','','KOSTAS'),
	(2162,915,3,'ΘΑΝΑΣΗΣ','ΘΑΝΑΣΗΣ','ΘΑΝΑΣΗΣ','','','THANASHS'),
	(2163,916,3,'ΘΟΔΩΡΗΣ','ΘΟΔΩΡΗΣ','ΘΟΔΩΡΗΣ','','','THODORHS'),
	(2164,917,3,'ΔΗΜΗΤΡΗΣ','ΔΗΜΗΤΡΗΣ','ΔΗΜΗΤΡΗΣ','','','DHMHTRHS'),
	(2165,918,3,'ΜΙΧΑΛΗΣ','ΜΙΧΑΛΗΣ','ΜΙΧΑΛΗΣ','','','MICHALHS'),
	(2166,919,3,'ΑΝΔΡΕΑΣ','ΑΝΔΡΕΑΣ','ΑΝΔΡΕΑΣ','','','ANDREAS'),
	(2167,920,3,'PORTARRETRATOS 3D DIAMANTIDIS','PORTARRETRATOS 3D DIAMANTIDIS','PORTARRETRATOS 3D DIAMANTIDIS','','','frame-3d-diamantidis'),
	(2168,921,3,'ΝΙΚΟΣ','ΝΙΚΟΣ','ΝΙΚΟΣ','','','NIKOS'),
	(2169,922,3,'ΒΑΓΓΕΛΗΣ','ΒΑΓΓΕΛΗΣ','ΒΑΓΓΕΛΗΣ','','','VAGGELHS'),
	(2170,923,3,'ΜΑΝΩΛΗΣ','ΜΑΝΩΛΗΣ','ΜΑΝΩΛΗΣ','','','MANOLHS'),
	(2171,924,3,'ΠΑΝΓΙΩΤΗΣ','ΠΑΝΓΙΩΤΗΣ','ΠΑΝΓΙΩΤΗΣ','','','PANGIOTHS'),
	(2172,925,3,'ΣΠΥΡΟΣ','ΣΠΥΡΟΣ','ΣΠΥΡΟΣ','','','SPYROS'),
	(2173,926,3,'JUEGO DE 2 PELELES PARA BEBÉ DE MANGA LARGA','JUEGO DE 2 PELELES PARA BEBÉ DE MANGA LARGA','JUEGO DE 2 PELELES PARA BEBÉ DE MANGA LARGA','','','2-pack-long-sleeve-baby-bodysuit'),
	(2174,927,3,'PORTARRETRATOS 3D \"AND THE JOURNEY GOES ON\"','PORTARRETRATOS 3D \"AND THE JOURNEY GOES ON\"','PORTARRETRATOS 3D \"AND THE JOURNEY GOES ON\"','','','frame-3d-and-the-journey-goes-on'),
	(2175,928,3,'ΑΛΕΞΑΝΔΡΟΣ','ΑΛΕΞΑΝΔΡΟΣ','ΑΛΕΞΑΝΔΡΟΣ','','','ALEKSANDROS'),
	(2176,929,3,'PORTARRETRATOS 3D \"I LOVE MY TEAM\"','PORTARRETRATOS 3D \"I LOVE MY TEAM\"','PORTARRETRATOS 3D \"I LOVE MY TEAM\"','','','frame-3d-i-love-my-team'),
	(2177,930,3,'TAZA PANATHINAIKOS','TAZA PANATHINAIKOS','TAZA PANATHINAIKOS','','','cup-panathinaikos'),
	(2178,931,3,'PELELE CON PIE PARA BEBÉ','PELELE CON PIE PARA BEBÉ','PELELE CON PIE PARA BEBÉ','','','footed-baby-suit'),
	(2179,932,3,'RELOJ DE PARED CIUDADES EUROPEAS','RELOJ DE PARED CIUDADES EUROPEAS','RELOJ DE PARED CIUDADES EUROPEAS','','','wall-clock-european-cities'),
	(2180,933,3,'RELOJ DESPERTADOR PANATHINAIKOS','RELOJ DESPERTADOR PANATHINAIKOS','RELOJ DESPERTADOR PANATHINAIKOS','','','alarm-clock-panathinaikos'),
	(2181,935,3,'IMÁN \'CAPTAIN\'','IMÁN \'CAPTAIN\'','IMÁN \'CAPTAIN\'','','','magnet-captain'),
	(2182,936,3,'CENICERO Y ENCENDEDOR PANATHINAIKOS','CENICERO Y ENCENDEDOR PANATHINAIKOS','CENICERO Y ENCENDEDOR PANATHINAIKOS','','','ashtray-and-lighter-panathinaikos'),
	(2183,937,3,'ALCANCÍA DE CERÁMICA CLOVER','ALCANCÍA DE CERÁMICA CLOVER','ALCANCÍA DE CERÁMICA CLOVER','','','ceramic-money-drop-with-clover'),
	(2184,938,3,'KAPONO','KAPONO','KAPONO','','','kapono'),
	(2185,939,3,'BANKS','BANKS','BANKS','','','banks'),
	(2186,940,3,'JERSEY OFICIAL DE BALONCESTO 2006-2007 PARA BEBÉS (VERDE)','JERSEY OFICIAL DE BALONCESTO 2006-2007 PARA BEBÉS (VERDE)','JERSEY OFICIAL DE BALONCESTO 2006-2007 PARA BEBÉS (VERDE)','','','official-basketball-jersey-2006-2007-for-babies-green'),
	(2187,941,3,'JERSEY OFICIAL DE BALONCESTO 2006-2007 (VERDE)','JERSEY OFICIAL DE BALONCESTO 2006-2007 (VERDE)','JERSEY OFICIAL DE BALONCESTO 2006-2007 (VERDE)','','','official-basketball-jersey-2006-2007-green'),
	(2188,942,3,'JERSEY OFICIAL DE BALONCESTO 2008-2009 PARA BEBÉS (VERDE)','JERSEY OFICIAL DE BALONCESTO 2008-2009 PARA BEBÉS (VERDE)','JERSEY OFICIAL DE BALONCESTO 2008-2009 PARA BEBÉS (VERDE)','','','official-basketball-jersey-2008-2009-for-babies-green'),
	(2189,943,3,'JERSEY AUTHENTIC DE BALONCESTO 2012-13 (VERDE)','JERSEY AUTHENTIC DE BALONCESTO 2012-13 (VERDE)','JERSEY AUTHENTIC DE BALONCESTO 2012-13 (VERDE)','','','authentic-basketball-jersey-2012-13-green'),
	(2190,944,3,'JERSEY AUTHENTIC DE BALONCESTO 2012-13 (NEGRO)','JERSEY AUTHENTIC DE BALONCESTO 2012-13 (NEGRO)','JERSEY AUTHENTIC DE BALONCESTO 2012-13 (NEGRO)','','','authentic-basketball-jersey-2012-13-black'),
	(2191,945,3,'JERSEY AUTHENTIC DE BALONCESTO 2012-13 (BLANCO)','JERSEY AUTHENTIC DE BALONCESTO 2012-13 (BLANCO)','JERSEY AUTHENTIC DE BALONCESTO 2012-13 (BLANCO)','','','authentic-basketball-jersey-2012-13-white'),
	(2192,946,3,'CAMISETA ADIDAS GREEK CUP CHAMPION OF 2013','CAMISETA ADIDAS GREEK CUP CHAMPION OF 2013','CAMISETA ADIDAS GREEK CUP CHAMPION OF 2013','','','t-shirt-adidas-greek-cup-champion-of-2013'),
	(2193,947,3,'CAMISETA GREEK CUP CHAMPION OF 2013','CAMISETA GREEK CUP CHAMPION OF 2013','CAMISETA GREEK CUP CHAMPION OF 2013','','','t-shirt-greek-cup-champion-of-2013'),
	(2194,948,3,'JERSEY OFICIAL DE BALONCESTO 2006-2007 (BLANCO)','JERSEY OFICIAL DE BALONCESTO 2006-2007 (BLANCO)','JERSEY OFICIAL DE BALONCESTO 2006-2007 (BLANCO)','','','official-basketball-jersey-2006-2007-white'),
	(2195,949,3,'TAZA \"AND THE JOURNEY GOES ON\"','TAZA \"AND THE JOURNEY GOES ON\"','TAZA \"AND THE JOURNEY GOES ON\"','','','cup-and-the-journey-goes-on'),
	(2196,950,3,'BUFANDA MY PRIDE CON BARRAS','BUFANDA MY PRIDE CON BARRAS','BUFANDA MY PRIDE CON BARRAS','','','scarf-with-stripes-my-pride'),
	(2197,951,3,'BANDERÍN \"AND THE JOURNEY GOES ON\"','¡...y el viaje continúa!    En la parte delantera del banderÍn puede ver los monumentos de cada una de las seis ciudades en las que hemos conquistado nuestros trofeos.  En la parte posterior hay una lista con las ciudades y el puntaje del juego ganador fi','¡...y el viaje continúa!<br />  <br />  En la parte delantera del banderÍn puede ver los monumentos de cada una de las seis ciudades en las que hemos conquistado nuestros trofeos.<br />  En la parte posterior hay una lista con las ciudades y el puntaje de','','','pennant-and-the-journey-goes-on'),
	(2198,953,3,'GIST','GIST','GIST','','','gist'),
	(2199,954,3,'SLEEVELESS BABY SUIT \"DIAMANTIDIS\"','I am a little Diamantidis','I am a little Diamantidis','','','sleeveless-baby-suit-diamantidis'),
	(2200,955,3,'BABY PACK','It consists of: 1 cotton baby bib, 1 little towel and 1 waterproof changing pad liners','It consists of: 1 cotton baby bib, 1 little towel and 1 waterproof changing pad liners','','','baby-pack'),
	(2201,956,3,'BABY BATHROBE','One special baby bathrobe! It is made of 100% cotton. <br />  One the right side there is an embroidery with a baby theme!','One special baby bathrobe! It is made of 100% cotton. <br />  One the right side there is an embroidery with a baby theme!','','','baby-bathrobe'),
	(2202,957,3,'BABY SHEETS','Includes 3 pieces: two sheets for the bed and one pillow case. Fabric: 100% Cotton','<div class=\"description\">Includes 3 pieces: two sheets for the bed and one pillow case.<br />  <br />  Fabric: 100% Cotton </div>','','','baby-sheets'),
	(2203,958,3,'SHORT SLEEVE BABY SUIT \"LITTLE STAR\"','PANATHINAIKOS LITTLE STAR','PANATHINAIKOS LITTLE STAR','','','short-sleeve-baby-suit-little star'),
	(2204,959,3,'SHORT SLEEVE BABY SUIT \"BIG LOVE\"','\"Daddy\'s & Mine Big Love\"','<p>\"Daddy\'s &amp; Mine Big Love\"</p>','','','short-sleeve-baby-suit-big-love'),
	(2205,960,3,'COTTON BABY BIB','COTTON BABY BIB','COTTON BABY BIB','','','cotton-baby-bib'),
	(2206,961,3,'PIQUE BLANKET FOR BABIES','Dimensions: 1,00 x 1,60 cm','Dimensions: 1,00 x 1,60 cm','','','pique-blanket-for-babies'),
	(2207,962,3,'T-SHIRT EUROPEAN CHAMPION 2011 (BLACK)','Collective tee. Celebrates the conquest of the 6th European Trophy in 2011. Color: Black','Collective tee. <br />  Celebrates the conquest of the 6th European Trophy in 2011.<br />  Color: Black','','','t-shirt-european-champion-2011-black'),
	(2208,92,4,'ФИГУРКА ВРАНКОВИЧА','Фигурка Стояна Вранковича (Stojan Vrankovic)','Фигурка Стояна Вранковича (Stojan Vrankovic)','','','bobblehead-vrankovic'),
	(2209,100,4,'ФИГУРКА РЕБРАЧА','Фигурка Желько Ребрача (Zeljko Rebraca)','Фигурка Желько Ребрача (Zeljko Rebraca)','','','bobblehead-rebraca'),
	(2210,103,4,'ФИГУРКА СКОТТА','Фигурка Скотта Байрона (Byron Scott)','Фигурка Скотта Байрона (Byron Scott)','','','bobblehead-scott'),
	(2211,108,4,'ФИГУРКА КУТЛУАЙА','Фигурка Ибрахима Кутулау (Ibrahem Kutluay)','Фигурка Ибрахима Кутулау (Ibrahem Kutluay)','','','bobblehead-kutluay'),
	(2212,110,4,'КУБОК ЕВРОЛИГИ, БОЛОНЬЯ 2002','КУБОК ЕВРОЛИГИ, БОЛОНЬЯ 2002 Г.','КУБОК ЕВРОЛИГИ, БОЛОНЬЯ 2002 Г.','','','euroleague-trophy-bolognia-2002'),
	(2213,111,4,'КУБОК ЕВРОЛИГИ, ПАРИЖ 1996','КУБОК ЕВРОЛИГИ, ПАРИЖ 1996 Г.','<span style=\"background-color: #dee0e5;\">КУБОК ЕВРОЛИГИ, ПАРИЖ 1996 Г.</span>','','','euroleague-trophy-paris-1996'),
	(2214,112,4,'КУБОК ЕВРОЛИГИ, САЛОНИКИ 2000','КУБОК ЕВРОЛИГИ, САЛОНИКИ 2000 Г.','КУБОК ЕВРОЛИГИ, САЛОНИКИ 2000 Г.','','','euroleague-trophy-thessaloniki-2000'),
	(2215,118,4,'МАЙКА-ПОЛО С ИЗОБРАЖЕНИЕМ ТРИЛИСТНИКА (БЕЛАЯ)','Майка-поло белая с трилистником','Майка-поло белая с трилистником','','','polo-clover-white'),
	(2216,120,4,'КЕПКА','Кепка зеленая с трилистником','Кепка зеленая с трилистником','','','cap'),
	(2217,143,4,'ЧАСЫ-БАСКЕТБОЛЬНЫЙ МЯЧ','ЧАСЫ - БАСКЕТБОЛЬНЫЙ МЯЧ, ОГРАНИЧЕННЫЙ ВЫПУСК  Настольные цифровые часы','ЧАСЫ - БАСКЕТБОЛЬНЫЙ МЯЧ, ОГРАНИЧЕННЫЙ ВЫПУСК<br />  Настольные цифровые часы','','','basket-ball-clock'),
	(2218,153,4,'БРЕЛОК С НАДПИСЬЮ \"PANATHINAIKOS 1908\"','БРЕЛОК PANATHINAIKOS 1908','БРЕЛОК PANATHINAIKOS 1908','','','key-ring-panathinaikos-1908'),
	(2219,157,4,'ОТКРЫВАЛКА С НАДПИСЬЮ \"PANATHINAIKOS 1908\"','ОТКРЫВАШКА ДЛЯ БУТЫЛОК PANATHINAIKOS 1908  С магнитом на обратной стороне','ОТКРЫВАШКА ДЛЯ БУТЫЛОК PANATHINAIKOS 1908<br />  С магнитом на обратной стороне','','','bottle-opener-panathinaikos-1908'),
	(2220,158,4,'ЧЕТКИ С НАДПИСЬЮ \"PANATHINAIKOS 1908\"','Четки с акриловыми бусинами  Цвет: белый','Четки с акриловыми бусинами<br />  Цвет: белый','','','worry-bead-panathinaikos-1908'),
	(2221,164,4,'ЗАЖИГАЛКА ZIPPO С НАДПИСЬЮ \"PANATHINAIKOS B.C.\"','Для коллекции с мячом 3 звезды','Для коллекции с мячом 3 звезды','','','zippo-panathinaikos-b-c'),
	(2222,166,4,'ФУТБОЛКА  С НАДПИСЬЮ \"PANATHINAIKOS\", БЕЛОГО ЦВЕТА','РУБАШКА PANATHINAIKOS  Цвет: белый','РУБАШКА PANATHINAIKOS<br />  Цвет: белый','','','shirt-panathinaikos-white'),
	(2223,167,4,'ТЕРМОКРУЖКА','PANATHINAIKOS','PANATHINAIKOS','','','thermo-cup'),
	(2224,172,4,'ВОЗДУШНЫЕ ШАРЫ С НАДПИСЬЮ \"PANATHINAIKOS\", БЕЛОГО ЦВЕТА','ШАРЫ PANATHINAIKOS БЕЛЫЕ  Шары Panathinaikos  для вечеринок и праздников. 10 штук в упаковке.','ШАРЫ PANATHINAIKOS БЕЛЫЕ<br />  Шары Panathinaikos  для вечеринок и праздников. 10 штук в упаковке.','','','balloons-panathinaikos-white'),
	(2225,174,4,'ЖУРНАЛ ИСТОРИИ ПОБЕД GLORY DAYS','Журнал истории побед клуба Panathinaikos 1992-2007, на греческом языке.','Журнал истории побед клуба Panathinaikos 1992-2007, на греческом языке.','','','glory-days'),
	(2226,182,4,'ФУТБОЛКА ДЛЯ ЮНИОРОВ С НАДПИСЬЮ \"DAMAN\" (ДАМАН)','Для детей от 1 года до 10 лет.','Для детей от 1 года до 10 лет.','','','jounior-t-shirt-daman'),
	(2227,184,4,'ФУТБОЛКА С ЗОЛОТОЙ НАДПИСЬЮ \"PANATHINAIKOS\"','Черная футболка с золотыми буквами.','Черная футболка с золотыми буквами.','','','t-shirt-panathinaikos-gold-letters'),
	(2228,185,4,'РЮКЗАК С НАДПИСЬЮ \"PANATHINAIKOS\"','РЮКЗАК PANATHINAIKOS','РЮКЗАК PANATHINAIKOS','','','sailor-bagpanathinaikos'),
	(2229,186,4,'ОХЛАДИТЕЛЬ С НАДПИСЬЮ \"PANATHINAIKOS\"','ОХЛАДИТЕЛЬ С НАДПИСЬЮ \"PANATHINAIKOS\"','ОХЛАДИТЕЛЬ С НАДПИСЬЮ \"PANATHINAIKOS\"','','','cooler-panathinaikos'),
	(2230,188,4,'СУМОЧКА ДЛЯ CD-ДИСКОВ С НАДПИСЬЮ \"PANATHINAIKOS B.C.\"','СУМКА ДЛЯ CD-ДИСКОВ PANATHINAIKOS B.C.','СУМКА ДЛЯ CD-ДИСКОВ PANATHINAIKOS B.C.','','','cd-case-panathinaikos-b-c'),
	(2231,192,4,'КУБОК ЕВРОЛИГИ, АФИНЫ 2007 Г.','КУБОК ЕВРОЛИГИ АФИНЫ 2007','КУБОК ЕВРОЛИГИ АФИНЫ 2007','','','euroleague-trophy-athens-2007'),
	(2232,193,4,'БОКСЕРЫ С НАДПИСЬЮ \"PANATHINAIKOS\"','БОКСЕРЫ PANATHINAIKOS','БОКСЕРЫ PANATHINAIKOS','','','boxer-panathinaikos'),
	(2233,194,4,'БЛОКНОТ С НАДПИСЬЮ \"PANATHINAIKOS\"','БЛОКНОТ ДЛЯ ЗАМЕТОК PANATHINAIKOS','БЛОКНОТ ДЛЯ ЗАМЕТОК PANATHINAIKOS','','','memo-pad-panathinaikos'),
	(2234,196,4,'USB-ФЛЕШ-НАКОПИТЕЛЬ (1 ГБ), PANATHINAIKOS','С мячом, 4 звездами и логотипом РАО','<div class=\"description\">С мячом, 4 звездами и логотипом РАО  </div>','','','usb-1gb-panathinaikos'),
	(2235,203,4,'ФУТБОЛКА ДЛЯ ЮНИОРОВ С НАДПИСЬЮ \"PANATHINAIKOS\"','ФУТБОЛКА ДЛЯ ПОДРОСТКОВ PANATHINAIKOS ВС','ФУТБОЛКА ДЛЯ ПОДРОСТКОВ PANATHINAIKOS ВС','','','jounior-t-shirt-panathinaikos-bc'),
	(2236,204,4,'ЖЕНСКАЯ КУРТКА С НАДПИСЬЮ \"PANATHINAIKOS BC\" (БЕЛОГО ЦВЕТА)','ЖЕНСКАЯ КУРТКА С НАДПИСЬЮ \"PANATHINAIKOS BC\"','ЖЕНСКАЯ КУРТКА С НАДПИСЬЮ \"PANATHINAIKOS BC\"','','','womans-jacket-panathinaikos-bc-white'),
	(2237,219,4,'ФЛАГ С НАДПИСЬЮ \"PANATHINAIKOS\"','ФЛАГ PANATHINAIKOS Размер флага 90*150 см.','ФЛАГ PANATHINAIKOS<br />Размер флага 90*150 см.','','','flag-panathinaikos'),
	(2238,222,4,'СУМКА НА ПОЯС С НАДПИСЬЮ \"PANATHINAIKOS\"','ПОЯСНОЙ КОШЕЛЕК PANATHINAIKOS','ПОЯСНОЙ КОШЕЛЕК PANATHINAIKOS','','','waist-bag-panathinaikos'),
	(2239,223,4,'ТЕРМОКРУЖКА С НАДПИСЬЮ \"100 YEARS\"','ТЕРМОКРУЖКА С НАДПИСЬЮ  \"100 YEARS\"','ТЕРМОКРУЖКА С НАДПИСЬЮ  \"100 YEARS\"','','','thermo-cup-100-years'),
	(2240,224,4,'БРЕЛОК С НАДПИСЬЮ \"100 YEARS\"','БРЕЛОК С НАДПИСЬЮ \"100 YEARS\"','БРЕЛОК С НАДПИСЬЮ \"100 YEARS\"','','','keyring-100-years'),
	(2241,230,4,'ЗАЖИГАЛКА С НАДПИСЬЮ \"PANATHINAIKOS B.C.\"','ЗАЖИГАЛКА С НАДПИСЬЮ \"PANATHINAIKOS B.C.\"','ЗАЖИГАЛКА С НАДПИСЬЮ \"PANATHINAIKOS B.C.\"','','','lighter-panathinaikos-b-c'),
	(2242,231,4,'ЗАЖИГАЛКА С НАДПИСЬЮ \"TROPHY COLLECTOR\" (КОЛЛЕКЦИОНЕР НАГРАД)','ЗАЖИГАЛКА С НАДПИСЬЮ \"TROPHY COLLECTOR\"','ЗАЖИГАЛКА С НАДПИСЬЮ \"TROPHY COLLECTOR\"','','','lighter-trophy-collector'),
	(2243,232,4,'ЗАЖИГАЛКА С НАДПИСЬЮ \"DAMAN\"','ЗАЖИГАЛКА С НАДПИСЬЮ \"DAMAN\"','ЗАЖИГАЛКА С НАДПИСЬЮ \"DAMAN\"','','','lighter-daman'),
	(2244,234,4,'ЗАЖИГАЛКА С НАДПИСЬЮ \"EUROPEAN CHAMPION\" (ЧЕМПИОН ЕВРОПЫ)','ЗАЖИГАЛКА С НАДПИСЬЮ \"EUROPEAN CHAMPION\"','ЗАЖИГАЛКА С НАДПИСЬЮ \"EUROPEAN CHAMPION\"','','','lighter-european-champion'),
	(2245,235,4,'ЗАЖИГАЛКА С НАДПИСЬЮ \"COMET\" (КОМЕТА)','ЗАЖИГАЛКА С НАДПИСЬЮ \"COMET\"','ЗАЖИГАЛКА С НАДПИСЬЮ \"COMET\"','','','lighter-comet'),
	(2246,236,4,'ЗАЖИГАЛКА С НАДПИСЬЮ \"PANATHINAIKOS B.C.\"','ЗАЖИГАЛКА С НАДПИСЬЮ \"PANATHINAIKOS B.C.\"','ЗАЖИГАЛКА С НАДПИСЬЮ \"PANATHINAIKOS B.C.\"','','','lighter-panathinaikos-b-c'),
	(2247,240,4,'СЕРЕБРЯНЫЕ ЗАПОНКИ С НАДПИСЬЮ \"PANATHINAIKOS\"','ПОСЕРЕБРЕНЫЕ ЗАПОНКИ PANATHINAIKOS','ПОСЕРЕБРЕНЫЕ ЗАПОНКИ PANATHINAIKOS','','','silver-plated-cuff-links-panathinaikos'),
	(2248,242,4,'СЕРЕБРЯНЫЙ (925 ПРОБА) ЗНАЧОК С НАДПИСЬЮ \"PANATHINAIKOS\"','ПОСЕРЕБРЕНЫЙ (925) ЗНАЧОК PANATHINAIKOS','ПОСЕРЕБРЕНЫЙ (925) ЗНАЧОК PANATHINAIKOS','','','silver-plated-925-pin-panathinaikos'),
	(2249,245,4,'БРЕЛОК С НАДПИСЬЮ \"ALVERTIS\" (АЛВЕРТИС)','БРЕЛОК С ИМЕНЕМ \"ALVERTIS\"','БРЕЛОК С ИМЕНЕМ \"ALVERTIS\"','','','keyring-alvertis'),
	(2250,246,4,'БРЕЛОК С ПОДСВЕТКОЙ С НАДПИСЬЮ \"PANATHINAIKOS\"','БРЕЛОК СО СВЕТОДИОДАМИ PANATHINAIKOS','БРЕЛОК СО СВЕТОДИОДАМИ PANATHINAIKOS','','','keyring-with-led-panathinaikos'),
	(2251,252,4,'ЧЕМОДАН С НАДПИСЬЮ \"PANATHINAIKOS\"','ЧЕМОДАН С НАДПИСЬЮ \"PANATHINAIKOS\"','ЧЕМОДАН С НАДПИСЬЮ \"PANATHINAIKOS\"','','','luggage-panathinaikos'),
	(2252,254,4,'РЕТРО ФУТБОЛКА С НАДПИСЬЮ \"PANATHINAIKOS\"','РЕТРО ФУТБОЛКА С НАДПИСЬЮ \"PANATHINAIKOS\"','РЕТРО ФУТБОЛКА С НАДПИСЬЮ \"PANATHINAIKOS\"','','','t-shirt-retro-panathinaikos'),
	(2253,258,4,'ФЛАГ С НАДПИСЬЮ \"PANATHINAIKOS B.C.\"','ФЛАГ \"PANATHINAIKOS B.C.\"','ФЛАГ \"PANATHINAIKOS B.C.\"','','','flag-panathinaikos-b-c'),
	(2254,259,4,'ФЛАГ С НАДПИСЬЮ \"100 YEARS\"','ФЛАГ \"100 YEARS\"','ФЛАГ \"100 YEARS\"','','','flag-100-years'),
	(2255,266,4,'КУРТКА ДЛЯ ЮНИОРОВ С НАДПИСЬЮ \"PANATHINAIKOS\"','КУРТКА ДЛЯ ЮНИОРОВ PANATHINAIKOS','КУРТКА ДЛЯ ЮНИОРОВ PANATHINAIKOS','','','junior-jacket-panathinaikos'),
	(2256,268,4,'ЖЕНСКАЯ КУРТКА С НАДПИСЬЮ \"PANATHINAIKOS B.C.\" (ЗЕЛЕНОГО ЦВЕТА)','ЖЕНСКАЯ КУРТКА С НАДПИСЬЮ \"PANATHINAIKOS B.C.\"','ЖЕНСКАЯ КУРТКА С НАДПИСЬЮ \"PANATHINAIKOS B.C.\"','','','womans-jacket-panathinaikos-b-c-green'),
	(2257,269,4,'ЗНАЧОК С НАДПИСЬЮ \"PANATHINAIKOS B.C.\"','ЗНАЧОК С НАДПИСЬЮ \"PANATHINAIKOS B.C.\"','ЗНАЧОК С НАДПИСЬЮ \"PANATHINAIKOS B.C.\"','','','pin-panathinaikos-b-c'),
	(2258,270,4,'ЗНАЧОК КУБКА С НАДПИСЬЮ \"PARIS 1996\" (ПАРИЖ, 1996 Г.)','ЗНАЧОК КУБОК \"PARIS 1996\"','ЗНАЧОК КУБОК \"PARIS 1996\"','','','pin-cup-paris-1996'),
	(2259,271,4,'ЗНАЧОК КУБКА С НАДПИСЬЮ \"THESSALONIKI 2000\" (САЛОНИКИ, 2000 Г.)','ЗНАЧОК КУБОК \" THESSALONIKI 2000\"','ЗНАЧОК КУБОК \" THESSALONIKI 2000\"','','','pin-cup-thessaloniki-2000'),
	(2260,272,4,'ЗНАЧОК КУБКА С НАДПИСЬЮ \"ATHENS 2007\" (АФИНЫ, 2007 Г.)','ЗНАЧОК СУБОК \"ATHENS 2007\"','ЗНАЧОК СУБОК \"ATHENS 2007\"','','','pin-cup-athens-2007'),
	(2261,276,4,'ЗНАЧОК С НАДПИСЬЮ \"PANATHINAIKOS\"','ЗНАЧОК \"PANATHINAIKOS\"','ЗНАЧОК \"PANATHINAIKOS\"','','','pin-panathinaikos'),
	(2262,279,4,'ПОВЯЗКА НА ГОЛОВУ С НАДПИСЬЮ \"PANATHINAIKOS\"','Белая головная повязка с лого Panathinaikos','<div class=\"description\">Белая головная повязка с лого Panathinaikos </div>','','','headband-panathinaikos'),
	(2263,280,4,'ПОВЯЗКА НА ГОЛОВУ С НАДПИСЬЮ \"PANATHINAIKOS\"','Черная головная повязка с лого Panathinaikos','<div class=\"description\">Черная головная повязка с лого Panathinaikos </div>','','','headband-panathinaikos'),
	(2264,281,4,'ПОВЯЗКА НА ГОЛОВУ С НАДПИСЬЮ \"PANATHINAIKOS\"','Зеленый головная повязка с лого Panathinaikos','<div class=\"description\">Зеленый головная повязка с лого Panathinaikos </div>','','','headband-panathinaikos'),
	(2265,285,4,'ЗНАЧОК КУБКА, БОЛОНЬЯ, 2002 Г.','ЗНАЧОК КУБОК БОЛОНЬИ 2002 BOLOGNA CUP','ЗНАЧОК КУБОК БОЛОНЬИ &mdash; 2002 BOLOGNA CUP','','','pin-2002-bologna-cup'),
	(2266,287,4,'ЖЕНСКИЕ ШОРТЫ С НАДПИСЬЮ \"PANATHINAIKOS\"','ЖЕНСКИЕ ШОРТЫ \"PANATHINAIKOS\" СО СТРАЗАМИ','ЖЕНСКИЕ ШОРТЫ \"PANATHINAIKOS\"<br />  СО СТРАЗАМИ','','','womans-shorts-panathinaikos'),
	(2267,288,4,'ОРГАНАЙЗЕР С НАДПИСЬЮ \"PANATHINAIKOS B.C.\"','ОРГАНАЙЗЕР \"PANATHINAIKOS B.C.\"','ОРГАНАЙЗЕР \"PANATHINAIKOS B.C.\"','','','organiser-panathinaikos-b-c'),
	(2268,289,4,'ЖЕНСКИЕ ШТАНЫ С НАДПИСЬЮ \"PANATHINAIKOS\" (ЗЕЛЕНОГО ЦВЕТА)','ЖЕНСКИЕ ТРЕНИРОВОЧНЫЕ БРЮКИ \"PANATHINAIKOS BC\"','ЖЕНСКИЕ ТРЕНИРОВОЧНЫЕ БРЮКИ \"PANATHINAIKOS BC\"','','','womans-pants-panathinaikos-green'),
	(2269,293,4,'ЖЕНСКИЕ ШТАНЫЫ С НАДПИСЬЮ \"PANATHINAIKOS\" (ЧЕРНОГО ЦВЕТА)','ЖЕНСКИЕ ТРЕНИРОВОЧНЫЕ БРЮКИ \"PANATHINAIKOS\"','ЖЕНСКИЕ ТРЕНИРОВОЧНЫЕ БРЮКИ \"PANATHINAIKOS\"','','','womans-pants-panathinaikos-black'),
	(2270,295,4,'ЖЕНСКАЯ МАЙКА КЛУБА PANATHINAIKOS','Со стразами','Со стразами','','','panathinaikos-women-top'),
	(2271,299,4,'ФУТБОЛКА ДЛЯ ЮНИОРОВ С НАДПИСЬЮ \"PANATHINAIKOS\"','ФУТБОЛКА ДЛЯ ПОДРОСТКОВ \"PANATHINAIKOS\".','ФУТБОЛКА ДЛЯ ПОДРОСТКОВ \"PANATHINAIKOS\".','','','junior-t-shirt-panathinaikos'),
	(2272,300,4,'МАЙКА ДЛЯ ЮНИОРОВ С НАДПИСЬЮ \"PANATHINAIKOS\"','МАЙКА ДЛЯ ЮНИОРОВ \"PANATHINAIKOS\"','МАЙКА ДЛЯ ЮНИОРОВ \"PANATHINAIKOS\"','','','junior-undershirt-panathinaikos'),
	(2273,301,4,'БОКСЕРЫ ДЛЯ ЮНИОРОВ С НАДПИСЬЮ \"PANATHINAIKOS\"','БОКСЕРЫ  ДЛЯ ЮНИОРОВ \"PANATHINAIKOS\"','БОКСЕРЫ  ДЛЯ ЮНИОРОВ \"PANATHINAIKOS\"','','','junior-boxer-panathinaikos'),
	(2274,304,4,'БОДИ БЕЗ РУКАВОВ С НАДПИСЬЮ \"PANATHINAIKOS\"','БОДИ БЕЗ РУКАВОВ \"PANATHINAIKOS\"','БОДИ БЕЗ РУКАВОВ \"PANATHINAIKOS\"','','','w-o-sleeve-bodysuit-panathinaikos'),
	(2275,305,4,'БОДИ С КОРОТКИМИ РУКОВАМИ С НАДПИСЬЮ \"PANATHINAIKOS\"','БОДИ С КОРОТКИМИ РУКУВАМИ \"PANATHINAIKOS\"','БОДИ С КОРОТКИМИ РУКУВАМИ \"PANATHINAIKOS\"','','','short-sleeve-bodysuit-panathinaikos'),
	(2276,307,4,'БОКСЕРЫ ДЛЯ ЮНИОРОВ С ИЗОБРАЖЕНИЕМ БАСКЕТБОЛЬНОЙ КОРЗИНЫ','БОКСЕРЫ ДЛЯ ЮНИОРОВ \"BASKET\"','БОКСЕРЫ ДЛЯ ЮНИОРОВ \"BASKET\"','','','junior-boxer-basket'),
	(2277,323,4,'НАБОР \"MY FIRST PANATHINAIKOS T-SHIRT\" (МОЯ ПЕРВАЯ ФУТБОЛКА КЛУБА PANATHINAIKOS)','НАБОР \"МОЯ ПЕРВАЯ ФУТБОЛКА PANATHINAIKOS\"','НАБОР \"МОЯ ПЕРВАЯ ФУТБОЛКА PANATHINAIKOS\"','','','set-my-first-panathinaikos-t-shirt'),
	(2278,324,4,'НАБОР \"PANATHINAIKOS\"','НАБОР \"PANATHINAIKOS\"','НАБОР \"PANATHINAIKOS\"','','','set-panathinaikos'),
	(2279,325,4,'МАЙКА-ПОЛО С НАДПИСЬЮ \"PANATHINAIKOS\"','ПОЛО \"PANATHINAIKOS\"','ПОЛО \"PANATHINAIKOS\"','','','polo-panathinaikos'),
	(2280,326,4,'ПИЖАМА ДЛЯ ЮНИОРОВ С НАДПИСЬЮ \"PANATHINAIKOS\"','ПИЖАМА ДЛЯ ДЕТЕЙ \"PANATHINAIKOS\" ОТ 0 ДО 6 ЛЕТ','ПИЖАМА ДЛЯ ДЕТЕЙ \"PANATHINAIKOS\" ОТ 0 ДО 6 ЛЕТ','','','jounior-pyjamas-panathinaikos'),
	(2281,329,4,'ЮБИЛЕЙНАЯ ВЕРХНЯЯ ФОРМА','ЮБИЛЕЙНАЯ ВЕРХНЯЯ ФОРМА','ЮБИЛЕЙНАЯ ВЕРХНЯЯ ФОРМА','','','centenary-jersey'),
	(2282,336,4,'НАБОРЫ НАКЛЕЕК','Набор из 20 штук.','Набор из 20 штук.','','','sticker-labels-sets'),
	(2283,358,4,'ЗЕЛЕНЫЕ ШТАНЫ ДЛЯ ТРЕНИРОВОК КЛУБА PANATHINAIKOS','ЗЕЛЕНЫЕ ТРЕНИРОВОЧНЫЕ БРЮКИ PANATHINAIKOS','ЗЕЛЕНЫЕ ТРЕНИРОВОЧНЫЕ БРЮКИ PANATHINAIKOS','','','green-training-pants-panathinaikos'),
	(2284,359,4,'ЧЕРНЫЕ ШТАНЫ ДЛЯ ТРЕНИРОВОК КЛУБА PANATHINAIKOS','ЧЕРНЫЕ ТРЕНИРОВОЧНЫЕ БРЮКИ PANATHINAIKOS','ЧЕРНЫЕ ТРЕНИРОВОЧНЫЕ БРЮКИ PANATHINAIKOS','','','black-training-pants-panathinaikos'),
	(2285,364,4,'ОФИЦИАЛЬНАЯ ВЕРХНЯЯ ВОЛЕЙБОЛЬНАЯ ФОРМА, 2008-2009 (ЗЕЛЕНОГО ЦВЕТА)','ОФИЦИАЛЬНАЯ ВЕРХНЯЯ ФОРМА ДЛЯ ВОЛЕЙБОЛА, 2008-2009 Цвет: зеленый','<span style=\"background-color: #dee0e5;\">ОФИЦИАЛЬНАЯ ВЕРХНЯЯ ФОРМА ДЛЯ ВОЛЕЙБОЛА, 2008-2009<br />  Цвет: зеленый</span>','','','official-volleyball-jersey-2008-2009-green'),
	(2286,368,4,'КУРТКА С НАДПИСЬЮ \"PANATHINAIKOS 1908\"','КУРТКА С НАДПИСЬЮ \"PANATHINAIKOS 1908\"','КУРТКА С НАДПИСЬЮ \"PANATHINAIKOS 1908\"','','','jacket-panathinaikos-1908'),
	(2287,369,4,'КУРТКА ДЛЯ ЮНИОРОВ С НАДПИСЬЮ \"PANATHINAIKOS B.C.\"','КУРТКА ДЛЯ ЮНИОРОВ С НАДПИСЬЮ \"PANATHINAIKOS B.C.\"','КУРТКА ДЛЯ ЮНИОРОВ С НАДПИСЬЮ \"PANATHINAIKOS B.C.\"','','','junior-jacket-panathinaikos-b-c'),
	(2288,370,4,'ЗЕЛЕНЫЕ БОКСЕРЫ ДЛЯ ЮНИОРОВ С НАДПИСЬЮ \"PANATHINAIKOS\"','ЗЕЛЕНЫЕ БОКСЕРЫ  ДЛЯ ЮНИОРОВ С НАДПИСЬЮ \"PANATHINAIKOS\"','ЗЕЛЕНЫЕ БОКСЕРЫ  ДЛЯ ЮНИОРОВ С НАДПИСЬЮ \"PANATHINAIKOS\"','','','green-junior-boxer-panathinaikos'),
	(2289,372,4,'ФУТБОЛКА С ДЛИННЫМИ РУКОВАМИ С НАДПИСЬЮ \"PANATHINAIKOS\"','ФУТБОЛКА С ДЛИННЫМИ РУКАВАМИ С НАДПИСЬЮ \"PANATHINAIKOS\" , ЗЕЛЕНАЯ','ФУТБОЛКА С ДЛИННЫМИ РУКАВАМИ С НАДПИСЬЮ \"PANATHINAIKOS\" , ЗЕЛЕНАЯ','','','long-sleeved-t-shirt-panathinaikos'),
	(2290,383,4,'ОФИЦИАЛЬНАЯ ВЕРХНЯЯ БАСКЕТБОЛЬНАЯ ФОРМА ДЛЯ ЮНИОРОВ, 2008-2009 Г. (ЗЕЛЕНОГО ЦВЕТА)','ОФИЦИАЛЬНАЯ ВЕРХНЯЯ ФОРМА ДЛЯ БАСКЕТБОЛА ДЛЯ ЮНИОРОВ, 2008-2009 Цвет: зеленый','ОФИЦИАЛЬНАЯ ВЕРХНЯЯ ФОРМА ДЛЯ БАСКЕТБОЛА ДЛЯ ЮНИОРОВ, 2008-2009 <br />  Цвет: зеленый','','','official-basketball-junior-jersey-2008-09-green'),
	(2291,384,4,'ОФИЦИАЛЬНАЯ ВЕРХНЯЯ БАСКЕТБОЛЬНАЯ ФОРМА ДЛЯ ЮНИОРОВ, 2008-2009 (БЕЛОГО ЦВЕТА)','ОФИЦИАЛЬНАЯ ВЕРХНЯЯ ФОРМА ДЛЯ БАСКЕТБОЛА ДЛЯ ЮНИОРОВ, 2008-2009 Цвет: белый','ОФИЦИАЛЬНАЯ ВЕРХНЯЯ ФОРМА ДЛЯ БАСКЕТБОЛА ДЛЯ ЮНИОРОВ, 2008-2009 <br />  Цвет: белый','','','official-basketball-junior-jersey-2008-09-white'),
	(2292,393,4,'ОФИЦИАЛЬНАЯ ВЕРХНЯЯ ВОЛЕЙБОЛЬНАЯ ФОРМА, 2008-2009 (БЕЛОГО ЦВЕТА)','ОФИЦИАЛЬНАЯ ВЕРХНЯЯ ФОРМА ДЛЯ ВОЛЕЙБОЛА, 2008-2009  Цвет: белый','ОФИЦИАЛЬНАЯ ВЕРХНЯЯ ФОРМА ДЛЯ ВОЛЕЙБОЛА, 2008-2009<br />  Цвет: белый','','','official-volleyball-jersey-2008-2009-white'),
	(2293,394,4,'ФУТБОЛКА С НАДПИСЬЮ \"PANATHINAIKOS\"','ФУТБОЛКА С НАДПИСЬЮ \"PANATHINAIKOS\".','ФУТБОЛКА С НАДПИСЬЮ \"PANATHINAIKOS\".','','','t-shirt-panathinaikos'),
	(2294,399,4,'ПЕПЕЛЬНИЦА','ПЕПЕЛЬНИЦА С НАДПИСЬЮ \"PANATHINAIKOS\"','ПЕПЕЛЬНИЦА С НАДПИСЬЮ \"PANATHINAIKOS\"','','','ashtray'),
	(2295,403,4,'ПОЛДУШКА С НАДПИСЬЮ \"PANATHINAIKOS\"','ПОДУШКА С НАДПИСЬЮ \"PANATHINAIKOS\"','ПОДУШКА С НАДПИСЬЮ \"PANATHINAIKOS\"','','','pillow-panathinaikos'),
	(2296,404,4,'КРЮЧОК С  НАДПИСЬЮ \"PANATHINAIKOS\"','ВЕШАЛКА С НАДПИСЬЮ \"PANATHINAIKOS\"','ВЕШАЛКА С НАДПИСЬЮ \"PANATHINAIKOS\"','','','hanger-panathinaikos'),
	(2297,405,4,'ПОДСТАВКА ПОД ТАРЕЛКУ С НАДПИСЬЮ \"PANATHINAIKOS\"','ДВЕРНОЙ КОВРИК С НАДПИСЬЮ \"PANATHINAIKOS\"','ДВЕРНОЙ КОВРИК С НАДПИСЬЮ \"PANATHINAIKOS\"','','','placemat-panathinaikos'),
	(2298,407,4,'РАМКА С НАДПИСЬЮ \"PANATHINAIKOS SEASON 2008-2009\" (КЛУБ PANATHINAIKOS, СЕЗОН 2008-2009)','РАМКА С НАДПИСЬЮ \"PANATHINAIKOS SEASON 2008-2009\"','РАМКА С НАДПИСЬЮ \"PANATHINAIKOS SEASON 2008-2009\"','','','frame-panathinaikos-season-2008-2009'),
	(2299,415,4,'ФУТБОЛКА ADIDAS ОБЛАДАТЕЛЯ КУБКА 2009 Г.','ФУТБОЛКА ADIDAS EUROPEAN CHAMPION 2009','ФУТБОЛКА ADIDAS EUROPEAN CHAMPION 2009','','','t-shirt-european-champion-2009'),
	(2300,416,4,'ДЕТСКАЯ ФУТБОЛКА ADIDAS ОБЛАДАТЕЛЯ КУБКА 2009 Г.','ФУТБОЛКА ADIDAS EUROPEAN CHAMPION 2009 ДЛЯ ДЕТЕЙ','ФУТБОЛКА ADIDAS EUROPEAN CHAMPION 2009 ДЛЯ ДЕТЕЙ','','','t-shirt-european-champion-2009-for-children'),
	(2301,418,4,'ПОЛЗУНКИ С КОРОТКИМИ РУКОВАМИ С ИЗОБРАЖЕНИЕМ ТРИЛИСТНИКА И ЭМБЛЕМОЙ PAO','ПИКЕЙНЫЕ ПОРЛЗУНКИ С КОРОТКИМИ РУКАВАМИ И ЗНАКОМ РАО','ПИКЕЙНЫЕ ПОРЛЗУНКИ С КОРОТКИМИ РУКАВАМИ И ЗНАКОМ РАО','','','pique-short-sleeved-crawler-with-pao-sign'),
	(2302,419,4,'ХЛОПКОВЫЕ ПОЛЗУНКИ С КОРОТКИМИ РУКОВАМИ И ЭМБЛЕМОЙ PAO','Х/Б ПОЛЗУНКИ С КОРОТКИМИ РУКАВАМИ И ЗНАКОМ РАО','Х/Б ПОЛЗУНКИ С КОРОТКИМИ РУКАВАМИ И ЗНАКОМ РАО','','','cotton-crawler-with-short-sleeves-and-pao-sign'),
	(2303,423,4,'ПИЖАМА ДЛЯ ЮНИОРОВ, PAO, 14-16','ПИЖАМА ДЛЯ ЮНИОРОВ РАО 14&ndash;16 ЛЕТ','ПИЖАМА ДЛЯ ЮНИОРОВ РАО 14&ndash;16 ЛЕТ','','','junior-pajamas-pao-14-16'),
	(2304,424,4,'ФЛАЖОК, ЧЕМПИОН ЕВРОПЫ 2009 Г., БОЛЬШОЙ','ФЛАЖОК EUROPEAN CHAMPION 2009 БОЛЬШОЙ','ФЛАЖОК EUROPEAN CHAMPION 2009 БОЛЬШОЙ','','','pennant-european-champion-2009-large'),
	(2305,425,4,'ФЛАЖОК, ЧЕМПИОН ЕВРОПЫ 2009 Г., МАЛЕНЬКИЙ','ФЛАЖОК EUROPEAN CHAMPION 2009 МАЛЕНЬКИЙ','ФЛАЖОК EUROPEAN CHAMPION 2009 МАЛЕНЬКИЙ','','','pennant-european-champion-2009-small'),
	(2306,426,4,'ФУТБОЛКА TRIPLE CROWN, 2009 Г.','ФУТБОЛКА TRIPLE CROWN 2009','ФУТБОЛКА TRIPLE CROWN 2009','','','t-shirt-triple-crown-2009'),
	(2307,429,4,'ЖЕНСКАЯ МАЙКА С НАБИВКОЙ ЭМБЛЕМЫ КЛУБА PANATHINAIKOS','ТОП ДЛЯ ЖЕНЩИН С НАДПИСЬЮ PANATHINAIKOS','ТОП ДЛЯ ЖЕНЩИН С НАДПИСЬЮ PANATHINAIKOS','','','womens-top-with-panathinaikos-print'),
	(2308,432,4,'ФИРМЕННАЯ ФУТБОЛКА PAO','Женская футболка без рукавов с эмблемой РАО','Женская футболка без рукавов с эмблемой РАО','','','t-shirt-pao-tribal'),
	(2309,438,4,'ФУТБОЛКА КЛУБА PANATHINAIKOS 1908','Черная футболка с надписью по вертикали Panathinaikos','Черная футболка с надписью по вертикали Panathinaikos','','','t-shirt-panathinaikos-1908'),
	(2310,439,4,'ФУТБОЛКА КЛУБА PANATHINAIKOS 1908','Серая футболка с надписью по вертикали Panathinaikos','Серая футболка с надписью по вертикали Panathinaikos','','','t-shirt-panathinaikos-1908'),
	(2311,440,4,'ФУТБОЛКА СО ШТРИХКОДОМ КЛУБА PANATHINAIKOS','ФУТБОЛКА СО ШТРИХ КОДОМ PANATHINAIKOS Черная','ФУТБОЛКА СО ШТРИХ КОДОМ PANATHINAIKOS<br />  Черная','','','t-shirt-barcode-panathinaikos'),
	(2312,441,4,'ФУТБОЛКА КЛУБА PANATHINAIKOS С 1908 Г.','ФУТБОЛКА PANATHINAIKOS SINCE 1908','ФУТБОЛКА PANATHINAIKOS SINCE 1908','','','t-shirt-panathinaikos-since-1908'),
	(2313,442,4,'ЖЕНСКАЯ ФУТБОЛКА С НАДПИСЬЮ \"MISS GREEN\" (МИСС ГРИН) (ЧЕРНОГО ЦВЕТА)','Черная футболка со звездами.','Черная футболка со звездами.','','','womens-t-shirt-miss-green-black'),
	(2314,443,4,'2 ПАРЫ НОСКОВ С ЭМБЛЕМОЙ PAO','Состоит из: 1 пара зеленых носков и 1 пара белых носков','<span style=\"background-color: #dee0e5;\">Состоит из:<br />  1 пара зеленых носков и 1 пара белых носков<br />  </span>','','','2-pair-of-socks-pao'),
	(2315,444,4,'ФУТБОЛКА СО ШТРИХКОДОМ КЛУБА И ТРИЛИСТНИКОМ','ФУТБОЛКА СО ШТРИХ КОДОМ И ТРИЛИСТНИКОМ','ФУТБОЛКА СО ШТРИХ КОДОМ И ТРИЛИСТНИКОМ','','','t-shirt-barcode-clover'),
	(2316,446,4,'КУБОК ЕВРОЛИГИ, БЕРЛИН 2009 Г.','КУБОК ЕВРОЛИГИ BERLIN 2009','КУБОК ЕВРОЛИГИ BERLIN 2009<br />','','','euroleague-trophy-berlin-2009'),
	(2317,447,4,'ЧАШКА С ВЫПУКЛЫМ РИСУНКОМ И МОЗАИКОЙ','ЧАШКА С МОЗАИЧНЫМ УЗОРОМ','ЧАШКА С МОЗАИЧНЫМ УЗОРОМ','','','relief-cup-with-mosaic-pattern'),
	(2318,448,4,'ТЕТРАДЬ ФОРМАТА A5 В МЯГКОЙ ОБЛОЖКЕ С ЭМБЛЕМОЙ PAO','ТЕТРАДКА С МЯГКОЙ ОБЛОЖКОЙ А5 РАО','ТЕТРАДКА С МЯГКОЙ ОБЛОЖКОЙ А5 РАО','','','exercise-book-a5-with-fuzzy-cover-pao'),
	(2319,449,4,'ТЕТРАДЬ ФОРМАТА A5 В ТВЕРДОЙ ОБЛОЖКЕ С ЭМБЛЕМОЙ PAO','ТЕТРАДКА С ТВЕРДОЙ ОБЛОЖКОЙ А5 РАО','ТЕТРАДКА С ТВЕРДОЙ ОБЛОЖКОЙ А5 РАО','','','exercise-book-a5-with-hard-cover-pao'),
	(2320,450,4,'КОНВЕРТ КЛУБА PANATHINAIKOS','КОНВЕРТ PANATHINAIKOS  МЯЧ 5 ЗВЕЗД','КОНВЕРТ PANATHINAIKOS<br />  МЯЧ 5 ЗВЕЗД','','','envelope-panathinaikos'),
	(2321,457,4,'DVD-ДИСКИ С АЛВЕРТИСОМ','ALVERTIS DVD','ALVERTIS DVD','','','alvertis-dvd'),
	(2322,458,4,'ФУТБОЛКА С ПОДПИСЬЮ АЛВЕРТИСА, ТЕМНО-ЗЕЛЕНОГО ЦВЕТА','ФУТБОЛКА С ПОДПИСЬЮ АВЕРТИСА, ТЕМНО-ЗЕЛЕНАЯ','ФУТБОЛКА С ПОДПИСЬЮ АВЕРТИСА, ТЕМНО-ЗЕЛЕНАЯ','','','alvertis-t-shirt-with-signature-dark-green'),
	(2323,459,4,'ФУТБОЛКА С ИМЕНЕМ АЛВЕРТИСА И НАДПИСЬЮ \'\'25 TITLES\'\' (25 ТИТУЛОВ), ЧЕРНОГО ЦВЕТА','ФУТБОЛКА С ИМЕНЕМ АВЕРТИСА \'\'25 ТИТУЛОВ\'\' , ЧЕРНАЯ','ФУТБОЛКА С ИМЕНЕМ АВЕРТИСА \'\'25 ТИТУЛОВ\'\' , ЧЕРНАЯ','','','alvertis-t-shirt-25-titles-black'),
	(2324,461,4,'ШАРФ С ИМЕНЕМ АЛВЕРТИСА','ШАРФ ALVERTIS','ШАРФ ALVERTIS','','','alvertis-scarf'),
	(2325,465,4,'ВЕРХНЯЯ ФОРМА С ФОТОГРАФИЯМИ АЛВЕРТИСА','РАСПИСАННАЯ ВЕРХНЯЯ ФОРМА ALVERTIS  Предложение действует при наличии товара','РАСПИСАННАЯ ВЕРХНЯЯ ФОРМА ALVERTIS<br />  Предложение действует при наличии товара','','','alvertis-all-over-printed-jersey'),
	(2326,468,4,'КАЛЬКУЛЯТОР','КАЛЬКУЛЯТОР В ФОРМЕ ТРИЛИСТНИКА','КАЛЬКУЛЯТОР В ФОРМЕ ТРИЛИСТНИКА','','','calculator'),
	(2327,469,4,'ОФИЦИАЛЬНАЯ ВЕРХНЯЯ БАСКЕТБОЛЬНАЯ ФОРМА, 2009-2010 (ЗЕЛЕНОГО ЦВЕТА)','ОФИЦИАЛЬНАЯ ВЕРХНЯЯ ФОРМА ДЛЯ БАСКЕТБОЛА 2009-10  Зеленая  *после того, как на футболках напечатали надписи, они не возвращаются, не заменяются и за них не возвращаются деньги.','ОФИЦИАЛЬНАЯ ВЕРХНЯЯ ФОРМА ДЛЯ БАСКЕТБОЛА 2009-10 <br />  Зеленая<br />  <br />  <p>*после того, как на футболках напечатали надписи, они не возвращаются, не заменяются и за них не возвращаются деньги.</p>','','','official-basketball-jersey-2009-10-green'),
	(2328,470,4,'ОФИЦИАЛЬНАЯ ВЕРХНЯЯ БАСКЕТБОЛЬНАЯ ФОРМА, 2009-2010 (БЕЛОГО ЦВЕТА)','ОФИЦИАЛЬНАЯ ВЕРХНЯЯ ФОРМА ДЛЯ БАСКЕТБОЛА 2009-10 Белая  *после того, как на футболках напечатали надписи, они не возвращаются, не заменяются и за них не возвращаются деньги.','ОФИЦИАЛЬНАЯ ВЕРХНЯЯ ФОРМА ДЛЯ БАСКЕТБОЛА 2009-10 <br />  Белая<br />  <br />  <p>*после того, как на футболках напечатали надписи, они не возвращаются, не заменяются и за них не возвращаются деньги.</p>','','','official-basketball-jersey-2009-10-white'),
	(2329,471,4,'ОФИЦИАЛЬНАЯ БАСКЕТБОЛЬНАЯ ФОРМА ДЛЯ ЮНИОРОВ, 2009-2010','ОФИЦИАЛЬНАЯ ВЕРХНЯЯ ФОРМА ДЛЯ БАСКЕТБОЛА 2009-10 ДЛЯ ЮНИОРОВ Зеленая  *после того, как на футболках напечатали надписи, они не возвращаются, не заменяются и за них не возвращаются деньги.','ОФИЦИАЛЬНАЯ ВЕРХНЯЯ ФОРМА ДЛЯ БАСКЕТБОЛА 2009-10 ДЛЯ ЮНИОРОВ<br />  Зеленая<br />  <br />  <p>*после того, как на футболках напечатали надписи, они не возвращаются, не заменяются и за них не возвращаются деньги.</p>  <br />','','','official-basketball-junior-jersey-2009-10'),
	(2330,472,4,'ОФИЦИАЛЬНАЯ ВЕРХНЯЯ БАСКЕТБОЛЬНАЯ ФОРМА ДЛЯ ЮНИОРОВ, 2009-2010','ОФИЦИАЛЬНАЯ ВЕРХНЯЯ ФОРМА ДЛЯ БАСКЕТБОЛА 2009-10 ДЛЯ ЮНИОРОВ Белая  *после того, как на футболках напечатали надписи, они не возвращаются, не заменяются и за них не возвращаются деньги.','ОФИЦИАЛЬНАЯ ВЕРХНЯЯ ФОРМА ДЛЯ БАСКЕТБОЛА 2009-10 ДЛЯ ЮНИОРОВ <br />  Белая<br />  <br />  <p>*после того, как на футболках напечатали надписи, они не возвращаются, не заменяются и за них не возвращаются деньги.</p>','','','official-basketball-junior-jersey-2009-10'),
	(2331,473,4,'ОФИЦИАЛЬНАЯ ВЕРХНЯЯ БАСКЕТБОЛЬНАЯ ФОРМА, 2009-2010 (ГОЛУБОГО ЦВЕТА)','ОФИЦИАЛЬНАЯ ВЕРХНЯЯ ФОРМА ДЛЯ БАСКЕТБОЛА 2009-10 Светло-голубая  *после того, как на футболках напечатали надписи, они не возвращаются, не заменяются и за них не возвращаются деньги.','ОФИЦИАЛЬНАЯ ВЕРХНЯЯ ФОРМА ДЛЯ БАСКЕТБОЛА 2009-10 <br />  Светло-голубая<br />  <br />  <p>*после того, как на футболках напечатали надписи, они не возвращаются, не заменяются и за них не возвращаются деньги.</p>','','','official-basketball-jersey-2009-10-light-blue'),
	(2332,474,4,'ОФИЦИАЛЬНАЯ ВЕРХНЯЯ БАСКЕТБОЛЬНАЯ ФОРМА ДЛЯ ЮНИОРОВ, 2009-2010 (ГОЛУБОГО ЦВЕТА)','ОФИЦИАЛЬНАЯ ВЕРХНЯЯ ФОРМА ДЛЯ БАСКЕТБОЛА 2009-10, ЮНИОРЫ Светло-голубая  *после того, как на футболках напечатали надписи, они не возвращаются, не заменяются и за них не возвращаются деньги.','ОФИЦИАЛЬНАЯ ВЕРХНЯЯ ФОРМА ДЛЯ БАСКЕТБОЛА 2009-10, ЮНИОРЫ <br />  Светло-голубая<br />  <br />  <p>*после того, как на футболках напечатали надписи, они не возвращаются, не заменяются и за них не возвращаются деньги.</p>','','','official-basketball-junior-jersey-2009-10-light-blue'),
	(2333,475,4,'ФУТБОЛКА С ИЗОБРАЖЕНИЕМ ПОЛОВИНЫ ЛИСТА ТРИЛИСТНИКА','ФУТБОЛКА С ПОЛОВИНА ТРИЛИСТНИКА Серая','ФУТБОЛКА С ПОЛОВИНА ТРИЛИСТНИКА <br />  Серая','','','t-shirt-half-clover'),
	(2334,476,4,'ШАРФ С БАХРОМОЙ, PAO','ШАРФ С ПОЛОСКАМИ РАО','ШАРФ С ПОЛОСКАМИ РАО','','','scarf-with-stripes-pao'),
	(2335,478,4,'ШАРФ КЛУБА PANATHINAIKOS','ШАРФ PANATHINAIKOS','ШАРФ PANATHINAIKOS','','','scarf-panathinaikos'),
	(2336,479,4,'ШАРФ КЛУБА PANATHINAIKOS','ШАРФ PANATHINAIKOS  С белыми и зелеными полосками','ШАРФ PANATHINAIKOS <br />  С белыми и зелеными полосками','','','scarf-panathinaikos'),
	(2337,482,4,'ШАРФ КЛУБА PANATHINAIKOS 1908 С НАДПИСЬЮ \"MY PRIDE\"','ШАРФ MY PRIDE PANATHINAIKOS 1908 С трилистниками PAO','ШАРФ MY PRIDE PANATHINAIKOS 1908 <br />  С трилистниками PAO','','','scarf-my-pride-panathinaikos-1908'),
	(2338,484,4,'МАЙКА-ПОЛО ADIDAS, 2009-2010','ПОЛО ADIDAS 2009-2010  Белое','ПОЛО ADIDAS 2009-2010 <br />  Белое','','','polo-adidas-2009-2010'),
	(2339,486,4,'Х/Б ШОРТЫ ADIDAS, 2009-2010','Х/Б ШОРТЫ ADIDAS 2009-2010  Зеленые','Х/Б ШОРТЫ ADIDAS 2009-2010 <br />  Зеленые','','','cotton-shorts-adidas-2009-2010'),
	(2340,492,4,'НАБОР ЗНАЧКОВ С ИЗОБРАЖЕНИЕМ 5 КУБКОВ','НАБОР ЗНАЧКОВ С 5 ЕВРОПЕЙСКИМИ КУБКАМИ','НАБОР ЗНАЧКОВ С 5 ЕВРОПЕЙСКИМИ КУБКАМИ','','','pin-set-of-5-european-trophies'),
	(2341,493,4,'ЗНАЧОК КУБКА, БЕРЛИН 2009 Г.','ЗНАЧОК КУБОК 2009 BERLIN','ЗНАЧОК КУБОК 2009 BERLIN','','','pin-2009-berlin-cup'),
	(2342,495,4,'ТЕННИСКА ADIDAS, 2009-2010','ТЕННИСКА БЕЗ РУКАВОВ ADIDAS 2009-2010  Цвет: белый','ТЕННИСКА БЕЗ РУКАВОВ ADIDAS 2009-2010 <br />  Цвет: белый','','','sleeveless-tee-adidas-2009-2010'),
	(2343,496,4,'Х/Б ШОРТЫ ADIDAS, 2009-2010','Цвет белый','Цвет белый','','','cotton-shorts-adidas-2009-2010'),
	(2344,498,4,'ТРЕНИРОВОЧНЫЙ КОСТЮМ ADIDAS, 2009-2010','ТРЕНИРОВОЧНЫЙ КОСТЮМ ADIDAS 2009-2010','ТРЕНИРОВОЧНЫЙ КОСТЮМ ADIDAS 2009-2010','','','sweat-suit-adidas-2009-2010'),
	(2345,499,4,'ЗЕЛЕНЫЙ ТЕПЛЫЙ ТРЕНИРОВОЧНЫЙ КОСТЮМ ADIDAS, 2009-2010','ТЕПЛЫЙ ТРЕНИРОВОЧНЫЙ КОСТЮМ ADIDAS 2009-2010','ТЕПЛЫЙ ТРЕНИРОВОЧНЫЙ КОСТЮМ ADIDAS 2009-2010','','','green-tracksuit-adidas-2009-2010'),
	(2346,500,4,'НАБОР МУЗЫКАЛЬНЫХ КОРОБОК, ПРОИГРЫВАЮЩИХ ГИМН','НАБОР КОРОБОК, ИГРАЮЩИХ ГИМН PANATHINAIKOS  Состоит из 3 коробок Размеры: 20,5x16x12, 17x13x11,5, 13,5x9,5x11','НАБОР КОРОБОК, ИГРАЮЩИХ ГИМН PANATHINAIKOS <br />  Состоит из 3 коробок <br />  Размеры: 20,5x16x12, 17x13x11,5, 13,5x9,5x11','','','set-boxes-playing-anthem'),
	(2347,501,4,'МУЗЫКАЛЬНЫЙ ПЕНАЛ, ПРОИГРЫВАЮЩИЙ ГИМН','СУМОЧКА ДЛЯ ПРИНАДЛЕЖНОСТЕЙ, ИГРАЮЩАЯ ГИМН PANATHINAIKOS','СУМОЧКА ДЛЯ ПРИНАДЛЕЖНОСТЕЙ, ИГРАЮЩАЯ ГИМН PANATHINAIKOS','','','pen-case-playing-anthem'),
	(2348,502,4,'МУЗЫКАЛЬНАЯ ОТКРЫВАЛКА, ПРОИГРЫВАЮЩАЯ ГИМН','ОТКРЫВАШКА ДЛЯ БУТЫЛОК, ИГРАЮЩАЯ ГИМН PANATHINAIKOS','ОТКРЫВАШКА ДЛЯ БУТЫЛОК, ИГРАЮЩАЯ ГИМН PANATHINAIKOS','','','bottle-opener-playing-anthem'),
	(2349,503,4,'МУЗЫКАЛЬНАЯ РУЧКА, ПРОИГРЫВАЮЩАЯ ГИМН','РУЧКА, ИГРАЮЩАЯ ГИМН PANATHINAIKOS','РУЧКА, ИГРАЮЩАЯ ГИМН PANATHINAIKOS','','','pen-playing-anthem'),
	(2350,504,4,'МАЛЕНЬКАЯ МУЗЫКАЛЬНАЯ ПОДАРОЧНАЯ СУМКА, ПРОИГРЫВАЮЩАЯ ГИМН','ПАКЕТ ДЛЯ ПОДАРКОВ, ИГРАЮЩИЙ ГИМН PANATHINAIKOS Размер: Маленький Размеры: 13,5 x 6 x 10,5','ПАКЕТ ДЛЯ ПОДАРКОВ, ИГРАЮЩИЙ ГИМН PANATHINAIKOS <br />  Размер: Маленький<br />  Размеры: 13,5 x 6 x 10,5','','','small-gift-bag-playing-anthem'),
	(2351,505,4,'МУЗЫКАЛЬНАЯ ПОДАРОЧНАЯ СУМКА, ПРОИГРЫВАЮЩАЯ ГИМН','ПАКЕТ ДЛЯ ПОДАРКОВ, ИГРАЮЩИЙ ГИМН PANATHINAIKOS  Размер: Средний  Размеры: 25 x 10 x20','ПАКЕТ ДЛЯ ПОДАРКОВ, ИГРАЮЩИЙ ГИМН PANATHINAIKOS <br />  Размер: Средний<br />  Размеры: 25 x 10 x20','','','gift-bag-playing-anthem'),
	(2352,507,4,'ПИЖАМА ДЛЯ ЮНИОРОВ С ИЗОБРАЖЕНИЕМ ПОЛОВИНЫ ЛИСТА ТРИЛИСТНИКА','ПИЖАМА ДЛЯ ДЕТЕЙ С ПОЛОВИНОЙ ТРИЛИСТНИКА ОТ 0 ДО 6 ЛЕТ','ПИЖАМА ДЛЯ ДЕТЕЙ С ПОЛОВИНОЙ ТРИЛИСТНИКА ОТ 0 ДО 6 ЛЕТ','','','jounior-pyjamas-half-clover'),
	(2353,528,4,'АЛВЕРТИС','АЛВЕРТИС','АЛВЕРТИС','','','alvertis'),
	(2354,529,4,'ПАПАНИКОЛАУ','ПАПАНИКОЛАУ','ПАПАНИКОЛАУ','','','papanikolaou'),
	(2355,530,4,'БАТИСТА','БАТИСТА','БАТИСТА','','','batiste'),
	(2356,531,4,'ХАЦИВРЕТТАС','ХАЦИВРЕТТАС','ХАЦИВРЕТТАС','','','chatzivrettas'),
	(2357,532,4,'ЦАРЦАРИС','ЦАРЦАРИС','ЦАРЦАРИС','','','tsartsaris'),
	(2358,533,4,'ДИАМАНТИДИС','ДИАМАНТИДИС','ДИАМАНТИДИС','','','diamantidis'),
	(2359,534,4,'ТОМАШЕВИЧ','ТОМАШЕВИЧ','ТОМАШЕВИЧ','','','tomasevic'),
	(2360,535,4,'САКОТА','САКОТА','САКОТА','','','sakota'),
	(2361,536,4,'БЕЗ ИМЕНИ','БЕЗ ИМЕНИ','БЕЗ ИМЕНИ','','','no-name'),
	(2362,537,4,'ДЕЛК','ДЕЛК','ДЕЛК','','','delk'),
	(2363,538,4,'БЕЧИРОВИЧ','БЕЧИРОВИЧ','БЕЧИРОВИЧ','','','becirovic'),
	(2364,539,4,'ШИШКАУСКАС','ШИШКАУСКАС','ШИШКАУСКАС','','','siskauskas'),
	(2365,540,4,'НТИКУДИС','НТИКУДИС','НТИКУДИС','','','ntikoudis'),
	(2366,541,4,'КСАНТОПУЛОС','КСАНТОПУЛОС','КСАНТОПУЛОС','','','xanthopoulos'),
	(2367,542,4,'ВУЯНИЧ','ВУЯНИЧ','ВУЯНИЧ','','','vujanic'),
	(2368,543,4,'ЯВТОКАС','ЯВТОКАС','ЯВТОКАС','','','javtokas'),
	(2369,544,4,'ПЕРПЕРОГЛУ','ПЕРПЕРОГЛУ','ПЕРПЕРОГЛУ','','','perperoglou'),
	(2370,545,4,'СПАНУЛИС','СПАНУЛИС','СПАНУЛИС','','','spanoulis'),
	(2371,546,4,'ЖИЖИЧ','ЖИЖИЧ','ЖИЖИЧ','','','zizic'),
	(2372,547,4,'УИНСТОН','УИНСТОН','УИНСТОН','','','winston'),
	(2373,548,4,'ЯСИКЯВИЧУС','ЯСИКЯВИЧУС','ЯСИКЯВИЧУС','','','jasikevicius'),
	(2374,549,4,'Товар доступен только с греческими надписями','Товар доступен только с греческими надписями','Товар доступен только с греческими надписями','','','attribute-available-in-greek-only'),
	(2375,550,4,'ПРКАЧИН','ПРКАЧИН','ПРКАЧИН','','','prkacin'),
	(2376,551,4,'1 предмет','1 предмет','1 предмет','','','1-subject'),
	(2377,552,4,'2 предмета','2 предмета','2 предмета','','','2-subjects'),
	(2378,553,4,'3 subjects','3 subjects','3 subjects','','','3-subjects'),
	(2379,554,4,'ΧΡΙΣΤΟΔΟΥΛΟΠΟΥΛΟΣ','ΧΡΙΣΤΟΔΟΥΛΟΠΟΥΛΟΣ','ΧΡΙΣΤΟΔΟΥΛΟΠΟΥΛΟΣ','','','CHRISTODOYLOPOYLOS'),
	(2380,555,4,'ΚΑΡΑΓΚΟΥΝΗΣ','ΚΑΡΑΓΚΟΥΝΗΣ','ΚΑΡΑΓΚΟΥΝΗΣ','','','KARAGKOYNHS'),
	(2381,556,4,'IVANSCHITZ','IVANSCHITZ','IVANSCHITZ','','','ivanschitz'),
	(2382,557,4,'RUKAVINA','RUKAVINA','RUKAVINA','','','rukavina'),
	(2383,558,4,'ΣΑΛΠΙΓΓΙΔΗΣ','ΣΑΛΠΙΓΓΙΔΗΣ','ΣΑΛΠΙΓΓΙΔΗΣ','','','SALPIGGIDHS'),
	(2384,559,4,'ΓΚΟΥΜΑΣ','ΓΚΟΥΜΑΣ','ΓΚΟΥΜΑΣ','','','GKOYMAS');

INSERT INTO `dpge_products_multilang` (`product_multilang_id`, `product_id`, `la`, `name`, `prd_description`, `prd_content`, `keywords`, `main_photo`, `friendly_url`)
VALUES
	(2385,560,4,'GABRIEL','GABRIEL','GABRIEL','','','gabriel'),
	(2386,561,4,'SIMAO','SIMAO','SIMAO','','','simao'),
	(2387,562,4,'ΣΠΥΡΟΠΟΥΛΟΣ','ΣΠΥΡΟΠΟΥΛΟΣ','ΣΠΥΡΟΠΟΥΛΟΣ','','','SPYROPOYLOS'),
	(2388,563,4,'МАТТОС','МАТТОС','МАТТОС','','','mattos'),
	(2389,564,4,'ΝΙΝΗΣ','ΝΙΝΗΣ','ΝΙΝΗΣ','','','NINHS'),
	(2390,565,4,'КЛЕЙТОН','КЛЕЙТОН','КЛЕЙТОН','','','cleyton'),
	(2391,566,4,'ЖИЛБЕРТУ','ЖИЛБЕРТУ','ЖИЛБЕРТУ','','','gilberto'),
	(2392,567,4,'КЕЦМАН','КЕЦМАН','КЕЦМАН','','','kecman'),
	(2393,568,4,'ФОЦИС','ФОЦИС','ФОЦИС','','','fotsis'),
	(2394,569,4,'НИКОЛАС','НИКОЛАС','НИКОЛАС','','','nicholas'),
	(2395,570,4,'ПЕКОВИЧ','ПЕКОВИЧ','ПЕКОВИЧ','','','pekovic'),
	(2396,571,4,'ВЕРЖИНИС','ВЕРЖИНИС','ВЕРЖИНИС','','','verginis'),
	(2397,572,4,'ПАНТАЛЕОН','ПАНТАЛЕОН','ПАНТАЛЕОН','','','pantaleon'),
	(2398,573,4,'АНДРЕ','АНДРЕ','АНДРЕ','','','andrae'),
	(2399,574,4,'АНДРЕАДИС','АНДРЕАДИС','АНДРЕАДИС','','','andreadis'),
	(2400,575,4,'АГАМЕЗ','АГАМЕЗ','АГАМЕЗ','','','agamez'),
	(2401,576,4,'ХЕРПЕ','ХЕРПЕ','ХЕРПЕ','','','herpe'),
	(2402,577,4,'СИССЕ','СИССЕ','СИССЕ','','','cisse'),
	(2403,578,4,'ЛЕТО','ЛЕТО','ЛЕТО','','','leto'),
	(2404,579,4,'ПЕТРОПУЛОС','ПЕТРОПУЛОС','ПЕТРОПУЛОС','','','petropoulos'),
	(2405,580,4,'КАЦУРАНИС','КАЦУРАНИС','КАЦУРАНИС','','','katsouranis'),
	(2406,581,4,'ВИНТРА','ВИНТРА','ВИНТРА','','','vyntra'),
	(2407,582,4,'САРРИЕГИ','САРРИЕГИ','САРРИЕГИ','','','sarriegi'),
	(2408,583,4,'ТЕПИЧ','ТЕПИЧ','ТЕПИЧ','','','tepic'),
	(2409,584,4,'БОГРИС','БОГРИС','БОГРИС','','','bogris'),
	(2410,585,4,'КАЛАТЕС','ШЕРМАНДИНИ','ШЕРМАНДИНИ','','','calathes'),
	(2411,586,4,'ШЕРМАНДИНИ','ШЕРМАНДИНИ','ШЕРМАНДИНИ','','','shermandini'),
	(2412,588,4,'КУРТКА С ЭМБЛЕМОЙ PANATHINAIKOS BC','КУРТКА PANATHINAIKOS BC Зеленый','КУРТКА PANATHINAIKOS BC<br />  Зеленый','','','jacket-panathinaikos-bc'),
	(2413,593,4,'ФУТБОЛКА С ДЛИННЫМИ РУКОВАМИ СО ШТРИХ КОДОМ','Цвет: зеленый','Цвет: зеленый','','','long-sleeved-t-shirt-barcode'),
	(2414,594,4,'ФЛАГ С НАДПИСЬЮ \"HISTORY 2009\" (ИСТОРИЯ 2009 Г.)','ФЛАГ HISTORY 2009  Размеры: 90 x 150','ФЛАГ HISTORY 2009<br />  Размеры: 90 x 150','','','flag-history-2009'),
	(2415,595,4,'ФЛАГ С НАДПИСЬЮ \"TRIPLE CROWN 2009\"','ФЛАГ TRIPLE CROWN 2009  Размеры: 90 x 150','ФЛАГ TRIPLE CROWN 2009<br />  Размеры: 90 x 150','','','flag-triple-crown-2009'),
	(2416,596,4,'ФЛАГ С ЭМБЛЕМОЙ PAO','ФЛАГ PAO  Размеры: 90 x 150','ФЛАГ PAO<br />  Размеры: 90 x 150','','','flag-pao'),
	(2417,597,4,'ФЛАГ С ЭМБЛЕМОЙ PAO','ФЛАГ PAO  Размеры: 220 x 150','ФЛАГ PAO<br />  Размеры: 220 x 150','','','flag-pao'),
	(2418,598,4,'МУЗЫКАЛЬНАЯ БУТЫЛКА, ПРОИГРЫВАЮЩАЯ ГИМН','ПАКЕТ ДЛЯ БУТЫЛКИ, ИГРАЮЩИЙ ГИМН PANATHINAIKOS   Размеры: 12 x 8 x 41,50','ПАКЕТ ДЛЯ БУТЫЛКИ, ИГРАЮЩИЙ ГИМН PANATHINAIKOS <br />  Размеры: 12 x 8 x 41,50','','','bottle-bag-playing-anthem'),
	(2419,599,4,'МУЗЫКАЛЬНАЯ ПАПКА, ПРОИГРЫВАЮЩАЯ ГИМН','ПАПКА, ИГРАЮЩАЯ ГИМН PANATHINAIKOS  Размеры: 15x10','ПАПКА, ИГРАЮЩАЯ ГИМН PANATHINAIKOS <br />  Размеры: 15x10','','','folder-playing-anthem'),
	(2420,600,4,'МАЛЕНЬКАЯ МУЗЫКАЛЬНАЯ ПОЗДРАВИТЕЛЬНАЯ ОТКРЫТКА, ПРОИГРЫВАЮЩАЯ ГИМН','ОТКРЫТКА, ИГРАЮЩИЙ ГИМН PANATHINAIKOS Размер: маленькая','ОТКРЫТКА, ИГРАЮЩИЙ ГИМН PANATHINAIKOS <br />  Размер: маленькая','','','small-greeting-card-playing-anthem'),
	(2421,601,4,'БОЛЬШАЯ МУЗЫКАЛЬНАЯ ПОЗДРАВИТЕЛЬНАЯ ОТКРЫТКА, ПРОИГРЫВАЮЩАЯ ГИМН','ОТКРЫТКА, ИГРАЮЩИЙ ГИМН PANATHINAIKOS  Размер: большая','ОТКРЫТКА, ИГРАЮЩИЙ ГИМН PANATHINAIKOS <br />  Размер: большая','','','greeting-card-playing-anthem-large'),
	(2422,602,4,'МАЛЕНЬКАЯ МУЗЫКАЛЬНАЯ КОРОБКА, ПРОИГРЫВАЮЩАЯ ГИМН','МАЛЕНЬКАЯ КОРОБОЧКА, ИГРАЮЩАЯ ГИМН PANATHINAIKOS','МАЛЕНЬКАЯ КОРОБОЧКА, ИГРАЮЩАЯ ГИМН PANATHINAIKOS','','','small-box-playing-anthem'),
	(2423,607,4,'МАЙКА-ПОЛО С ДЛИННЫМИ РУКОВАМИ № 13','ПОЛО С ДЛИННЫМ РУКВОМ № 13','ПОЛО С ДЛИННЫМ РУКВОМ № 13','','','long-sleeved-polo-no13'),
	(2424,608,4,'ЖЕНСКАЯ МАЙКА-ПОЛО С ДЛИННЫМИ РУКОВАМИ И НАДПИСЬЮ \"MISS GREEN\"','ЖЕНСКОЕ ПОЛО С ДЛИННЫМ РУКАВОМ MISS GREEN  Цвет: черный','ЖЕНСКОЕ ПОЛО С ДЛИННЫМ РУКАВОМ MISS GREEN<br />  Цвет: черный','','','long-sleeved-womens-polo-miss-green'),
	(2425,609,4,'БАРХАТНЫЙ ТРЕНИРОВОЧНЫЙ КОСТЮМ ДЛЯ ДЕВОЧКИ','Со стразами, Цвет: серый','Со стразами,<br />  Цвет: серый','','','velvet-sweat-suit-for-little-ladies'),
	(2426,610,4,'ТРЕНИРОВОЧНЫЙ КОСТЮМ С ЭМБЛЕМОЙ КЛУБА PANATHINAIKOS ДЛЯ ДЕВОЧКИ','Куртка и брюки,  Цвет: зеленый','Куртка и брюки,<br />  Цвет: зеленый','','','sweat-suit-for-little-ladies-panathinaikos'),
	(2427,611,4,'КУРТКА ЖЕНСКАЯ С НАДПИСЬЮ \"MISS GREEN\"','ЖЕНСКАЯ КУРТКА MISS GREEN  Цвет: черный','ЖЕНСКАЯ КУРТКА MISS GREEN<br />  Цвет: черный','','','womans-jacket-miss-green'),
	(2428,612,4,'БАРХАТНЫЙ ТЕПЛЫЙ ТРЕНИРОВОЧНЫЙ КОСТЮМ С НАДПИСЬЮ \"MISS GREEN\"','ВЕЛЬВЕТОВЫЙ ТРЕНИРОВОЧНЫЙ КОСТЮМ MISS GREEN  Цвет: черный','ВЕЛЬВЕТОВЫЙ ТРЕНИРОВОЧНЫЙ КОСТЮМ MISS GREEN<br />  Цвет: черный','','','velvet-tracksuit-miss-green'),
	(2429,613,4,'ШТАНЫ ДЛЯ МАЛЬЧИКА С ЭМБЛЕМОЙ КЛУБА PANATHINAIKOS','ТРЕНИРОВОЧНЫЕ БРЮКИ ДЛЯ МАЛЕНЬКИХ МАЛЬЧИКОВ PANATHINAIKOS  Цвет: зеленый','ТРЕНИРОВОЧНЫЕ БРЮКИ ДЛЯ МАЛЕНЬКИХ МАЛЬЧИКОВ PANATHINAIKOS<br />  Цвет: зеленый','','','pants-for-little-boys-panathinaikos'),
	(2430,614,4,'ШТАНЫ ДЛЯ ДЕВОЧКИ С ЭМБЛЕМОЙ КЛУБА PANATHINAIKOS','ТРЕНИРОВОЧНЫЕ БРЮКИ ДЛЯ МАЛЕНЬКИХ ДЕВОЧЕК PANATHINAIKOS  Цвет: черный','ТРЕНИРОВОЧНЫЕ БРЮКИ ДЛЯ МАЛЕНЬКИХ ДЕВОЧЕК PANATHINAIKOS<br />  Цвет: черный','','','pants-for-little-ladies-panathinaikos'),
	(2431,615,4,'ШОРТЫ ОФИЦИАЛЬНОЙ БАСКЕТБОЛЬНОЙ ФОРМЫ, 2009-2010 (ЗЕЛЕНОГО ЦВЕТА)','ОФИЦИАЛНЫЕ ШОРТЫ ДЛЯ БАСКЕТБОЛА ADIDAS 2009-2010  Цвет: зеленый','ОФИЦИАЛНЫЕ ШОРТЫ ДЛЯ БАСКЕТБОЛА ADIDAS 2009-2010<br />  Цвет: зеленый','','','official-basketball-shorts-adidas-2009-2010-green'),
	(2432,616,4,'ШОРТЫ ОФИЦИАЛЬНОЙ БАСКЕТБОЛЬНОЙ ФОРМЫ, 2009-2010 (БЕЛОГО ЦВЕТА)','ОФИЦИАЛНЫЕ ШОРТЫ ДЛЯ БАСКЕТБОЛА ADIDAS 2009-2010  Цвет: белый','ОФИЦИАЛНЫЕ ШОРТЫ ДЛЯ БАСКЕТБОЛА ADIDAS 2009-2010<br />  Цвет: белый','','','official-basketball-shorts-adidas-2009-2010-white'),
	(2433,617,4,'ДЕТСКАЯ БЕЗРУКАВКА СО ШТРИХ КОДОМ','КОРОТКАЯ КУРТКА ДЛЯ ДЕТЕЙ СО ШТРИХ КОДОМ  Цвет: черный','КОРОТКАЯ КУРТКА ДЛЯ ДЕТЕЙ СО ШТРИХ КОДОМ<br />  Цвет: черный','','','kids-waistcoat-barcode'),
	(2434,618,4,'ДЕТСКАЯ ТРЕНИРОВОЧНАЯ МАЙКА С НАДПИСЬЮ \"DAMAN\"','ТРЕНИРОВОЧНАЯ МАЙКА ДЛЯ ДЕТЕЙ DAMAN  Цвет: зеленый','<span style=\"background-color: #dee0e5;\">ТРЕНИРОВОЧНАЯ МАЙКА ДЛЯ ДЕТЕЙ DAMAN<br />  Цвет: зеленый</span>','','','sweatshirt-kids-daman'),
	(2435,619,4,'ДЕТСКАЯ ТРЕНИРОВОЧНАЯ МАЙКА С ВЕРТИКАЛЬНОЙ НАДПИСЬЮ \"PANATHINAIKOS\"','ТРЕНИРОВОЧНАЯ МАЙКА ДЛЯ ДЕТЕЙ С ВЕРТИКАЛЬНОЙ НАДПИСЬЮ PANATHINAIKOS Цвет: серый','<span style=\"background-color: #dee0e5;\">ТРЕНИРОВОЧНАЯ МАЙКА ДЛЯ ДЕТЕЙ С ВЕРТИКАЛЬНОЙ НАДПИСЬЮ PANATHINAIKOS<br />  Цвет: серый</span>','','','sweatshirt-kids-vertical-panathinaikos'),
	(2436,621,4,'ПИЖАМА ДЛЯ ЮНИОРОВ С ИЗОБРАЖЕНИЕМ ПОЛОВИНЫ ЛИСТА ТРИЛИСТНИКА','ПИЖАМА ДЛЯ ДЕТЕЙ С ПОЛОВИНОЙ ТРИЛИСТНИКА ДЛЯ 8-10-12 ЛЕТ','ПИЖАМА ДЛЯ ДЕТЕЙ С ПОЛОВИНОЙ ТРИЛИСТНИКА ДЛЯ 8&ndash;10&ndash;12 ЛЕТ','','','jounior-pyjamas-half-clover'),
	(2437,622,4,'ПИЖАМА С ИЗОБРАЖЕНИЕМ ПОЛОВИНЫ ЛИСТА ТРИЛИСТНИКА','ПИЖАМА ДЛЯ ДЕТЕЙ С ПОЛОВИНОЙ ТРИЛИСТНИКА ДЛЯ 14-16 ЛЕТ','ПИЖАМА ДЛЯ ДЕТЕЙ С ПОЛОВИНОЙ ТРИЛИСТНИКА ДЛЯ 14&ndash;16 ЛЕТ','','','pajamas-half-clover'),
	(2438,623,4,'ДЕТСКАЯ КУРТКА С ЭМБЛЕМОЙ PAO','Цвет: зеленый','Цвет: зеленый','','','kids-jacket-pao'),
	(2439,624,4,'ЗАЖИГАЛКА ZIPPO С НАДПИСЬЮ \"PANATHINAIKOS BC\"','С МЯЧОМ 4 ЗВЕЗДЫ','С МЯЧОМ 4 ЗВЕЗДЫ','','','zippo-lighter-panathinaikos-bc'),
	(2440,627,4,'БЕЛОК-ОТКРЫВАЛКА С ЭМБЛЕМОЙ PANATHINAIKOS','БЕЛОК-ОТКРЫВАЛКА С ЭМБЛЕМОЙ PANATHINAIKOS','БЕЛОК-ОТКРЫВАЛКА С ЭМБЛЕМОЙ PANATHINAIKOS','','','bottle-opener-keyring-panathinaikos'),
	(2441,630,4,'БОЛЬШОЙ ФЛАЖОК С НАДПИСЬЮ \"PANATHINAIKOS HISTORY\"','Размеры 48 X 28,5 см','Размеры 48 X 28,5 см','','','pennant-panathinaikos-history-large'),
	(2442,631,4,'БОЛЬШОЙ ТРЕУГОЛЬНЫЙ ФЛАЖОК С НАДПИСЬЮ \"PANATHINAIKOS HISTORY\"','Размер 35,5 см','Размер 35,5 см','','','pennant-triangular-panathinaikos-history-large'),
	(2443,632,4,'МАЛЕНКИЙ ФЛАЖОК С НАДПИСЬЮ \"TRIPLE CROWN 2009\"','ФЛАЖОК TRIPLE CROWN 2009 МАЛЕНЬКИЙ  РАЗМЕРЫ 9,5X14,5','ФЛАЖОК TRIPLE CROWN 2009 МАЛЕНЬКИЙ<br />  РАЗМЕРЫ 9,5X14,5','','','pennant-triple-crown-2009-small'),
	(2444,635,4,'КОВРИК ДЛЯ МЫШИ С КАЛЕНДАРЕМ 2010 Г.','КОВРИК ДЛЯ МЫШИ CALENDAR 2010','КОВРИК ДЛЯ МЫШИ CALENDAR 2010','','','mouse-pad-calendar-2010'),
	(2445,637,4,'2 БОКАЛА ДЛЯ ШАМПАНСКОГО С ЭМБЛЕМОЙ PANATHINAIKOS','2 ФУЖЕРА ДЛЯ ШАМПАНСКОГО PANATHINAIKOS','2 ФУЖЕРА ДЛЯ ШАМПАНСКОГО PANATHINAIKOS','','','2-champagne-glasses-panathinaikos'),
	(2446,638,4,'НАБОР ИЗ 6 СТАКАНОВ ДЛЯ ВИСКИ И ЯЩИК ДЛЯ ЛЬДА','НАБОР ИЗ 6 СТАКАНОВ ДЛЯ ВИСКИ И ЧАШИ ДЛЯ ЛЬДА','НАБОР ИЗ 6 СТАКАНОВ ДЛЯ ВИСКИ И ЧАШИ ДЛЯ ЛЬДА','','','set-6-whisky-glasses-icebox'),
	(2447,639,4,'НАКЛЕЙКА С ЭМБЛЕМОЙ PANATHINAIKOS','ΑΥΤΟΚΟΛΛΗΤΟ ΠΑΝΑΘΗΝΑΙΚΟΣ','ΑΥΤΟΚΟΛΛΗΤΟ ΠΑΝΑΘΗΝΑΙΚΟΣ','','','sticker-panathinaikos'),
	(2448,640,4,'НАКЛЕЙКА С НАДПИСЬЮ \"I LOVE PAO\" (Я ЛЮБЛЮ PAO)','СТИКЕР \'\'I LOVE PAO\'\'','СТИКЕР \'\'I LOVE PAO\'\'','','','sticker-i-love-pao'),
	(2449,641,4,'МЕТАЛЛИЧЕСКИЙ ЖЕТОН С НАДПИСЬЮ \"TRIPLE CROWN 2009\"','МЕТАЛЛИЧЕСКИЙ ЖЕТОН TRIPLE CROWN 2009','МЕТАЛЛИЧЕСКИЙ ЖЕТОН TRIPLE CROWN 2009','','','triple-crown-2009-metal-tag'),
	(2450,642,4,'МЕТАЛЛИЧЕСКИ ЖЕТОН','МЕТАЛЛИЧЕСКИЙ ЖЕТОН&nbsp;PANATHINAIKOS','МЕТАЛЛИЧЕСКИЙ ЖЕТОН&nbsp;PANATHINAIKOS','','','metal-tag'),
	(2451,643,4,'ПОДВЕСКА ДЛЯ МОБИЛЬНОГО ТЕЛЕФОНА','АМУЛЕТ ДЛЯ МОБИЛЬНОГО ТЕЛЕФОНО (PVC)','АМУЛЕТ ДЛЯ МОБИЛЬНОГО ТЕЛЕФОНО&nbsp; (PVC)','','','cell-phone-charm'),
	(2452,644,4,'БОЛЬШОЙ АВТОМАТИЧЕСКИЙ ЗОНТ С ЭМБЛЕМОЙ PANATHINAIKOS','БОЛЬШОЙ ЗОНТ С РУЧКОЙ','БОЛЬШОЙ ЗОНТ С РУЧКОЙ','','','umbrella-panathinaikos-automatic-large'),
	(2453,645,4,'МАЛЕНЬКИЙ ЗОНТ С ЭМБЛЕМОЙ PANATHINAIKOS','МАЛЕНЬКИЙ ЗОНТ PANATHINAIKOS В ЧЕХЛЕ','<div style=\"padding-bottom: 0.6em; padding-left: 0.6em; padding-right: 0.6em; padding-top: 0.6em;\">МАЛЕНЬКИЙ ЗОНТ PANATHINAIKOS В ЧЕХЛЕ</div>','','','umbrella-panathinaikos-small'),
	(2454,647,4,'ЧЕХОЛ ДЛЯ MP3 ПЛЕЕРА','ФУТЛЯР ДЛЯ MP3, ЗЕЛЕНЫЙ','ФУТЛЯР ДЛЯ MP3, ЗЕЛЕНЫЙ','','','mp3-case'),
	(2455,648,4,'КУРТКА С КАПЮШОНОМ С ЭМБЛЕМОЙ PANATHINAIKOS БЕЗ ЗЕЛЕНЫХ ПОЛОС','КУРТКА С КАПЮШОНОМ PANATHINAIKOS, ЗЕЛЕНАЯ БЕЗ ПОДКЛАДКИ','КУРТКА С КАПЮШОНОМ PANATHINAIKOS, ЗЕЛЕНАЯ БЕЗ ПОДКЛАДКИ','','','anorak-panathinaikos-without-lining-green'),
	(2456,649,4,'КУРТКА С КАПЮШОНОМ С ЭМБЛЕМОЙ PANATHINAIKOS С ПОЛОСАМИ','КУРТКА С КАПЮШОНОМ PANATHINAIKOS С ПОДКЛАДКОЙ','КУРТКА С КАПЮШОНОМ PANATHINAIKOS С ПОДКЛАДКОЙ','','','anorak-panathinaikos-with-lining'),
	(2457,652,4,'ЗЕЛЕНЫЕ ДЕТСКИЕ ШОРТФ ОФИЦИАЛЬНОЙ БАСКЕТБОЛЬНОЙ ФОРМЫ','ШОРТЫ ЗЕЛЕНЫЕ ДЛЯ ДЕТЕЙ','ШОРТЫ ЗЕЛЕНЫЕ ДЛЯ ДЕТЕЙ','','','official-basketball-short-green-for-kids'),
	(2458,653,4,'БЕЛЫЕ ДЕТСКИЕ ШОРТФ ОФИЦИАЛЬНОЙ БАСКЕТБОЛЬНОЙ ФОРМЫ','ШОРТЫ БЕЛЫЕ ДЛЯ ДЕТЕЙ','ШОРТЫ БЕЛЫЕ ДЛЯ ДЕТЕЙ','','','official-basketball-shorts-white-for-kids'),
	(2459,655,4,'ЗЕЛЕНАЯ КЕПКА С ИЗОБРАЖЕНИЕМ ТРИЛИСТНИКА','КЕПКА С ТРИЛИСТНИКОМ ЗЕЛЕНАЯ','КЕПКА С ТРИЛИСТНИКОМ ЗЕЛЕНАЯ','','','cap-with-clover-green'),
	(2460,657,4,'КЕПКА','КЕПКА PANATHINAIKOS&nbsp;С ТРИЛИСТНИКОМ','КЕПКА PANATHINAIKOS&nbsp;С ТРИЛИСТНИКОМ','','','cap'),
	(2461,660,4,'КЕПКА','КЕПКА PANATHINAIKOS С СЕТКОЙ','КЕПКА PANATHINAIKOS С СЕТКОЙ','','','cap'),
	(2462,663,4,'ШАПКА С ОТВОРОТОМ С ИЗОБРАЖЕНИМ МЯЧА','ШАПКА С МЯЧОМ','ШАПКА С МЯЧОМ','','','crest-bronx-hat-with-ball'),
	(2463,665,4,'ШАПКА С ЭМБЛЕМОЙ PANATHINAIKOS','ШАПКА PANATHINAIKOS С БЕЛОЙ ЛИНИЕЙ','ШАПКА PANATHINAIKOS С БЕЛОЙ ЛИНИЕЙ','','','hat-panathinaikos'),
	(2464,667,4,'ШАПКА','Мяч 5 звезд вышит на передней части шапки.','<div class=\"description\">Мяч 5 звезд вышит на передней части шапки. </div>','','','hat'),
	(2465,668,4,'ЗЕЛЕНЫЕ ПЕРЧАТКИ С ЭМБЛЕМОЙ PANATHINAIKOS','ПЕРЧАТКИ PANATHINAIKOS ЗЕЛЕНЫЕ','ПЕРЧАТКИ PANATHINAIKOS ЗЕЛЕНЫЕ','','','gloves-panathinaikos-green'),
	(2466,669,4,'ЧЕРНЫЕ ПЕРЧАТКИ С ЭМБЛЕМОЙ PANATHINAIKOS','ПЕРЧАТКИ PANATHINAIKOS ЧЕРНЫЕ','ПЕРЧАТКИ PANATHINAIKOS ЧЕРНЫЕ','','','gloves-panathinaikos-black'),
	(2467,675,4,'ПИЖАМА ДЛЯ ЮНИОРОВ С ЭМБЛЕМОЙ PANATHINAIKOS, 8-12','ПИЖАМА PANATHINAIKOS ДЛЯ ДЕТЕЙ ОТ 8 ДО 12 ЛЕТ','ПИЖАМА PANATHINAIKOS ДЛЯ ДЕТЕЙ ОТ 8 ДО 12 ЛЕТ','','','junior-pyzamas-panathinaikos-8-12'),
	(2468,676,4,'ПИЖАМА ДЛЯ ЮНИОРОВ С ЭМБЛЕМОЙ PANATHINAIKOS, 14-16','ПИЖАМА PANATHINAIKOS JUNIOR ДЛЯ ДЕТЕЙ ОТ 14 ДО 16 ЛЕТ','ПИЖАМА PANATHINAIKOS JUNIOR ДЛЯ ДЕТЕЙ ОТ 14 ДО 16 ЛЕТ','','','junior-pyzamas-panathinaikos-14-16'),
	(2469,677,4,'РУБАШКА С ДЛИННЫМИ РУКОВАМИ С НАДПИСЬЮ \"MISS GREEN\"','ДЛЯ МАЛЕНЬКИХ ДАМ ОТ 2 ДО 12 ЛЕТ','ДЛЯ МАЛЕНЬКИХ ДАМ ОТ 2 ДО 12 ЛЕТ','','','long-sleeve-blouse-miss-green'),
	(2470,678,4,'ФУТБОЛКА С ДЛИННЫМИ РУКОВАМИ С ИЗОБРАЖЕНИЕМ ПОЛОВИНЫ ЛИСТА ТРИЛИСТНИКА','ФУТБОЛКА С ДЛИННЫМ РУКАВОМ С ПОЛОВИНОЙ ТРИЛИСТНИКА ДЛЯ МЛАДЕНЦЕВ','ФУТБОЛКА С ДЛИННЫМ РУКАВОМ С ПОЛОВИНОЙ ТРИЛИСТНИКА ДЛЯ МЛАДЕНЦЕВ','','','long-sleeved-t-shirt-half-clover'),
	(2471,681,4,'ТАТАРУНИС','ТАТАРУНИС','ТАТАРУНИС','','','tatarounis'),
	(2472,683,4,'ФУТБОЛКА КЛУБА PANATHINAIKOS B.C.  ДЕТСКАЯ','Места, в которых мы вошли в историю...На футболке известные памятники из пяти городов, в которых мы завоевали свои кубки.На спине футболки указаны названия городов и результаты финальных игр.','<p style=\"margin: 0cm 0cm 0pt;\">Места, в которых мы вошли в историю...<br />  <br />  На футболке известные памятники из пяти городов, в которых мы завоевали свои кубки.<br />  На спине футболки указаны названия городов и результаты финальных игр.<br />','','','t-shirt-panathinaikos-b-c-for-children'),
	(2473,684,4,'ОФИЦИАЛЬНАЯ ВЕРХНЯЯ ВОЛЕЙБОЛЬНАЯ ФОРМА 2009-2010','ОФИЦИАЛЬНАЯ ВЕРХНЯЯ ФОРМА ДЛЯ ВОЛЕЙБОЛА 2009-2010 Цвет: зеленый','<div class=\"description\"><span style=\"background-color: #dee0e5;\">ОФИЦИАЛЬНАЯ ВЕРХНЯЯ ФОРМА ДЛЯ ВОЛЕЙБОЛА 2009-2010<br />  Цвет: зеленый</span> </div>','','','official-volleyball-jersey-2009-2010'),
	(2474,691,4,'ВОЗДУШНЫЕ ШАРЫ С НАДПИСЬЮ \"PANATHINAIKOS\", ЗЕЛЕНОГО ЦВЕТА','ШАРЫ PANATHINAIKOS, ЗЕЛЕНЫЕ  Шары Panathinaikos  для вечеринок и праздников. 10 штук в упаковке.','<p style=\"margin: 0cm 0cm 0pt;\"><span style=\"color: #333333; font-size: 9pt;\">ШАРЫ PANATHINAIKOS, ЗЕЛЕНЫЕ<br />  Шары Panathinaikos  для вечеринок и праздников. </span><span style=\"color: #333333; font-size: 9pt;\">10 штук в упаковке.</span> </p>','','','balloons-panathinaikos-green'),
	(2475,692,4,'РАМКА НА НЕСКОЛЬКО ФОТОГРАФИЙ С ЭМБЛЕМОЙ PANATHINAIKOS','Рамка на несколько фото с лого клуба. Вмещает 2 горизонтальных и 2 вертикальных снимка.','Рамка на несколько фото с лого клуба. Вмещает 2 горизонтальных и 2 вертикальных снимка.','','','multi-frame-panathinaikos'),
	(2476,694,4,'БУДИЛЬНИК С С ЭМБЛЕМОЙ PANATHINAIKOS','БУДИЛЬНИК С С ЭМБЛЕМОЙ PANATHINAIKOS','БУДИЛЬНИК С С ЭМБЛЕМОЙ PANATHINAIKOS','','','alarm-clock-panathinaikos'),
	(2477,695,4,'СИНИЙ ГАЛСТУК','Голубой галстук с полосками, украшенный маленькими трилистниками','Голубой галстук с полосками, украшенный маленькими трилистниками','','','blue-tie'),
	(2478,706,4,'ПЛАКАТ С БАТИСТА','РАЗМЕРЫ: 35x50','РАЗМЕРЫ: 35&times;50','','','poster-batiste'),
	(2479,707,4,'ПЛАКАТ С ЯСИКЯВИЧУСОМ','РАЗМЕРЫ: 35x50','РАЗМЕРЫ: 35&times;50','','','poster-jasikevicius'),
	(2480,712,4,'ФУТБОЛКА С НАДПИСЬЮ \"GREEK CHAMPION 2010\"','ФУТБОЛКА С НАДПИСЬЮ \"GREEK CHAMPION 2010\"','ФУТБОЛКА С НАДПИСЬЮ \"GREEK CHAMPION 2010\"','','','t-shirt-greek-champion-2010'),
	(2481,714,4,'ВЕРХНЯЯ ФУТБОЛЬНАЯ ФОРМА ЗЕЛЕНОГО ЦВЕТА, 2010-2011','ВЕРХНЯЯ ФУТБОЛЬНАЯ ФОРМА ЗЕЛЕНОГО ЦВЕТА, 2010-2011','ВЕРХНЯЯ ФУТБОЛЬНАЯ ФОРМА ЗЕЛЕНОГО ЦВЕТА, 2010-2011','','','football-jersey-green-2010-2011'),
	(2482,720,4,'ТЕТРАДЬ С НАДПИСЬЮ \"RESPECT\" (УВАЖАЮ) 2 ШТ.','Размеры : (17 x 25 см)  Предметы : 2 Страницы : 70','Размеры :&nbsp;(17 x 25 см)<br />  Предметы :&nbsp;2<br />  Страницы : 70','','','exercise-book-with-logo-respect-2-sub'),
	(2483,721,4,'ТЕТРАДЬ С НАДПИСЬЮ \"RESPECT\" 3 ШТ.','Размеры : (17 x 25 см)  Предметы : 3  Страницы: 105','<p style=\"margin: 0cm 0cm 0pt;\"><span style=\"color: #333333; font-size: 9pt;\">Размеры :&nbsp;(17 x 25 см)<br />  Предметы :&nbsp; 3<br />  Страницы: 105</span></p>','','','exercise-book-with-logo-respect-3-sub'),
	(2484,722,4,'БЛОКНОТ С НАДПИСЬЮ \"RESPECT\"','БЛОКНОТ С НАДПИСЬЮ \"RESPECT\"','БЛОКНОТ С НАДПИСЬЮ \"RESPECT\"','','','notebook-with-logo-respect'),
	(2485,723,4,'ПАПКА С НАДПИСЬЮ \"RESPECT\"','Папка для бумаг с эластичными резинками Размер: A4','<span style=\"background-color: #dee0e5;\">Папка для бумаг с эластичными резинками<br />  Размер: &Aacute;4</span>','','','folder-with-logo-respect'),
	(2486,725,4,'ШКОЛЬНАЯ СУМКА С НАДПИСЬЮ \"MY PRIDE\"','ШКОЛЬНЫЙ РАНЕЦ С НАДПИСЬЮ \'MY PRIDE\'','<span style=\"background-color: #dee0e5;\">ШКОЛЬНЫЙ РАНЕЦ С НАДПИСЬЮ \'MY PRIDE\'</span>','','','school-bag-my-pride'),
	(2487,733,4,'БРЕЗЕНТОВАЯ СУМКА С НАДПИСЬЮ \"MY PRIDE\"','Спортивная сумка с логотипом \'MY PRIDE\'','Спортивная сумка с логотипом \'MY PRIDE\'','','','duffel-bag-my-pride'),
	(2488,735,4,'ПЕНАЛ С НАДПИСЬЮ \"MY PRIDE\"','Пенал бочкообразной формы с лого клуба и трилистником','Пенал бочкообразной формы с лого клуба и трилистником','','','pencil-case-my-pride'),
	(2489,737,4,'РУЧКА С ЭМБЛЕМОЙ PAO','Пластмассовая ручка с лого клуба (1шт.)','<span style=\"background-color: #dee0e5;\">Пластмассовая ручка с лого клуба (1шт.)</span>','','','pao-pen'),
	(2490,738,4,'РУЧКА PARKER','Ручка Parker с лого клуба (1шт.)','<div class=\"description\"><span style=\"background-color: #dee0e5;\">Ручка Parker с лого клуба (1шт.)</span> </div>  <p>&nbsp;</p>','','','pen-parker'),
	(2491,739,4,'СЕРЕБРЯННЫЕ ЧЕТКИ','Серебряные (925) четки с полудрагоценными камнями - дендрит  ДОСТАВКА В ТЕЧЕНИЕ 7 ДНЕЙ','Серебряные (925) четки с полудрагоценными камнями &mdash; дендрит<br /> ДОСТАВКА В ТЕЧЕНИЕ 7 ДНЕЙ','','','silver-plated-worry-bead'),
	(2492,743,4,'ЧАСЫ НА ЧЕРНОМ РЕМЕШКЕ С ХРОНОГРАФОМ','ЧАСЫ С ЧЕРНЫМ ЦИФЕРБЛАТОМ И ХРОНОМЕТРОМ  ВОДОСТОЙКИЕ (НЕРЖАВЕЮЩАЯ СТАЛЬ)  ДОСТАВКА В ТЕЧЕНИЕ 7 ДНЕЙ','<span style=\"background-color: #dee0e5;\">ЧАСЫ С ЧЕРНЫМ ЦИФЕРБЛАТОМ И ХРОНОМЕТРОМ <br />  ВОДОСТОЙКИЕ (НЕРЖАВЕЮЩАЯ СТАЛЬ)<br />  ДОСТАВКА В ТЕЧЕНИЕ 7 ДНЕЙ<br />  <br />  <br />  </span>','','','black-bracelet-watch-with-chronograph'),
	(2493,744,4,'АСЫ НА БЕЛОМ РЕМЕШКЕ С ХРОНОГРАФОМ','ЧАСЫ С БЕЛЫМ ЦИФЕРБЛАТОМ И ХРОНОМЕТРОМ  ВОДОСТОЙКИЕ (НЕРЖАВЕЮЩАЯ СТАЛЬ) ДОСТАВКА В ТЕЧЕНИЕ 7 ДНЕЙ','<div class=\"description\"><span style=\"background-color: #dee0e5;\">ЧАСЫ С БЕЛЫМ ЦИФЕРБЛАТОМ И ХРОНОМЕТРОМ  <br />   ВОДОСТОЙКИЕ (НЕРЖАВЕЮЩАЯ СТАЛЬ)<br />  <br />  <strong>ДОСТАВКА В ТЕЧЕНИЕ 7 ДНЕЙ</strong> <br />  </span></div>','','','white-chronograph-bracelet-watch'),
	(2494,745,4,'ЧАСЫ НА БЕЛОМ РЕМЕШКЕ','ЧАСЫ С БЕЛЫМ ЦИФЕРБЛАТОМ И ХРОНОМЕТРОМ, ВОДОСТОЙКИЕ (НЕРЖАВЕЮЩАЯ СТАЛЬ), ПОКАЗЫВАЮТ ДАТУ ДОСТАВКА В ТЕЧЕНИЕ 7 ДНЕЙ','<div class=\"description\"><span style=\"background-color: #dee0e5;\">ЧАСЫ С БЕЛЫМ ЦИФЕРБЛАТОМ И ХРОНОМЕТРОМ, ВОДОСТОЙКИЕ <br />(НЕРЖАВЕЮЩАЯ СТАЛЬ),<br /> ПОКАЗЫВАЮТ ДАТУ<br />  <br /> <strong>ДОСТАВКА В ТЕЧЕНИЕ 7 ДНЕЙ</strong> <br />  </span></div>','','','bracelet-watch-white'),
	(2495,746,4,'ЧАСЫ НА ЧЕРНОМ РЕМЕШКЕ','ЧАСЫ С ЧЕРНЫМ ЦИФЕРБЛАТОМ  ВОДОСТОЙКИЕ. (НЕРЖАВЕЮЩАЯ СТАЛЬ)  ПОКАЗЫВАЮТ ДАТУ ДОСТАВКА В ТЕЧЕНИЕ 7 ДНЕЙ','<div class=\"description\"><span style=\"background-color: #dee0e5;\">ЧАСЫ С ЧЕРНЫМ ЦИФЕРБЛАТОМ<br />  &nbsp;ВОДОСТОЙКИЕ. (НЕРЖАВЕЮЩАЯ СТАЛЬ)<br /> ПОКАЗЫВАЮТ ДАТУ<strong><br />  ДОСТАВКА В ТЕЧЕНИЕ 7 ДНЕЙ</strong> <br />  </span></div>','','','bracelet-black-watch'),
	(2496,748,4,'ПЕПЕЛЬНИЦА','Овальная фарфоровая пепельница','Овальная фарфоровая пепельница','','','ashtray'),
	(2497,750,4,'АЛЬБОМ НА 200 ФОТОГРАФИЙ','Места, в которых мы вошли в историю. На фотоальбоме изображены известные памятники из пяти городов, в которых мы завоевали свои кубки.','Места, в которых мы вошли в историю. <br />  <br />На фотоальбоме изображены известные памятники из пяти городов, в которых мы завоевали свои кубки.<br />','','','photo-album-200-photos'),
	(2498,752,4,'ОФИЦИАЛЬНАЯ ВЕРХНЯЯ БАСКЕТБОЛЬНАЯ ФОРМА, 2010-2011 (ЗЕЛЕНОГО ЦВЕТА)','ОФИЦИАЛЬНАЯ ВЕРХНЯЯ ФОРМА ДЛЯ БАСКЕТБОЛА 2010-11  Цвет: зеленый','<p style=\"margin: 0cm 0cm 0pt;\"><span style=\"color: #333333; font-size: 9pt;\">ОФИЦИАЛЬНАЯ ВЕРХНЯЯ ФОРМА ДЛЯ БАСКЕТБОЛА 2010-11<br />  Цвет: зеленый</span></p>','','','official-basketball-jersey-2010-11-green'),
	(2499,753,4,'ОФИЦИАЛЬНАЯ ВЕРХНЯЯ БАСКЕТБОЛЬНАЯ ФОРМА, 2010-2011 (БЕЛОГО ЦВЕТА)','ОФИЦИАЛЬНАЯ ВЕРХНЯЯ ФОРМА ДЛЯ БАСКЕТБОЛА 2010-11 Цвет: белый','<p style=\"margin: 0cm 0cm 0pt;\"><span style=\"color: #333333; font-size: 9pt;\">ОФИЦИАЛЬНАЯ ВЕРХНЯЯ ФОРМА ДЛЯ БАСКЕТБОЛА 2010-11<br />  Цвет: белый</span></p>','','','official-basketball-jersey-2010-11-white'),
	(2500,754,4,'ОФИЦИАЛЬНАЯ ВЕРХНЯЯ БАСКЕТБОЛЬНАЯ ФОРМА, 2010-2011 (ГОЛУБОГО ЦВЕТА)','ОФИЦИАЛЬНАЯ ВЕРХНЯЯ ФОРМА ДЛЯ БАСКЕТБОЛА 2010-11  Цвет: светло-голубой','<p style=\"margin: 0cm 0cm 0pt;\"><span style=\"color: #333333; font-size: 9pt;\">ОФИЦИАЛЬНАЯ ВЕРХНЯЯ ФОРМА ДЛЯ БАСКЕТБОЛА 2010-11<br />  Цвет: светло-голубой</span></p>','','','official-basketball-jersey-2010-11-light-blue'),
	(2501,755,4,'ОФИЦИАЛЬНАЯ ВЕРХНЯЯ БАСКЕТБОЛЬНАЯ ФОРМА ДЛЯ ЮНИОРОВ, 2010-2011 (ЗЕЛЕНОГО ЦВЕТА)','ОФИЦИАЛЬНАЯ ВЕРХНЯЯ ФОРМА ДЛЯ БАСКЕТБОЛА ЮНИОРЫ 2010-11 Цвет: зеленый','<p style=\"margin: 0cm 0cm 0pt;\"><span style=\"color: #333333; font-size: 9pt;\">ОФИЦИАЛЬНАЯ ВЕРХНЯЯ ФОРМА ДЛЯ БАСКЕТБОЛА ЮНИОРЫ 2010-11<br />  Цвет: зеленый</span></p>','','','official-basketball-junior-jersey-2010-11-green'),
	(2502,757,4,'ОФИЦИАЛЬНАЯ ВЕРХНЯЯ БАСКЕТБОЛЬНАЯ ФОРМА ДЛЯ ЮНИОРОВ, 2010-2011 (ГОЛУБОГО ЦВЕТА)','ОФИЦИАЛЬНАЯ ВЕРХНЯЯ ФОРМА ДЛЯ БАСКЕТБОЛА ЮНИОРЫ 2010-11  Цвет: светло-голубой','<p style=\"margin: 0cm 0cm 0pt;\"><span style=\"color: #333333; font-size: 9pt;\">ОФИЦИАЛЬНАЯ ВЕРХНЯЯ ФОРМА ДЛЯ БАСКЕТБОЛА ЮНИОРЫ 2010-11<br />  Цвет: <span style=\"color: #333333; font-size: 9pt;\">светло-голубой</span></span></p>','','','official-basketball-junior-jersey-2010-11-light-blue'),
	(2503,759,4,'ШОРТЫ ОФИЦИАЛЬНОЙ БАСКЕТБОЛЬНОЙ ФОРМЫ, 2010-2011 (ЗЕЛЕНОГО ЦВЕТА)','ОФИЦИАЛЬНЫЕ ШОРТЫ ДЛЯ БАСКЕТБОЛА ADIDAS 2010-2011  Цвет: зеленый','<p style=\"margin: 0cm 0cm 0pt;\"><span style=\"color: #333333; font-size: 9pt;\">ОФИЦИАЛЬНЫЕ ШОРТЫ ДЛЯ БАСКЕТБОЛА ADIDAS 2010-2011<br />  Цвет: зеленый</span></p>','','','official-basketball-shorts-adidas-2010-2011-green'),
	(2504,760,4,'ШОРТЫ ОФИЦИАЛЬНОЙ БАСКЕТБОЛЬНОЙ ФОРМЫ, 2010-2011 (БЕЛОГО ЦВЕТА)','ОФИЦИАЛНЫЕ ШОРТЫ ДЛЯ БАСКЕТБОЛА ADIDAS 2010-2011  Цвет: белый','<p style=\"margin: 0cm 0cm 0pt;\"><span style=\"color: #333333; font-size: 9pt;\">ОФИЦИАЛНЫЕ ШОРТЫ ДЛЯ БАСКЕТБОЛА ADIDAS 2010-2011<br />  Цвет: белый</span></p>','','','official-basketball-shorts-adidas-2010-2011-white'),
	(2505,762,4,'ШОРТЫ ДЛЯ ТРЕНИРОВОК ADIDAS 2011-2012 (ЧЕРНОГО ЦВЕТА)','ТРЕНИРОВОЧНЫЕ ШОРТЫ ADIDAS 2011-2012  Впереди вышит мяч и 6 звезд  Цвет: черные  Материал: 80% хлопок и 20% полиэстер  Изделия AD','<p style=\"margin: 0cm 0cm 0pt;\"><span style=\"color: #333333; font-size: 9pt;\">ТРЕНИРОВОЧНЫЕ ШОРТЫ ADIDAS 2011-2012<br />  Впереди вышит мяч и 6 звезд<br />  Цвет: черные<br />  Материал: 80% хлопок и 20% полиэстер<br />  <br />  </span></p>  <p>Изделия AD','','','training-shorts-adidas-2011-2012-black'),
	(2506,764,4,'ВОДОНЕПРОНИЦАЕМАЯ КУРТКА С КАПЮШОНОМ ADIDAS','ВОДОНЕПРОНИЦАЕМАЯ КУРТКА ADIDAS С КАПЮШОНОМ. Цвет: черный, зеленый, светло-зеленый  Материал:  Верх: 100% Полиэст','<p style=\"margin: 0cm 0cm 0pt;\"><span style=\"color: #333333; font-size: 9pt;\"><span style=\"color: #333333; font-size: 9pt;\">ВОДОНЕПРОНИЦАЕМАЯ КУРТКА ADIDAS С КАПЮШОНОМ.<br /> Цвет: черный, зеленый, светло-зеленый<br />  Материал:<br />  Верх: 100% Полиэст','','','adidas-waterproof-jacket-with-hood'),
	(2507,778,4,'DVD-ДИСК С 5 ЧЕМПИОНАТАМИ ЕВРОЛИГИ','5 Европейский титулов на 10 DVD  Богатая фотогаллерея  Статистические данные  Интервью участников  Дикторский текст Fragiskos Alvertis','<ul>      <li>5 Европейский титулов на 10 DVD </li>      <li>Богатая фотогаллерея </li>      <li>Статистические данные </li>      <li>Интервью участников </li>      <li>Дикторский текст Fragiskos Alvertis </li>  </ul>','','','5-euroleague-titles-dvd'),
	(2508,781,4,'ВЕРХНЯЯ ФУТБОЛЬНАЯ ФОРМА ЧЕРНОГО ЦВЕТА, 2010-2011','ВЕРХНЯЯ ФУТБОЛЬНАЯ ФОРМА ЧЕРНОГО ЦВЕТА, 2010-2011','ВЕРХНЯЯ ФУТБОЛЬНАЯ ФОРМА ЧЕРНОГО ЦВЕТА, 2010-2011','','','football-jersey-black-2010-2011'),
	(2509,782,4,'ФУТБОЛЬНЫЙ НЕПРОМОКАЕМЫЙ ДОЖДЕВИК ADIDAS 2010-2011','ФУТБОЛЬНЫЙ НЕПРОМОКАЕМЫЙ ДОЖДЕВИК ADIDAS 2010-2011','ФУТБОЛЬНЫЙ НЕПРОМОКАЕМЫЙ ДОЖДЕВИК ADIDAS 2010-2011','','','football-raincoat-adidas-2010-2011'),
	(2510,783,4,'ЧАСЫ НА РЕЗИНОВОМ РЕМЕШКЕ','ВОДОСТОЙКИЕ ЧАСЫ ЧЕРНЫЙ РЕЗИНОВЫЙ РЕМЕШОК ДОСТАВКА В ТЕЧЕНИЕ 7 ДНЕЙ','ВОДОСТОЙКИЕ ЧАСЫ <br />  ЧЕРНЫЙ РЕЗИНОВЫЙ РЕМЕШОК<br />  <strong>ДОСТАВКА В ТЕЧЕНИЕ 7 ДНЕЙ</strong> <br />','','','rubber-strap-watch'),
	(2511,784,4,'ЧАСЫ НА РЕЗИНОВОМ РЕМЕШКЕ','ВОДОСТОЙКИЕ ЧАСЫ ЧЕРНЫЙ РЕЗИНОВЫЙ РЕМЕШОК ДОСТАВКА В ТЕЧЕНИЕ 7 ДНЕЙ','ВОДОСТОЙКИЕ ЧАСЫ <br />  ЧЕРНЫЙ РЕЗИНОВЫЙ РЕМЕШОК<br />  <strong>ДОСТАВКА В ТЕЧЕНИЕ 7 ДНЕЙ</strong> <br />','','','rubber-strap-watch'),
	(2512,786,4,'ЧАШКА','Фарфоровая чашка с лого PANATHINAIKOS','Фарфоровая чашка с лого PANATHINAIKOS','','','cup'),
	(2513,787,4,'НАСТОЛЬНАЯ ИГРА С ЭМБЛЕМОЙ PANATHINAIKOS','НАСТОЛЬНАЯ ИГРА С ЭМБЛЕМОЙ PANATHINAIKOS','НАСТОЛЬНАЯ ИГРА С ЭМБЛЕМОЙ PANATHINAIKOS','','','panathinaikos-chutes-ladders-trouble-board-game'),
	(2514,789,4,'ЧЕТКИ','Четки с полудрагоценными камнями - гематит','Четки с полудрагоценными камнями - гематит','','','worry-bead'),
	(2515,790,4,'КЕРАМИЧЕСКАЯ КОПИЛКА','Керамическая копилка. Отличный подарок для детей!','<p>Керамическая копилка. Отличный подарок для детей! </p>','','','ceramic-money-pot'),
	(2516,792,4,'Фарфоровые чашки. 2 штуки','2 фарфоровые чашки. Упакованы в подарочную коробку в виде сердца!','2 фарфоровые чашки. Упакованы в подарочную коробку в виде сердца!','','','porcelain-cups-2-pieces'),
	(2517,795,4,'ФУТБОЛКА ADIDAS ОБЛАДАТЕЛЯ КУБКА 2011 Г.','Тенниска. В честь завоевания 6-го европейского кубка в 2011 году.','<p><strong></strong></p>  Тенниска. В честь завоевания 6-го европейского кубка в 2011 году.','','','t-shirt-european-champion-2011'),
	(2518,796,4,'ДЕТСКАЯ ФУТБОЛКА ADIDAS ОБЛАДАТЕЛЯ КУБКА 2011 Г.','Х/б футболка с рисунком впереди и на спине','<p><strong></strong></p>  Х/б футболка с рисунком впереди и на спине','','','t-shirt-european-champion-2011-for-children'),
	(2519,797,4,'ФУТБОЛКА С НАДПИСЬЮ \"GREEK CHAMPION 2011\"','ФУТБОЛКА С НАДПИСЬЮ \"GREEK CHAMPION 2011\"','ФУТБОЛКА С НАДПИСЬЮ \"GREEK CHAMPION 2011\"','','','t-shirt-greek-champion-2011'),
	(2520,798,4,'ОФИЦИАЛЬНАЯ ВЕРХНЯЯ БАСКЕТБОЛЬНАЯ ФОРМА, 2011-2012 (ЗЕЛЕНОГО ЦВЕТА)','ОФИЦИАЛЬНАЯ ВЕРХНЯЯ ФОРМА ДЛЯ БАСКЕТБОЛА 2011-12 С 6 ЗВЕЗДАМИ  Цвет: зеленый  Команда Panathinaikos стала первой греческой командой, которая одела игровые футболки из самого современного материала - NBA Revolution 30.','<p>ОФИЦИАЛЬНАЯ ВЕРХНЯЯ ФОРМА ДЛЯ БАСКЕТБОЛА 2011-12 С 6 ЗВЕЗДАМИ<br />  Цвет: зеленый<br /> <br />  </p>  <p>Команда Panathinaikos стала первой греческой командой, которая одела игровые футболки из самого современного материала &mdash; NBA Revolution 30.','','','official-basketball-jersey-2011-12-green'),
	(2521,799,4,'ОФИЦИАЛЬНАЯ ВЕРХНЯЯ БАСКЕТБОЛЬНАЯ ФОРМА, 2011-2012 (БЕЛОГО ЦВЕТА)','ОФИЦИАЛЬНАЯ ВЕРХНЯЯ ФОРМА ДЛЯ БАСКЕТБОЛА 2011-12 С 6 ЗВЕЗДАМИ  Цвет: белый  Команда Panathinaikos стала первой греческой командой, которая одела игровые футболки из самого современного материала &mdash; NBA Revolution 30. Эт','<p>ОФИЦИАЛЬНАЯ ВЕРХНЯЯ ФОРМА ДЛЯ БАСКЕТБОЛА 2011-12 С 6 ЗВЕЗДАМИ<br />  Цвет: белый<br /> <br />  </p>  <p>Команда Panathinaikos стала первой греческой командой, которая одела игровые футболки из самого современного материала &mdash; NBA Revolution 30. Эт','','','official-basketball-jersey-2011-12-white'),
	(2522,800,4,'КОПИЯ ВЕРХНЕЙ БАСКЕТБОЛЬНОЙ ФОРМЫ, 2011-2012 (ЗЕЛЕНОГО ЦВЕТА)','КОПИЯ ВЕРХНЕЙ ФОРМЫ ДЛЯ БАСКЕТБОЛА 2011-12 С 6 ЗВЕЗДАМИ  Цвет: зеленый  Материал изготовлен с использованием технологии ClimaCool, благодаря которой влага с тела впитывается менее, чем за 3 секунды. Отличный выбор для заняти','<p>КОПИЯ ВЕРХНЕЙ ФОРМЫ ДЛЯ БАСКЕТБОЛА 2011-12 С 6 ЗВЕЗДАМИ<br />  Цвет: зеленый<br /> <br />  </p>  <p>Материал изготовлен с использованием технологии ClimaCool, благодаря которой влага с тела впитывается менее, чем за 3 секунды. Отличный выбор для заняти','','','replica-basketball-jersey-2011-12-green'),
	(2523,801,4,'КОПИЯ ВЕРХНЕЙ БАСКЕТБОЛЬНОЙ ФОРМЫ, 2011-2012 (ЧЕРНОГО ЦВЕТА)','КОПИЯ ИГРОВОЙ ФУТБОЛКИ ДЛЯ БАСКЕТБОЛА 2011-12 С 6 ЗВЕЗДАМИ Цвет: черный  Материал изготовлен с использованием технологии ClimaCool, благодаря которой влага с тела впитывается менее, чем за 3 секунды. Отличный выбор для заня','<p>КОПИЯ ИГРОВОЙ ФУТБОЛКИ ДЛЯ БАСКЕТБОЛА 2011-12 С 6 ЗВЕЗДАМИ<br />  Цвет: черный<br /> <br />  </p>  <p>Материал изготовлен с использованием технологии ClimaCool, благодаря которой влага с тела впитывается менее, чем за 3 секунды. Отличный выбор для заня','','','replica-basketball-jersey-2011-12-black'),
	(2524,802,4,'КОПИЯ ШОРТ БАСКЕТБОЛЬНОЙ ФОРМЫ ADIDAS, 2011-2013 (ЗЕЛЕНОГО ЦВЕТА)','КОПИЯ ШОРТ ДЛЯ БАСКЕТБОЛА ADIDAS 2011-2013  Цвет: зеленый  Одежда ADIDAS произведена с использованием технологии CLIMACOOL. Благодаря это технологии обеспечивается вентиляция тела и регулирование его влажности, создается чув','<p>КОПИЯ ШОРТ ДЛЯ БАСКЕТБОЛА ADIDAS 2011-2013<br />  Цвет: зеленый<br /> <br />  </p>  <p>Одежда ADIDAS произведена с использованием технологии CLIMACOOL. Благодаря это технологии обеспечивается вентиляция тела и регулирование его влажности, создается чув','','','replica-basketball-shorts-adidas-2011-2013-green'),
	(2525,803,4,'КОПИЯ ШОРТ ADIDAS БАСКЕТБОЛЬНОЙ ФОРМЫ, 2011-2013 (ЧЕРНОГО ЦВЕТА)','КОПИЯ ШОРТ ДЛЯ БАСКЕТБОЛА ADIDAS 2011-2013  Цвет: черный  Одежда ADIDAS произведена с использованием технологии CLIMACOOL. Благодаря это технологии обеспечивается вентиляция тела и регулирование его влажности, создается чувс','<p>КОПИЯ ШОРТ ДЛЯ БАСКЕТБОЛА ADIDAS 2011-2013<br />  Цвет: черный<br /> <br />  </p>  <p>Одежда ADIDAS произведена с использованием технологии CLIMACOOL. Благодаря это технологии обеспечивается вентиляция тела и регулирование его влажности, создается чувс','','','replica-basketball-shorts-adidas-2011-2013-black'),
	(2526,805,4,'МАЙКА-ПОЛО ADIDAS, 2011-2012','Поло Adidas 2011-2012<br />  3-й трилистник вышит впереди и еще один &mdash; справа сзади на плече <br />  Цвет: черный, светло-зеленый<br />  Материал: 100% хлопок','Поло Adidas 2011-2012<br />  3-й трилистник вышит впереди и еще один &mdash; справа сзади на плече <br />  Цвет: черный, светло-зеленый<br />  Материал: 100% хлопок','','','polo-adidas-2011-2012'),
	(2527,806,4,'ТЕННИСКА ADIDAS БЕЗ РУКАВОВ, 2011-2012 (БЕЛОГО ЦВЕТА)','<div class=\"description\">ТРЕНИРОВОЧНАЯ ТЕННИСКА БЕЗ РУКАВОВ ADIDAS 2011-2012 <br />  Впереди в центре вышитый мяч и 6 звезд<br />  Цвет: белый</div>','<div class=\"description\">ТРЕНИРОВОЧНАЯ ТЕННИСКА БЕЗ РУКАВОВ ADIDAS 2011-2012 <br />  Впереди в центре вышитый мяч и 6 звезд<br />  Цвет: белый</div>','','','sleeveless-tee-adidas-2011-2012-white'),
	(2528,807,4,'ТРЕНИРОВОЧНЫЕ ШТАНЫ ADIDAS, 2011-2012 (ЗЕЛЕНОГО ЦВЕТА)','<p>ТРЕНИРОВОЧНЫЕ БРЮКИ ADIDAS 2011-2012<br />  На передней части вышит 3D-трилистник<br />  Материал: Полиэстер<br /> Цвет: зеленый</p>','<p>ТРЕНИРОВОЧНЫЕ БРЮКИ ADIDAS 2011-2012<br />  На передней части вышит 3D-трилистник<br />  Материал: Полиэстер<br /> Цвет: зеленый</p>','','','exercise-pants-adidas-2011-2012-green'),
	(2529,808,4,'ШТАНЫ ИЗ ПОЛИЭСТРА ADIDAS, 2011-2012 (ЗЕЛЕНОГО ЦВЕТА)','<p>БРЮКИ 2011-2012<br />  Впереди вышит мяч и 6 звезд<br />  Цвет: зеленый<br />  Материал: Полиэстер</p>','<p>БРЮКИ 2011-2012<br />  Впереди вышит мяч и 6 звезд<br />  Цвет: зеленый<br />  Материал: Полиэстер</p>','','','polyester-trousers-adidas-2011-2012-green'),
	(2530,809,4,'ТРЕНИРОВОЧНЫЕ БРЮКИ ADIDAS, 2011-2012 (ЗЕЛЕНОГО ЦВЕТА)','<p>ТРЕНИРОВОЧНЫЕ БРЮКИ ADIDAS 2011-2012<br />  Вереди вышит 3D-трилистник<br />  Цвет: серый<br />  Материал: 60% хлопок и 40% полиэстер    </p>  <p>Изделия ADIDAS произведены из хлопка, обработанного по технологии CLIMALITE. Изделия из такой ткани обеспе','<p>ТРЕНИРОВОЧНЫЕ БРЮКИ ADIDAS 2011-2012<br />  Вереди вышит 3D-трилистник<br />  Цвет: серый<br />  Материал: 60% хлопок и 40% полиэстер    </p>  <p>Изделия ADIDAS произведены из хлопка, обработанного по технологии CLIMALITE. Изделия из такой ткани обеспе','','','adidas-sweat-pants-2011-2012-grey'),
	(2531,810,4,'КУРТКА С КАПЮШОНОМ  ADIDAS, 2011-2012','КУРТКА С КАПЮШОНОМ ADIDAS 2011-2012<br />  Впереди вышит 3D-трилистник, а надпись PANATHINAIKOS отпечатана на спине<br />  <p>Цвета: зеленый и черный<br />  Материал: 100% полиэстер</p>','КУРТКА С КАПЮШОНОМ ADIDAS 2011-2012<br />  Впереди вышит 3D-трилистник, а надпись PANATHINAIKOS отпечатана на спине<br />  <p>Цвета: зеленый и черный<br />  Материал: 100% полиэстер</p>','','','jacket-with-hood-adidas-2011-2012'),
	(2532,811,4,'КУРТКА ADIDAS, 2011-2012','КУРТКА ADIDAS 2011-2012<br />  впереди слева вышит мяч и 6 звезд, а трилистник &mdash; на спине<br />  Сделан из полиэстера<br />  Цвет: зеленый','КУРТКА ADIDAS 2011-2012<br />  впереди слева вышит мяч и 6 звезд, а трилистник &mdash; на спине<br />  Сделан из полиэстера<br />  Цвет: зеленый','','','jacket-adidas-2011-2012'),
	(2533,812,4,'ТРЕНИРОВОЧНАЯ МАЙКА ADIDAS, 2011-2012 (СЕРОГО ЦВЕТА)','ТРЕНИРОВОЧНАЯ МАЙКА&nbsp;ADIDAS 2011-2012 <br />  Впереди вышит трилистник.<br />  Цвет: серый<br />  Материал: 60% хлопок и 40% полиэстер <br />  <br />     <p>Изделия ADIDAS произведены из хлопка, обработанного по технологии CLIMALITE. Изделия из такой','ТРЕНИРОВОЧНАЯ МАЙКА&nbsp;ADIDAS 2011-2012 <br />  Впереди вышит трилистник.<br />  Цвет: серый<br />  Материал: 60% хлопок и 40% полиэстер <br />  <br />     <p>Изделия ADIDAS произведены из хлопка, обработанного по технологии CLIMALITE. Изделия из такой','','','sweatshirt-adidas-2011-2012-grey'),
	(2534,813,4,'ФУТБОЛКА ADIDAS С ЭМБЛЕМОЙ PAO (БЕЛОГО ЦВЕТА)','Футболка ADIDAS с логотипом клуба.<br />  Цвет: белый<br />  <p>Изделия ADIDAS произведены из хлопка, обработанного по технологии CLIMALITE. Изделия из такой ткани обеспечивают комфорт, сохраняют мягкость материала на ощупь и отводят излишнюю влагу от кож','Футболка ADIDAS с логотипом клуба.<br />  Цвет: белый<br />  <p>Изделия ADIDAS произведены из хлопка, обработанного по технологии CLIMALITE. Изделия из такой ткани обеспечивают комфорт, сохраняют мягкость материала на ощупь и отводят излишнюю влагу от кож','','','t-shirt-adidas-pao-white'),
	(2535,814,4,'ФУТБОЛКА ADIDAS С ЭМБЛЕМОЙ PAO BC  (ЗЕЛЕНОГО ЦВЕТА)','Футболка ADIDAS с отпечатанной серебром надписью \'\'PAO BC\'\'.<br />  Цвет: зеленый<br /> <br />  <p>Изделия ADIDAS произведены из хлопка, обработанного по технологии CLIMALITE. Изделия из такой ткани обеспечивают комфорт, сохраняют мягкость материала на ощ','Футболка ADIDAS с отпечатанной серебром надписью \'\'PAO BC\'\'.<br />  Цвет: зеленый<br /> <br />  <p>Изделия ADIDAS произведены из хлопка, обработанного по технологии CLIMALITE. Изделия из такой ткани обеспечивают комфорт, сохраняют мягкость материала на ощ','','','t-shirt-adidas-pao-bc-green'),
	(2536,829,4,'БРЕЛОК С КОЖАННОЙ ВСТАВКОЙ','Кожаный ключедержатель. Надпись РАО и трилистник.','Кожаный ключедержатель. Надпись РАО и трилистник.','','','key-ring-with-leather'),
	(2537,831,4,'ФУТБОЛКА С ИМЕНЕМ ДИАМАНТИДИСА № 13','Наш капитан и его футболка! Просто и красиво!','Наш капитан и его футболка! Просто и красиво!','','','t-shirt-diamantidis-no13'),
	(2538,832,4,'ФУТБОЛКА \"КРЕСТИКИ-НОЛИКИ\"','Футболки для наших малышей! Играйте в кьюбик с нашим лого!','Футболки для наших малышей! Играйте в кьюбик с нашим лого!','','','t-shirt-tic-tac-toe'),
	(2539,833,4,'ЧЕТКИ','Как только он попадет вам в руки, вы забудете обо всем!','Как только он попадет вам в руки, вы забудете обо всем!','','','worry-bead'),
	(2540,834,4,'МЯЧ ЙО-ЙО','Снимите стресс с йо-йо. Мы тоже с такими играли, когда были маленькими. А теперь и взрослых не забыли!','Снимите стресс с йо-йо. Мы тоже с такими играли, когда были маленькими. А теперь и взрослых не забыли!','','','ball-yo-yo'),
	(2541,835,4,'БИНОКЛЬ','Бинокли для болельщиков за трилистник! Посмотрите на мир нашими зелеными глазами!','Бинокли для болельщиков за трилистник! Посмотрите на мир нашими зелеными глазами!','','','binoculars'),
	(2542,836,4,'КЕПКА','Мяч 6 звезд вышит на передней части шапки.','Мяч 6 звезд вышит на передней части шапки.','','','cap'),
	(2543,837,4,'КЕПКА С ИМЕНЕМ ДИАМАНТИДИСА','Наш капитан на шапке! Черная шапка с подписью капитана сбоку.','Наш капитан на шапке! Черная шапка с подписью капитана сбоку.','','','cap-diamantidis'),
	(2544,838,4,'ФУБОЛКА С НАДПИСЬЮ \"AND THE JOURNEY GOES ON\" (И ИГРА ПРОДОЛЖАЕТСЯ)','.....и игра продолжается!<br />  <br />  На футболке известные памятники из шести городов, в которых мы завоевали свои кубки.<br />  На спине тенниски указаны названия городов и результаты финальных игр.<br />  <br />  Материал: 100% хлопок','.....и игра продолжается!<br />  <br />  На футболке известные памятники из шести городов, в которых мы завоевали свои кубки.<br />  На спине тенниски указаны названия городов и результаты финальных игр.<br />  <br />  Материал: 100% хлопок','','','t-shirt-and-the-journey-goes-on'),
	(2545,839,4,'КОВРИК ДЛЯ МЫШИ С НАДПИСЬЮ \"AND THE JOURNEY GOES ON\" (И ИГРА ПРОДОЛЖАЕТСЯ)','.....и игра продолжается!<br />  <br />  На тенниске известные памятники из шести городов, в которых мы завоевали свои кубки.<br />','.....и игра продолжается!<br />  <br />  На тенниске известные памятники из шести городов, в которых мы завоевали свои кубки.<br />','','','mouse-pad-and-the-journey-goes-on'),
	(2546,840,4,'ФУТБОЛКА ЗАЩИТНИКА','<div class=\"description\">Наше лого со щитом!<br />    Материал: 100% хлопок </div>','<div class=\"description\">Наше лого со щитом!<br />    Материал: 100% хлопок </div>','','','t-shirt-shield'),
	(2547,841,4,'ФУТБОЛКА С 3D ИЗОБРАЖЕНИЕМ КУБИКОВ','Тенниска для детей. <br />Зеленая<br />  Материал: 100% хлопок','Тенниска для детей. <br />Зеленая<br />  Материал: 100% хлопок','','','t-shirt-3d-cubes'),
	(2548,842,4,'ШАРФ','Мяч и 6 звезд вышиты на одной стороне, а на другой &mdash; названия мест, где мы эти звезды завоевали!','Мяч и 6 звезд вышиты на одной стороне, а на другой &mdash; названия мест, где мы эти звезды завоевали!','','','scarf'),
	(2549,843,4,'ДЕТСКАЯ ФУБОЛКА С НАДПИСЬЮ \"AND THE JOURNEY GOES ON\"','.....и игра продолжается!<br />  <br />  На футболке изображены известные памятники из шести городов, в которых мы завоевали свои кубки.<br />  На спине тенниски указаны названия городов и результаты финальных игр.<br />  <br />  Материал: 100% хлопок','.....и игра продолжается!<br />  <br />  На футболке изображены известные памятники из шести городов, в которых мы завоевали свои кубки.<br />  На спине тенниски указаны названия городов и результаты финальных игр.<br />  <br />  Материал: 100% хлопок','','','t-shirt-for-children-and-the-journey-goes-on'),
	(2550,844,4,'ЧЕТКИ','<div class=\"description\">Четки с акриловыми бусинами<br />  Цвет: зеленый </div>','<div class=\"description\">Четки с акриловыми бусинами<br />  Цвет: зеленый </div>','','','worry-bead'),
	(2551,845,4,'БАСКЕТБОЛЬНЫЙ МЯЧ WILSON','<div class=\"vsc\" sig=\"hYB\" pved=\"0CCQQkgowAA\">  <h3 class=\"r\">  <p style=\"line-height: 16.8pt; margin: 0cm 0cm 10pt;\">Баскетбольный мяч Wilson команды Panathinaikos, ограниченная серия.<br />  В наличии осталось только 500 коллекционных мячей.<br />  <br','<div class=\"vsc\" sig=\"hYB\" pved=\"0CCQQkgowAA\">  <h3 class=\"r\">  <p style=\"line-height: 16.8pt; margin: 0cm 0cm 10pt;\">Баскетбольный мяч Wilson команды Panathinaikos, ограниченная серия.<br />  В наличии осталось только 500 коллекционных мячей.<br />  <br','','','wilson-leather-basketball'),
	(2552,848,4,'ОФИЦИАЛЬНАЯ ВЕРХНЯЯ ФУТБОЛЬНАЯ ФОРМА ДЛЯ ЮНИОРОВ, 2011-2012 (ЗЕЛЕНОГО ЦВЕТА)','ОФИЦИАЛЬНАЯ ВЕРХНЯЯ ФУТБОЛЬНАЯ ФОРМА ДЛЯ ЮНИОРОВ, 2011-2012 (ЗЕЛЕНОГО ЦВЕТА)','ОФИЦИАЛЬНАЯ ВЕРХНЯЯ ФУТБОЛЬНАЯ ФОРМА ДЛЯ ЮНИОРОВ, 2011-2012 (ЗЕЛЕНОГО ЦВЕТА)','','','junior-football-jersey-2011-2012-green'),
	(2553,849,4,'ОФИЦИАЛЬНАЯ ВЕРХНЯЯ ФУТБОЛЬНАЯ ФОРМА, 2011-2012 (ЗЕЛЕНОГО ЦВЕТА)','Официальная игровая футболка Adidas  на сезон 2011-2012','Официальная игровая футболка Adidas  на сезон 2011-2012','','','football-jersey-2011-2012-green'),
	(2554,855,4,'ДВУСТОРОННИЙ ШАРФ','ДВУСТОРОННИЙ ШАРФ','ДВУСТОРОННИЙ ШАРФ','','','double-face-scarf'),
	(2555,856,4,'КУБОК ЕВРОЛИГИ, БАРСЕЛОНА 2011 Г.','КУБОК ЕВРОЛИГИ, БАРСЕЛОНА 2011 Г.','КУБОК ЕВРОЛИГИ, БАРСЕЛОНА 2011 Г.','','','euroleague-trophy-barcelona-2011'),
	(2556,857,4,'ПЛАКАТ ЧЕМПИОНА ЕВРОПЫ, БАРСЕЛОНА 2011 Г.','На плакате запечатлены наши 6 звездных моментов: Триумф в Барселоне в мае 2011 года!','На плакате запечатлены наши 6 звездных моментов: Триумф в Барселоне в мае 2011 года!','','','poster-european-champion-barcelona-2011'),
	(2557,858,4,'ДВУСТОРОННИЙ ШАРФ С НАДПИСЬЮ \"AND THE JOURNEY GOES ON\"','.....и игра продолжается!<br />  <br />  На шарфе изображены известные памятники из шести городов, в которых мы завоевали свои кубки.<br />','.....и игра продолжается!<br />  <br />  На шарфе изображены известные памятники из шести городов, в которых мы завоевали свои кубки.<br />','','','double-face-scarf-and-the-journey-goes-on'),
	(2558,859,4,'ФУТБОЛКА ЧЕМПИОНА, ГРЕЦИЯ 2012 Г.','Не забудьте купить тенниску, посвященную нашей победе в кубке Греции!','Не забудьте купить тенниску, посвященную нашей победе в кубке Греции!','','','t-shirt-greek-cup-champion-of-2012'),
	(2559,860,4,'DVD-ДИСК С ЧЕМПИОНАТОМ ЕВРОЛИГИ','<li>Победа в 6 европейских чемпионатах на 2 DVD </li>  <li>Богатая фотогаллерея </li>  <li>Статистические данные </li>  <li>Интервью участников  <p><strong><br />  Если вы уже купили сборник из 5 DVD, вы можете получить бесплатно роскошную коробку для обо','<li>Победа в 6 европейских чемпионатах на 2 DVD </li>  <li>Богатая фотогаллерея </li>  <li>Статистические данные </li>  <li>Интервью участников  <p><strong><br />  Если вы уже купили сборник из 5 DVD, вы можете получить бесплатно роскошную коробку для обо','','','6th-european-championship-dvd'),
	(2560,862,4,'КОЛЛЕКЦИЯ DVD-ДИСКОВ 6 ЧЕМПИОНАТА ЕВРОЛИГИ','Наша роскошная коробка для DVD с полной подборкой по европейским чемпионатам.<br />  <br />  В коробке имеется два отделения для DVD. В первом отделении помещаются 5 европейских чемпионатов, а во втором &mdash; 6-й.<br />  В составе роскошной коробки:<br','Наша роскошная коробка для DVD с полной подборкой по европейским чемпионатам.<br />  <br />  В коробке имеется два отделения для DVD. В первом отделении помещаются 5 европейских чемпионатов, а во втором &mdash; 6-й.<br />  В составе роскошной коробки:<br','','','dvd-collection-of-the-6-european-championships'),
	(2561,864,4,'ЗНАЧОК В ВИДЕ ТРИЛИСТНИКА','Покрытый силиконом значок на металлической основе.','Покрытый силиконом значок на металлической основе.','','','pin-shamrock'),
	(2562,865,4,'БРЕЛОК \"MY PRIDE\"','Металлический ключедержатель. Он немного больше, чем обычный брелок!','Металлический ключедержатель. Он немного больше, чем обычный брелок!','','','keyring-my-pride'),
	(2563,867,4,'БРЕЛОК С ОТКРВАЛКОЙ','Металлическая открывашка для бутылок! Всегда под рукой!','Металлическая открывашка для бутылок! Всегда под рукой!','','','keyring-with-bottle-opener'),
	(2564,868,4,'МАГНИТ НА ХОЛОДИЛЬНИК С ЭМБЛЕМОЙ PANATHINAIKOS','Магнит с достоинством!','Магнит с достоинством!','','','panathinaikos-fridge-magnet'),
	(2565,869,4,'БРЕЛОК С КРЮЧКОМ ДЛЯ КРЕПЛЕНИЯ','Красивый, полезный и зеленый!!!','Красивый, полезный и зеленый!!!','','','keyring-with-climbing-hook'),
	(2566,870,4,'МАГНИТ НА ХОЛОДИЛЬНИК В ВИДЕ ТРИЛИСТНИКА','Не самый, но достаточно  большой!','Не самый, но достаточно  большой!','','','fridge-magnet-shamrock'),
	(2567,871,4,'МАГНИТ НА ХОЛОДИЛЬНИК С ОТКРВАЛКОЙ','Магнит &mdash; всегда магнит! Но магнит с открывашкой - просто класс!','Магнит &mdash; всегда магнит! Но магнит с открывашкой - просто класс!','','','fridge-magnet-with-bottle-opener'),
	(2568,872,4,'ПОДСТАВКИ ПОД БОКАЛЫ, 6 ШТ.','Подставки для пивных кружек для настоящих болельщиков! Пьете и перед глазами у вас всегда лого вашей любимой команды!','Подставки для пивных кружек для настоящих болельщиков! Пьете и перед глазами у вас всегда лого вашей любимой команды!','','','coasters-6-pcs'),
	(2569,873,4,'ДВУСТОРОННИЙ ШАРФ','Черный и зеленый двухсторонний шарф.<br />  Надпись \'\'Panathinaikos\'\' греческими и латинскими буквами.<br />','Черный и зеленый двухсторонний шарф.<br />  Надпись \'\'Panathinaikos\'\' греческими и латинскими буквами.<br />','','','double-face-scarf'),
	(2570,875,4,'ДЕТСКИЙ КОСТЮМ С НОСОЧКАМИ','ДЕТСКИЙ КОСТЮМ С НОСОЧКАМИ','ДЕТСКИЙ КОСТЮМ С НОСОЧКАМИ','','','footed-baby-suit'),
	(2571,876,4,'КОМПЛЕКТ ДЕТСКИЙ КОСТЮМ С КОРОТКИМИ РУКОВАМИ, 2 ШТ.','КОМПЛЕКТ ДЕТСКИЙ КОСТЮМ С КОРОТКИМИ РУКОВАМИ, 2 ШТ.','КОМПЛЕКТ ДЕТСКИЙ КОСТЮМ С КОРОТКИМИ РУКОВАМИ, 2 ШТ.','','','2-pack-short-sleeve-baby-bodysuit'),
	(2572,877,4,'ДЕТСКИЙ КОСТЮМ С НОСОЧКАМИ','ДЕТСКИЙ КОСТЮМ С НОСОЧКАМИ','ДЕТСКИЙ КОСТЮМ С НОСОЧКАМИ','','','footed-baby-suit'),
	(2573,881,4,'КОПИЯ ВЕРХНЕЙ БАСКЕТБОЛЬНОЙ ФОРМЫ, 2012-2013 (ЗЕЛЕНОГО ЦВЕТА)','<p>КОПИЯ ВЕРХНЕЙ ФОРМЫ ДЛЯ БАСКЕТБОЛА 2012-13 С 6 ЗВЕЗДАМИ<br />  Цвет: зеленый<br /> <br />  </p>  <p>Материал изготовлен с использованием технологии ClimaCool, благодаря которой влага с тела впитывается менее, чем за 3 секунды. Отличный выбор для заняти','<p>КОПИЯ ВЕРХНЕЙ ФОРМЫ ДЛЯ БАСКЕТБОЛА 2012-13 С 6 ЗВЕЗДАМИ<br />  Цвет: зеленый<br /> <br />  </p>  <p>Материал изготовлен с использованием технологии ClimaCool, благодаря которой влага с тела впитывается менее, чем за 3 секунды. Отличный выбор для заняти','','','replica-basketball-jersey-2012-13-green'),
	(2574,882,4,'КОПИЯ ВЕРХНЕЙ БАСКЕТБОЛЬНОЙ ФОРМЫ, 2012-2013 (ЧЕРНОГО ЦВЕТА)','<p>КОПИЯ ВЕРХНЕЙ ФОРМЫ ДЛЯ БАСКЕТБОЛА 2012-13 С 6 ЗВЕЗДАМИ<br />  Цвет: черный<br /> <br />  </p>  <p>Материал изготовлен с использованием технологии ClimaCool, благодаря которой влага с тела впитывается менее, чем за 3 секунды. Отличный выбор для занятий','<p>КОПИЯ ВЕРХНЕЙ ФОРМЫ ДЛЯ БАСКЕТБОЛА 2012-13 С 6 ЗВЕЗДАМИ<br />  Цвет: черный<br /> <br />  </p>  <p>Материал изготовлен с использованием технологии ClimaCool, благодаря которой влага с тела впитывается менее, чем за 3 секунды. Отличный выбор для занятий','','','replica-basketball-jersey-2012-13-black'),
	(2575,895,4,'ЗАЖИГАЛКА ZIPPO','ДОСТАВКА В ТЕЧЕНИЕ 5 ДНЕЙ','ДОСТАВКА В ТЕЧЕНИЕ 5 ДНЕЙ','','','zippo-lighter'),
	(2576,896,4,'ЗАЖИГАЛКА ZIPPO','ДОСТАВКА В ТЕЧЕНИЕ 5 ДНЕЙ','ДОСТАВКА В ТЕЧЕНИЕ 5 ДНЕЙ','','','zippo-lighter'),
	(2577,897,4,'ЗАЖИГАЛКА ZIPPO','ДОСТАВКА В ТЕЧЕНИЕ 5 ДНЕЙ','ДОСТАВКА В ТЕЧЕНИЕ 5 ДНЕЙ','','','zippo-lighter'),
	(2578,898,4,'ЗАЖИГАЛКА ZIPPO','ДОСТАВКА В ТЕЧЕНИЕ 5 ДНЕЙ','ДОСТАВКА В ТЕЧЕНИЕ 5 ДНЕЙ','','','zippo-lighter'),
	(2579,899,4,'ЗАЖИГАЛКА ZIPPO','ДОСТАВКА В ТЕЧЕНИЕ 5 ДНЕЙ','ДОСТАВКА В ТЕЧЕНИЕ 5 ДНЕЙ','','','zippo-lighter'),
	(2580,903,4,'ЗНАЧКИ \"RESPECT\"','НАБОР ИЗ 6 ЗНАЧКОВ 37мм','НАБОР ИЗ 6 ЗНАЧКОВ 37мм','','','pins-respect'),
	(2581,907,4,'ΓΙΩΡΓΟΣ','ΓΙΩΡΓΟΣ','ΓΙΩΡΓΟΣ','','','GIORGOS'),
	(2582,908,4,'ΒΑΣΙΛΗΣ','ΒΑΣΙΛΗΣ','ΒΑΣΙΛΗΣ','','','VASILHS'),
	(2583,909,4,'ΑΝΤΩΝΗΣ','ΑΝΤΩΝΗΣ','ΑΝΤΩΝΗΣ','','','ANTONHS'),
	(2584,910,4,'ΓΙΑΝΝΗΣ','ΓΙΑΝΝΗΣ','ΓΙΑΝΝΗΣ','','','GIANNHS'),
	(2585,911,4,'ΧΡΗΣΤΟΣ','ΧΡΗΣΤΟΣ','ΧΡΗΣΤΟΣ','','','CHRHSTOS'),
	(2586,912,4,'ΑΝΑΣΤΑΣΗΣ','ΑΝΑΣΤΑΣΗΣ','ΑΝΑΣΤΑΣΗΣ','','','ANASTASHS'),
	(2587,913,4,'БУМАЖНИК С ЭМБЛЕМОЙ PANATHINAIKOS (ЧЕРНОГО ЦВЕТА)','БУМАЖНИК С ЭМБЛЕМОЙ PANATHINAIKOS (ЧЕРНОГО ЦВЕТА)','БУМАЖНИК С ЭМБЛЕМОЙ PANATHINAIKOS (ЧЕРНОГО ЦВЕТА)','','','wallet-panathinaikos-black'),
	(2588,914,4,'ΚΩΣΤΑΣ','ΚΩΣΤΑΣ','ΚΩΣΤΑΣ','','','KOSTAS'),
	(2589,915,4,'ΘΑΝΑΣΗΣ','ΘΑΝΑΣΗΣ','ΘΑΝΑΣΗΣ','','','THANASHS'),
	(2590,916,4,'ΘΟΔΩΡΗΣ','ΘΟΔΩΡΗΣ','ΘΟΔΩΡΗΣ','','','THODORHS'),
	(2591,917,4,'ΔΗΜΗΤΡΗΣ','ΔΗΜΗΤΡΗΣ','ΔΗΜΗΤΡΗΣ','','','DHMHTRHS'),
	(2592,918,4,'ΜΙΧΑΛΗΣ','ΜΙΧΑΛΗΣ','ΜΙΧΑΛΗΣ','','','MICHALHS'),
	(2593,919,4,'ΑΝΔΡΕΑΣ','ΑΝΔΡΕΑΣ','ΑΝΔΡΕΑΣ','','','ANDREAS'),
	(2594,920,4,'3D РАМКА С ФОТОГРАФИЕЙ ДИАМАНТИДИСА','Размеры : 25 x 35 см','Размеры : 25 x 35 см','','','frame-3d-diamantidis'),
	(2595,921,4,'ΝΙΚΟΣ','ΝΙΚΟΣ','ΝΙΚΟΣ','','','NIKOS'),
	(2596,922,4,'ΒΑΓΓΕΛΗΣ','ΒΑΓΓΕΛΗΣ','ΒΑΓΓΕΛΗΣ','','','VAGGELHS'),
	(2597,923,4,'ΜΑΝΩΛΗΣ','ΜΑΝΩΛΗΣ','ΜΑΝΩΛΗΣ','','','MANOLHS'),
	(2598,924,4,'ΠΑΝΓΙΩΤΗΣ','ΠΑΝΓΙΩΤΗΣ','ΠΑΝΓΙΩΤΗΣ','','','PANGIOTHS'),
	(2599,925,4,'ΣΠΥΡΟΣ','ΣΠΥΡΟΣ','ΣΠΥΡΟΣ','','','SPYROS'),
	(2600,926,4,'КОМПЛЕКТ ДЕТСКИЙ КОСТЮМ С ДЛИННЫМИ РУКОВАМИ, 2 ШТ.','КОМПЛЕКТ ДЕТСКИЙ КОСТЮМ С ДЛИННЫМИ РУКОВАМИ, 2 ШТ.','КОМПЛЕКТ ДЕТСКИЙ КОСТЮМ С ДЛИННЫМИ РУКОВАМИ, 2 ШТ.','','','2-pack-long-sleeve-baby-bodysuit'),
	(2601,927,4,'РАМКА С 3D НАДПИСЬЮ \"AND THE JOURNEY GOES ON\"','<div class=\"description\">.....и игра продолжается!<br />  На коврике для мыши изображены известные памятники из шести городов, в которых мы завоевали свои кубки.<br />  </div>  <br /> Размеры : 25 x 35 см','<div class=\"description\">.....и игра продолжается!<br />  На коврике для мыши изображены известные памятники из шести городов, в которых мы завоевали свои кубки.<br />  </div>  <br /> Размеры : 25 x 35 см','','','frame-3d-and-the-journey-goes-on'),
	(2602,928,4,'ΑΛΕΞΑΝΔΡΟΣ','ΑΛΕΞΑΝΔΡΟΣ','ΑΛΕΞΑΝΔΡΟΣ','','','ALEKSANDROS'),
	(2603,929,4,'РАМКА С 3D НАДПИСЬЮ \"I LOVE MY TEAM\" (Я ЛЮБЛЮ МОЮ КОМАНДУ)','Размеры : 25 x 35 см','Размеры : 25 x 35 см','','','frame-3d-i-love-my-team'),
	(2604,930,4,'ЧАШКА С ЭМБЛЕМОЙ PANATHINAIKOS','ЧАШКА PANATHINAIKOS С ИМЕНЕМ ПО ВАШЕМУ ВЫБОРУ','ЧАШКА PANATHINAIKOS С ИМЕНЕМ ПО ВАШЕМУ ВЫБОРУ','','','cup-panathinaikos'),
	(2605,931,4,'ДЕТСКИЙ КОСТЮМ С НОСОЧКАМИ','ДЕТСКИЙ КОСТЮМ С НОСОЧКАМИ','ДЕТСКИЙ КОСТЮМ С НОСОЧКАМИ','','','footed-baby-suit'),
	(2606,932,4,'НАСТЕННЫЕ ЧАСЫ С ФОТОГРАФИЯМИ ЕВРОПЕЙСКИХ ГОРОДОВ','<p>СТЕКЛЯННЫЕ НАСТЕННЫЕ ЧАСЫ С ЕВРОПЕЙСКИМИ ГОРОДАМИ</p>','<p>СТЕКЛЯННЫЕ НАСТЕННЫЕ ЧАСЫ С ЕВРОПЕЙСКИМИ ГОРОДАМИ</p>','','','wall-clock-european-cities'),
	(2607,933,4,'БУДИЛЬНИК С С ЭМБЛЕМОЙ PANATHINAIKOS','НЕБОЛЬШОЙ БУДИЛЬНИК PANATHINAIKOS','НЕБОЛЬШОЙ БУДИЛЬНИК PANATHINAIKOS','','','alarm-clock-panathinaikos'),
	(2608,935,4,'МАГНИТ \"CAPTAIN\"','НАБОР ИЗ 6 МАГНИТОВ (37 мм каждый)<br />  6 УНИКАЛЬНЫХ ДИЗАЙНОВ','НАБОР ИЗ 6 МАГНИТОВ (37 мм каждый)<br />  6 УНИКАЛЬНЫХ ДИЗАЙНОВ','','','magnet-captain'),
	(2609,936,4,'ПЕПЕЛЬНИЦА И ЗАЖИГАЛКА С ЭМБЛЕМОЙ PANATHINAIKOS','УНИКАЛЬНЫЙ ПОДАРОК!<br />  ПЕПЕЛЬНИЦА И ЗАЖИГАЛКA С ЛОГО PANATHINAIKOS!','УНИКАЛЬНЫЙ ПОДАРОК!<br />  ПЕПЕЛЬНИЦА И ЗАЖИГАЛКA С ЛОГО PANATHINAIKOS!','','','ashtray-and-lighter-panathinaikos'),
	(2610,937,4,'КЕРАМИЧЕСКАЯ КОПИЛКА С ИЗОБРАЖЕНИЕМ ТРИЛИСТНИКА','ЗЕЛЕНАЯ КЕРАМИЧЕСКАЯ КОПИЛКА С ТРИЛИСТНИКОМ','ЗЕЛЕНАЯ КЕРАМИЧЕСКАЯ КОПИЛКА С ТРИЛИСТНИКОМ','','','ceramic-money-drop-with-clover'),
	(2611,938,4,'КАПОНО','КАПОНО','КАПОНО','','','kapono'),
	(2612,939,4,'БЭНКС','БЭНКС','БЭНКС','','','banks'),
	(2613,940,4,'ОФИЦИАЛЬНАЯ ДЕТСКАЯ ВЕРХНЯЯ БАСКЕТБОЛЬНАЯ ФОРМА, 2006-2011 (ЗЕЛЕНОГО ЦВЕТА)','ОФИЦИАЛЬНАЯ ДЕТСКАЯ ВЕРХНЯЯ БАСКЕТБОЛЬНАЯ ФОРМА, 2006-2011 (ЗЕЛЕНОГО ЦВЕТА)','ОФИЦИАЛЬНАЯ ДЕТСКАЯ ВЕРХНЯЯ БАСКЕТБОЛЬНАЯ ФОРМА, 2006-2011 (ЗЕЛЕНОГО ЦВЕТА)','','','official-basketball-jersey-2006-2007-for-babies-green'),
	(2614,941,4,'ОФИЦИАЛЬНАЯ ВЕРХНЯЯ БАСКЕТБОЛЬНАЯ ФОРМА, 2006-2007  (ЗЕЛЕНОГО ЦВЕТА)','ОФИЦИАЛЬНАЯ ВЕРХНЯЯ БАСКЕТБОЛЬНАЯ ФОРМА, 2006-2007  (ЗЕЛЕНОГО ЦВЕТА)','ОФИЦИАЛЬНАЯ ВЕРХНЯЯ БАСКЕТБОЛЬНАЯ ФОРМА, 2006-2007  (ЗЕЛЕНОГО ЦВЕТА)','','','official-basketball-jersey-2006-2007-green'),
	(2615,942,4,'ОФИЦИАЛЬНАЯ ДЕТСКАЯ ВЕРХНЯЯ БАСКЕТБОЛЬНАЯ ФОРМА, 2008-2009 (ЗЕЛЕНОГО ЦВЕТА)','ОФИЦИАЛЬНАЯ ДЕТСКАЯ ВЕРХНЯЯ БАСКЕТБОЛЬНАЯ ФОРМА, 2008-2009 (ЗЕЛЕНОГО ЦВЕТА)','ОФИЦИАЛЬНАЯ ДЕТСКАЯ ВЕРХНЯЯ БАСКЕТБОЛЬНАЯ ФОРМА, 2008-2009 (ЗЕЛЕНОГО ЦВЕТА)','','','official-basketball-jersey-2008-2009-for-babies-green'),
	(2616,943,4,'ПОДЛИННАЯ ВЕРХНЯЯ БАСКЕТБОЛЬНАЯ ФОРМА, 2012-2013 (ЗЕЛЕНОГО ЦВЕТА)','<p>ОФИЦИАЛЬНАЯ ВЕРХНЯЯ ФОРМА ДЛЯ БАСКЕТБОЛА 2012-13 С 6 ЗВЕЗДАМИ<br /> Цвет: зеленый</p>\r\n<p>Команда Panathinaikos стала первой греческой командой, которая одела игровые футболки из самого современного материала — NBA Revolution 30.</p>','<p>ОФИЦИАЛЬНАЯ ВЕРХНЯЯ ФОРМА ДЛЯ БАСКЕТБОЛА 2012-13 С 6 ЗВЕЗДАМИ<br /> Цвет: зеленый</p>\r\n<p>Команда Panathinaikos стала первой греческой командой, которая одела игровые футболки из самого современного материала — NBA Revolution 30.</p>','','','authentic-basketball-jersey-2012-13-green'),
	(2617,944,4,'ПОДЛИННАЯ ВЕРХНЯЯ БАСКЕТБОЛЬНАЯ ФОРМА, 2012-2013  (ЧЕРНОГО ЦВЕТА)','<p>ОФИЦИАЛЬНАЯ ВЕРХНЯЯ ФОРМА ДЛЯ БАСКЕТБОЛА 2012-13 С 6 ЗВЕЗДАМИ<br />  Цвет: черный</p>  <p>Команда Panathinaikos стала первой греческой командой, которая одела игровые футболки из самого современного материала &mdash; NBA Revolution 30. Этот материал со','<p>ОФИЦИАЛЬНАЯ ВЕРХНЯЯ ФОРМА ДЛЯ БАСКЕТБОЛА 2012-13 С 6 ЗВЕЗДАМИ<br />  Цвет: черный</p>  <p>Команда Panathinaikos стала первой греческой командой, которая одела игровые футболки из самого современного материала &mdash; NBA Revolution 30. Этот материал со','','','authentic-basketball-jersey-2012-13-black'),
	(2618,945,4,'ПОДЛИННАЯ ВЕРХНЯЯ БАСКЕТБОЛЬНАЯ ФОРМА, 2012-2013  (БЕЛОГО ЦВЕТА)','<p>ОФИЦИАЛЬНАЯ ВЕРХНЯЯ ФОРМА ДЛЯ БАСКЕТБОЛА 2012-13 С 6 ЗВЕЗДАМИ<br />  Цвет: белый</p>  <p>Команда Panathinaikos стала первой греческой командой, которая одела игровые футболки из самого современного материала &mdash; NBA Revolution 30. Этот материал соз','<p>ОФИЦИАЛЬНАЯ ВЕРХНЯЯ ФОРМА ДЛЯ БАСКЕТБОЛА 2012-13 С 6 ЗВЕЗДАМИ<br />  Цвет: белый</p>  <p>Команда Panathinaikos стала первой греческой командой, которая одела игровые футболки из самого современного материала &mdash; NBA Revolution 30. Этот материал соз','','','authentic-basketball-jersey-2012-13-white'),
	(2619,946,4,'ФУТБОЛКА ЧЕМПИОНА, ГРЕЦИЯ 2013 Г.','ФУТБОЛКА ЧЕМПИОНА, ГРЕЦИЯ 2013 Г.','ФУТБОЛКА ЧЕМПИОНА, ГРЕЦИЯ 2013 Г.','','','t-shirt-adidas-greek-cup-champion-of-2013'),
	(2620,947,4,'ФУТБОЛКА ЧЕМПИОНА, ГРЕЦИЯ 2013 Г.','ФУТБОЛКА ЧЕМПИОНА, ГРЕЦИЯ 2013 Г.','ФУТБОЛКА ЧЕМПИОНА, ГРЕЦИЯ 2013 Г.','','','t-shirt-greek-cup-champion-of-2013'),
	(2621,948,4,'ОФИЦИАЛЬНАЯ ВЕРХНЯЯ БАСКЕТБОЛЬНАЯ ФОРМА, 2006-2007  (БЕЛОГО ЦВЕТА)','ОФИЦИАЛЬНАЯ ВЕРХНЯЯ БАСКЕТБОЛЬНАЯ ФОРМА, 2006-2007  (БЕЛОГО ЦВЕТА)','ОФИЦИАЛЬНАЯ ВЕРХНЯЯ БАСКЕТБОЛЬНАЯ ФОРМА, 2006-2007  (БЕЛОГО ЦВЕТА)','','','official-basketball-jersey-2006-2007-white'),
	(2622,949,4,'ЧАШКА С НАДПИСЬЮ \"AND THE JOURNEY GOES ON\"','ЧАШКА С НАДПИСЬЮ \"AND THE JOURNEY GOES ON\"','ЧАШКА С НАДПИСЬЮ \"AND THE JOURNEY GOES ON\"','','','cup-and-the-journey-goes-on'),
	(2623,950,4,'ШАРФ С БАХРОМОЙ С НАДПИСЬЮ \"MY PRIDE\"','ШАРФ С БАХРОМОЙ С НАДПИСЬЮ \"MY PRIDE\"','ШАРФ С БАХРОМОЙ С НАДПИСЬЮ \"MY PRIDE\"','','','scarf-with-stripes-my-pride'),
	(2624,951,4,'ФЛАЖОК С НАДПИСЬЮ \"AND THE JOURNEY GOES ON\"','.....и игра продолжается!    На передней части флажка изображены известные памятники из шести городов, в которых мы завоевали свои кубки. На обратной стороне &mdash; указаны названия городов и результаты финальных игр.','.....и игра продолжается!<br />  <br />  На передней части флажка изображены известные памятники из шести городов, в которых мы завоевали свои кубки.<br /> На обратной стороне &mdash; указаны названия городов и результаты финальных игр.','','','pennant-and-the-journey-goes-on'),
	(2625,953,3,'GIST','GIST','GIST','','','gist'),
	(2626,954,3,'SLEEVELESS BABY SUIT \"DIAMANTIDIS\"','I am a little Diamantidis','I am a little Diamantidis','','','sleeveless-baby-suit-diamantidis'),
	(2627,955,3,'BABY PACK','It consists of: 1 cotton baby bib, 1 little towel and 1 waterproof changing pad liners','It consists of: 1 cotton baby bib, 1 little towel and 1 waterproof changing pad liners','','','baby-pack'),
	(2628,956,3,'BABY BATHROBE','One special baby bathrobe! It is made of 100% cotton. <br />  One the right side there is an embroidery with a baby theme!','One special baby bathrobe! It is made of 100% cotton. <br />  One the right side there is an embroidery with a baby theme!','','','baby-bathrobe'),
	(2629,957,3,'BABY SHEETS','Includes 3 pieces: two sheets for the bed and one pillow case. Fabric: 100% Cotton','<div class=\"description\">Includes 3 pieces: two sheets for the bed and one pillow case.<br />  <br />  Fabric: 100% Cotton </div>','','','baby-sheets'),
	(2630,958,3,'SHORT SLEEVE BABY SUIT \"LITTLE STAR\"','PANATHINAIKOS LITTLE STAR','PANATHINAIKOS LITTLE STAR','','','short-sleeve-baby-suit-little star'),
	(2631,959,3,'SHORT SLEEVE BABY SUIT \"BIG LOVE\"','\"Daddy\'s & Mine Big Love\"','<p>\"Daddy\'s &amp; Mine Big Love\"</p>','','','short-sleeve-baby-suit-big-love'),
	(2632,960,3,'COTTON BABY BIB','COTTON BABY BIB','COTTON BABY BIB','','','cotton-baby-bib'),
	(2633,961,3,'PIQUE BLANKET FOR BABIES','Dimensions: 1,00 x 1,60 cm','Dimensions: 1,00 x 1,60 cm','','','pique-blanket-for-babies'),
	(2634,962,3,'T-SHIRT EUROPEAN CHAMPION 2011 (BLACK)','Collective tee. Celebrates the conquest of the 6th European Trophy in 2011. Color: Black','Collective tee. <br />  Celebrates the conquest of the 6th European Trophy in 2011.<br />  Color: Black','','','t-shirt-european-champion-2011-black'),
	(2635,92,5,'VRANKOVIC 公仔','\"Stojan Vrankovic\"公仔','\"Stojan Vrankovic\"公仔','','','bobblehead-vrankovic'),
	(2636,100,5,'REBRACA 公仔','\"Zeljko Rebraca\"公仔','\"Zeljko Rebraca\"公仔','','','bobblehead-rebraca'),
	(2637,103,5,'SCOTT 公仔','\"Byron Scott\"公仔','\"Byron Scott\"公仔','','','bobblehead-scott'),
	(2638,108,5,'KUTLUAY 公仔','\"Ibrahem Kutluay\"公仔','\"Ibrahem Kutluay\"公仔','','','bobblehead-kutluay'),
	(2639,110,5,'欧洲篮球联赛奖杯博洛尼亚 2002','欧洲篮球联赛奖杯博洛尼亚 2002','欧洲篮球联赛奖杯博洛尼亚 2002','','','euroleague-trophy-bolognia-2002'),
	(2640,111,5,'欧洲篮球联赛奖杯巴黎 1996','欧洲篮球联赛奖杯巴黎 1996','<span style=\"background-color: #dee0e5;\">欧洲篮球联赛奖杯巴黎 1996</span>','','','euroleague-trophy-paris-1996'),
	(2641,112,5,'欧洲篮球联赛奖杯塞萨洛尼基 2000','欧洲篮球联赛奖杯塞萨洛尼基 2000','欧洲篮球联赛奖杯塞萨洛尼基 2000','','','euroleague-trophy-thessaloniki-2000'),
	(2642,118,5,'三叶草 POLO 衫（白）','三叶草白色 POLO 衫','三叶草白色 POLO 衫','','','polo-clover-white'),
	(2643,120,5,'帽子','三叶草绿色帽子','三叶草绿色帽子','','','cap'),
	(2644,143,5,'篮球钟','限量版篮球钟  数字座钟','限量版篮球钟<br />  数字座钟','','','basket-ball-clock'),
	(2645,153,5,'“PANATHINAIKOS 1908”钥匙环','\"PANATHINAIKOS 1908\"钥匙环','\"PANATHINAIKOS 1908\"钥匙环','','','key-ring-panathinaikos-1908'),
	(2646,157,5,'“PANATHINAIKOS 1908”开瓶器','\"PANATHINAIKOS 1908\"开瓶器  背面带磁铁','\"PANATHINAIKOS 1908\"开瓶器<br />  背面带磁铁','','','bottle-opener-panathinaikos-1908'),
	(2647,158,5,'“PANATHINAIKOS 1908”念珠','带腈纶珠子的念珠  颜色： 白色','带腈纶珠子的念珠<br />  颜色： 白色','','','worry-bead-panathinaikos-1908'),
	(2648,164,5,'“PANATHINAIKOS B.C.”ZIPPO 打火机','带 3 星篮球图案的收藏系列','带 3 星篮球图案的收藏系列','','','zippo-panathinaikos-b-c'),
	(2649,166,5,'“PANATHINAIKOS”白色衬衣','\"PANATHINAIKOS\"衬衣  颜色： 白色','\"PANATHINAIKOS\"衬衣<br />  颜色： 白色','','','shirt-panathinaikos-white'),
	(2650,167,5,'保温杯','PANATHINAIKOS','PANATHINAIKOS','','','thermo-cup'),
	(2651,172,5,'“PANATHINAIKOS”白色气球','\"PANATHINAIKOS\"白色气球  用于派对和各种庆祝活动的 Panathinaikos 气球。 每包 10 件装。','\"PANATHINAIKOS\"白色气球<br />  用于派对和各种庆祝活动的 Panathinaikos 气球。 每包 10 件装。','','','balloons-panathinaikos-white'),
	(2652,174,5,'光辉岁月','Panathinaikos 1992-2007 黄金时期，希腊语。','Panathinaikos 1992-2007 黄金时期，希腊语。','','','glory-days'),
	(2653,182,5,'“DAMAN”青少年 T 恤衫','面向 1-10 岁儿童。','面向 1-10 岁儿童。','','','jounior-t-shirt-daman'),
	(2654,184,5,'PANATHINAIKOS 金色字母 T 恤衫','带金色字母的黑色 T 恤衫。','带金色字母的黑色 T 恤衫。','','','t-shirt-panathinaikos-gold-letters'),
	(2655,185,5,'“PANATHINAIKOS”水手袋','\"PANATHINAIKOS\"水手袋','\"PANATHINAIKOS\"水手袋','','','sailor-bagpanathinaikos'),
	(2656,186,5,'“PANATHINAIKOS”清凉剂','“PANATHINAIKOS”清凉剂','“PANATHINAIKOS”清凉剂','','','cooler-panathinaikos'),
	(2657,188,5,'“PANATHINAIKOS B.C.”CD 盒','\"PANATHINAIKOS B.C.\"CD 盒','\"PANATHINAIKOS B.C.\"CD 盒','','','cd-case-panathinaikos-b-c'),
	(2658,192,5,'欧洲篮球联赛奖杯雅典 2007','欧洲篮球联赛奖杯雅典 2007','欧洲篮球联赛奖杯雅典 2007','','','euroleague-trophy-athens-2007'),
	(2659,193,5,'“PANATHINAIKOS”四角裤','\"PANATHINAIKOS\"四角裤','\"PANATHINAIKOS\"四角裤','','','boxer-panathinaikos'),
	(2660,194,5,'“PANATHINAIKOS”记事簿','\"PANATHINAIKOS\"记事簿','\"PANATHINAIKOS\"记事簿','','','memo-pad-panathinaikos'),
	(2661,196,5,'PANATHINAIKOS U 盘 (1GB)','带&nbsp;4 星篮球和 pao 徽标','<div class=\"description\">带&nbsp;4 星篮球和 pao 徽标 </div>','','','usb-1gb-panathinaikos'),
	(2662,203,5,'“PANATHINAIKOS BC” 青少年 T 恤衫','\"PANATHINAIKOS BC\" 青少年 T 恤衫','\"PANATHINAIKOS BC\" 青少年 T 恤衫','','','jounior-t-shirt-panathinaikos-bc'),
	(2663,204,5,'“PANATHINAIKOS BC” 女式夹克（白色）','\"PANATHINAIKOS BC\" 女式夹克','\"PANATHINAIKOS BC\" 女式夹克','','','womans-jacket-panathinaikos-bc-white'),
	(2664,219,5,'“PANATHINAIKOS”旗帜','\"PANATHINAIKOS\"旗帜  旗帜尺寸为 90*150cm。','\"PANATHINAIKOS\"旗帜<br />  旗帜尺寸为 90*150cm。','','','flag-panathinaikos'),
	(2665,222,5,'“PANATHINAIKOS”腰包','\"PANATHINAIKOS\"腰包','\"PANATHINAIKOS\"腰包','','','waist-bag-panathinaikos'),
	(2666,223,5,'“100 YEARS”保温杯','\"100 YEARS\"保温杯','\"100 YEARS\"保温杯','','','thermo-cup-100-years'),
	(2667,224,5,'“100 YEARS”钥匙环','\"100 YEARS\"钥匙环','\"100 YEARS\"钥匙环','','','keyring-100-years'),
	(2668,230,5,'“PANATHINAIKOS B.C.”打火机','\"PANATHINAIKOS B.C.\"打火机','\"PANATHINAIKOS B.C.\"打火机','','','lighter-panathinaikos-b-c'),
	(2669,231,5,'“TROPHY COLLECTOR”打火机','\"TROPHY COLLECTOR\"打火机','\"TROPHY COLLECTOR\"打火机','','','lighter-trophy-collector'),
	(2670,232,5,'“DAMAN”打火机','\"DAMAN\"打火机','\"DAMAN\"打火机','','','lighter-daman'),
	(2671,234,5,'“EUROPEAN CHAMPION”打火机','\"EUROPEAN CHAMPION\"打火机','\"EUROPEAN CHAMPION\"打火机','','','lighter-european-champion'),
	(2672,235,5,'“COMET”打火机','\"COMET\"打火机','\"COMET\"打火机','','','lighter-comet'),
	(2673,236,5,'“PANATHINAIKOS B.C.”打火机','\"PANATHINAIKOS B.C.\"打火机','\"PANATHINAIKOS B.C.\"打火机','','','lighter-panathinaikos-b-c'),
	(2674,240,5,'“PANATHINAIKOS”镀银袖扣','\"PANATHINAIKOS\"镀银袖扣','\"PANATHINAIKOS\"镀银袖扣','','','silver-plated-cuff-links-panathinaikos'),
	(2675,242,5,'“PANATHINAIKOS”镀银 (925) 别针','\"PANATHINAIKOS\"镀银 (925) 别针','\"PANATHINAIKOS\"镀银 (925) 别针','','','silver-plated-925-pin-panathinaikos'),
	(2676,245,5,'“ALVERTIS”钥匙环','\"ALVERTIS\"钥匙环','\"ALVERTIS\"钥匙环','','','keyring-alvertis'),
	(2677,246,5,'带“PANATHINAIKOS”LED 灯的钥匙环','带\"PANATHINAIKOS\"LED 灯的钥匙环','带\"PANATHINAIKOS\"LED 灯的钥匙环','','','keyring-with-led-panathinaikos'),
	(2678,252,5,'“PANATHINAIKOS”行李箱','“PANATHINAIKOS”行李箱','“PANATHINAIKOS”行李箱','','','luggage-panathinaikos'),
	(2679,254,5,'复古“PANATHINAIKOS”T 恤衫','复古“PANATHINAIKOS”T 恤衫','复古“PANATHINAIKOS”T 恤衫','','','t-shirt-retro-panathinaikos'),
	(2680,258,5,'“PANATHINAIKOS B.C.”旗帜','\"PANATHINAIKOS B.C.\"旗帜','\"PANATHINAIKOS B.C.\"旗帜','','','flag-panathinaikos-b-c'),
	(2681,259,5,'“100 YEARS”旗帜','\"100 YEARS\"旗帜','\"100 YEARS\"旗帜','','','flag-100-years'),
	(2682,266,5,'“PANATHINAIKOS”青少年夹克','\"PANATHINAIKOS\"青少年夹克','\"PANATHINAIKOS\"青少年夹克','','','junior-jacket-panathinaikos'),
	(2683,268,5,'“PANATHINAIKOS B.C.” 绿色女式夹克','\"PANATHINAIKOS B.C.\"女式夹克','\"PANATHINAIKOS B.C.\"女式夹克','','','womans-jacket-panathinaikos-b-c-green'),
	(2684,269,5,'“PANATHINAIKOS B.C.”别针','\"PANATHINAIKOS B.C.\"别针','\"PANATHINAIKOS B.C.\"别针','','','pin-panathinaikos-b-c'),
	(2685,270,5,'“PARIS 1996”瓶杯','\"PARIS 1996\"瓶杯','\"PARIS 1996\"瓶杯','','','pin-cup-paris-1996'),
	(2686,271,5,'“THESSALONIKI 2000”瓶杯','\"THESSALONIKI 2000\"瓶杯','\"THESSALONIKI 2000\"瓶杯','','','pin-cup-thessaloniki-2000'),
	(2687,272,5,'“ATHENS 2007”瓶杯','\"ATHENS 2007\"瓶杯','\"ATHENS 2007\"瓶杯','','','pin-cup-athens-2007'),
	(2688,276,5,'“PANATHINAIKOS”别针','\"PANATHINAIKOS\"别针','\"PANATHINAIKOS\"别针','','','pin-panathinaikos'),
	(2689,279,5,'“PANATHINAIKOS”头带','带 Panathinaikos 徽标的白色头带','<div class=\"description\">带 Panathinaikos 徽标的白色头带 </div>','','','headband-panathinaikos'),
	(2690,280,5,'“PANATHINAIKOS”头带','带 Panathinaikos 徽标的黑色头带','<div class=\"description\">带 Panathinaikos 徽标的黑色头带 </div>','','','headband-panathinaikos'),
	(2691,281,5,'“PANATHINAIKOS”头带','带 Panathinaikos 徽标的绿色头带','<div class=\"description\">带 Panathinaikos 徽标的绿色头带 </div>','','','headband-panathinaikos'),
	(2692,285,5,'2002 BOLOGNA CUP 别针','2002 BOLOGNA CUP 别针','2002 BOLOGNA CUP 别针','','','pin-2002-bologna-cup'),
	(2693,287,5,'“PANATHINAIKOS” 女式短裤','\"PANATHINAIKOS\"女式短裤  带星','\"PANATHINAIKOS\"女式短裤<br />  带星','','','womans-shorts-panathinaikos'),
	(2694,288,5,'“PANATHINAIKOS B.C.”记事本','\"PANATHINAIKOS B.C.\"记事本','\"PANATHINAIKOS B.C.\"记事本','','','organiser-panathinaikos-b-c'),
	(2695,289,5,'“PANATHINAIKOS” 女式裤子（绿色）','\"PANATHINAIKOS\" 女式裤子','\"PANATHINAIKOS\" 女式裤子','','','womans-pants-panathinaikos-green'),
	(2696,293,5,'“PANATHINAIKOS” 黑色女式裤子','\"PANATHINAIKOS\" 女式裤子','\"PANATHINAIKOS\" 女式裤子','','','womans-pants-panathinaikos-black'),
	(2697,295,5,'PANATHINAIKOS 女式上装','带星','带星','','','panathinaikos-women-top'),
	(2698,299,5,'“PANATHINAIKOS”青少年 T 恤衫','\"PANATHINAIKOS\"青少年 T 恤衫','\"PANATHINAIKOS\"青少年 T 恤衫','','','junior-t-shirt-panathinaikos'),
	(2699,300,5,'“PANATHINAIKOS”青少年汗衫','\"PANATHINAIKOS\"青少年汗衫','\"PANATHINAIKOS\"青少年汗衫','','','junior-undershirt-panathinaikos'),
	(2700,301,5,'“PANATHINAIKOS”青少年四角裤','\"PANATHINAIKOS\"青少年四角裤','\"PANATHINAIKOS\"青少年四角裤','','','junior-boxer-panathinaikos'),
	(2701,304,5,'“PANATHINAIKOS”无袖紧身衣','\"PANATHINAIKOS\"无袖紧身衣','\"PANATHINAIKOS\"无袖紧身衣','','','w-o-sleeve-bodysuit-panathinaikos'),
	(2702,305,5,'“PANATHINAIKOS”短袖紧身衣','\"PANATHINAIKOS\"短袖紧身衣','\"PANATHINAIKOS\"短袖紧身衣','','','short-sleeve-bodysuit-panathinaikos'),
	(2703,307,5,'“BASKET”青少年四角裤','\"BASKET\"青少年四角裤','\"BASKET\"青少年四角裤','','','junior-boxer-basket'),
	(2704,323,5,'“MY FIRST PANATHINAIKOS” T 恤衫套装','\"MY FIRST PANATHINAIKOS\" T 恤衫套装','\"MY FIRST PANATHINAIKOS\" T 恤衫套装','','','set-my-first-panathinaikos-t-shirt'),
	(2705,324,5,'“PANATHINAIKOS”套装','\"PANATHINAIKOS\"套装','\"PANATHINAIKOS\"套装','','','set-panathinaikos'),
	(2706,325,5,'“PANATHINAIKOS”POLO 衫','\"PANATHINAIKOS\"POLO 衫','\"PANATHINAIKOS\"POLO 衫','','','polo-panathinaikos'),
	(2707,326,5,'“PANATHINAIKOS”青少年睡衣','\"PANATHINAIKOS\"青少年睡衣，面向 0-6 岁','\"PANATHINAIKOS\"青少年睡衣，面向 0-6 岁','','','jounior-pyjamas-panathinaikos'),
	(2708,329,5,'百年纪念球衣','百年纪念球衣','百年纪念球衣','','','centenary-jersey'),
	(2709,336,5,'不干胶标签套装','ITI 含&nbsp;20 件。','ITI 含&nbsp;20 件。','','','sticker-labels-sets'),
	(2710,358,5,'PANATHINAIKOS 绿色训练裤','PANATHINAIKOS 绿色训练裤','PANATHINAIKOS 绿色训练裤','','','green-training-pants-panathinaikos'),
	(2711,359,5,'PANATHINAIKOS 黑色训练裤','PANATHINAIKOS 黑色训练裤','PANATHINAIKOS 黑色训练裤','','','black-training-pants-panathinaikos'),
	(2712,364,5,'官方排球球衣 2008-2009（绿色）','官方排球球衣 2008-2009  颜色： 绿色','<span style=\"background-color: #dee0e5;\">官方排球球衣 2008-2009<br />  颜色： 绿色</span>','','','official-volleyball-jersey-2008-2009-green'),
	(2713,368,5,'“PANATHINAIKOS 1908”夹克','\"PANATHINAIKOS 1908\"夹克','\"PANATHINAIKOS 1908\"夹克','','','jacket-panathinaikos-1908'),
	(2714,369,5,'“PANATHINAIKOS B.C.”青少年夹克','\"PANATHINAIKOS B.C.\"青少年夹克','\"PANATHINAIKOS B.C.\"青少年夹克','','','junior-jacket-panathinaikos-b-c'),
	(2715,370,5,'“PANATHINAIKOS”绿色青少年四角裤','\"PANATHINAIKOS\"绿色青少年四角裤','\"PANATHINAIKOS\"绿色青少年四角裤','','','green-junior-boxer-panathinaikos'),
	(2716,372,5,'“PANATHINAIKOS”长袖 T 恤衫','\"PANATHINAIKOS\" 绿色长袖 T 恤衫','\"PANATHINAIKOS\" 绿色长袖 T 恤衫','','','long-sleeved-t-shirt-panathinaikos'),
	(2717,383,5,'官方篮球青少年球衣 2008-2009（绿色）','官方篮球青少年球衣 2008-2009   颜色： 绿色','官方篮球青少年球衣 2008-2009 <br />  颜色： 绿色','','','official-basketball-junior-jersey-2008-09-green'),
	(2718,384,5,'官方篮球青少年球衣 2008-2009（白色）','官方篮球青少年球衣 2008-2009   颜色： 白色','官方篮球青少年球衣 2008-2009 <br />  颜色： 白色','','','official-basketball-junior-jersey-2008-09-white'),
	(2719,393,5,'官方排球球衣 2008-2009（白色）','官方排球球衣 2008-2009  颜色： 白色','官方排球球衣 2008-2009<br />  颜色： 白色','','','official-volleyball-jersey-2008-2009-white'),
	(2720,394,5,'“PANATHINAIKOS”T 恤衫','\"PANATHINAIKOS\"T 恤衫','\"PANATHINAIKOS\"T 恤衫','','','t-shirt-panathinaikos'),
	(2721,399,5,'烟灰缸','\"PANATHINAIKOS\"烟灰缸','\"PANATHINAIKOS\"烟灰缸','','','ashtray'),
	(2722,403,5,'“PANATHINAIKOS”枕头','\"PANATHINAIKOS\"枕头','\"PANATHINAIKOS\"枕头','','','pillow-panathinaikos'),
	(2723,404,5,'“PANATHINAIKOS”挂钩','\"PANATHINAIKOS\"挂钩','\"PANATHINAIKOS\"挂钩','','','hanger-panathinaikos'),
	(2724,405,5,'“PANATHINAIKOS”餐垫','\"PANATHINAIKOS\"餐垫','\"PANATHINAIKOS\"餐垫','','','placemat-panathinaikos'),
	(2725,407,5,'“PANATHINAIKOS SEASON 2008-2009”相框','\"PANATHINAIKOS SEASON 2008-2009\"相框','\"PANATHINAIKOS SEASON 2008-2009\"相框','','','frame-panathinaikos-season-2008-2009'),
	(2726,415,5,'欧洲冠军 2009 T 恤衫','欧洲冠军 2009 T 恤衫','欧洲冠军 2009 T 恤衫','','','t-shirt-european-champion-2009'),
	(2727,416,5,'欧洲冠军 2009 儿童 T 恤衫','欧洲冠军 2009 儿童 T 恤衫','欧洲冠军 2009 儿童 T 恤衫','','','t-shirt-european-champion-2009-for-children'),
	(2728,418,5,'带 PAO 标志的 PIQUE 短袖罩服','带 PAO 标志的 PIQUE 短袖罩服','带 PAO 标志的 PIQUE 短袖罩服','','','pique-short-sleeved-crawler-with-pao-sign'),
	(2729,419,5,'带 PAO 标志的短袖棉罩服','带 PAO 标志的短袖棉罩服','带 PAO 标志的短袖棉罩服','','','cotton-crawler-with-short-sleeves-and-pao-sign'),
	(2730,423,5,'PAO 14-16 青少年睡衣','PAO 14-16 青少年睡衣','PAO 14-16 青少年睡衣','','','junior-pajamas-pao-14-16'),
	(2731,424,5,'欧洲冠军 2009 大款锦旗','欧洲冠军 2009 大款锦旗','欧洲冠军 2009 大款锦旗','','','pennant-european-champion-2009-large'),
	(2732,425,5,'欧洲冠军 2009 小款锦旗','欧洲冠军 2009 小款锦旗','欧洲冠军 2009 小款锦旗','','','pennant-european-champion-2009-small'),
	(2733,426,5,'三冠王 2009 T 恤衫','三冠王 2009 T 恤衫','三冠王 2009 T 恤衫','','','t-shirt-triple-crown-2009'),
	(2734,429,5,'带 PANATHINAIKOS 印刷图案的女式上装','带 PANATHINAIKOS 印刷图案的女式上装','带 PANATHINAIKOS 印刷图案的女式上装','','','womens-top-with-panathinaikos-print'),
	(2735,432,5,'PAO 部族 T 恤衫','PAO 部族女式无袖 T 恤衫','PAO 部族女式无袖 T 恤衫','','','t-shirt-pao-tribal'),
	(2736,438,5,'PANATHINAIKOS 1908 T 恤衫','垂直 Panathinaikos 黑色 T 恤衫','垂直 Panathinaikos 黑色 T 恤衫','','','t-shirt-panathinaikos-1908'),
	(2737,439,5,'PANATHINAIKOS 1908 T 恤衫','垂直 Panathinaikos 灰色 T 恤衫','垂直 Panathinaikos 灰色 T 恤衫','','','t-shirt-panathinaikos-1908'),
	(2738,440,5,'条形码 PANATHINAIKOS T 恤衫','条形码 PANATHINAIKOS T 恤衫  黑色 T 恤衫','条形码 PANATHINAIKOS T 恤衫<br />  黑色 T 恤衫','','','t-shirt-barcode-panathinaikos'),
	(2739,441,5,'PANATHINAIKOS SINCE 1908 T 恤衫','PANATHINAIKOS SINCE 1908 T 恤衫','PANATHINAIKOS SINCE 1908 T 恤衫','','','t-shirt-panathinaikos-since-1908'),
	(2740,442,5,'“MISS GREEN”女式 T 恤衫（黑色）','带星的黑色 T 恤衫。','带星的黑色 T 恤衫。','','','womens-t-shirt-miss-green-black'),
	(2741,443,5,'2 对装 PAO 袜子','含有：  1 对绿色袜子和 1 对白色袜子','<span style=\"background-color: #dee0e5;\">含有：<br />  1 对绿色袜子和 1 对白色袜子<br />  </span>','','','2-pair-of-socks-pao'),
	(2742,444,5,'条形码三叶草 T 恤衫','条形码三叶草 T 恤衫','条形码三叶草 T 恤衫','','','t-shirt-barcode-clover'),
	(2743,446,5,'欧洲篮球联赛奖杯柏林 2009','欧洲篮球联赛奖杯柏林 2009','欧洲篮球联赛奖杯柏林 2009<br />','','','euroleague-trophy-berlin-2009'),
	(2744,447,5,'带马赛克花纹的舒心杯','带马赛克花纹的舒心杯','带马赛克花纹的舒心杯','','','relief-cup-with-mosaic-pattern'),
	(2745,448,5,'带绒面封面的 PAO A5 练习本','带绒面封面的 PAO A5 练习本','带绒面封面的 PAO A5 练习本','','','exercise-book-a5-with-fuzzy-cover-pao'),
	(2746,449,5,'带硬质封面的 PAO A5 练习本','带硬质封面的 PAO A5 练习本','带硬质封面的 PAO A5 练习本','','','exercise-book-a5-with-hard-cover-pao'),
	(2747,450,5,'“PANATHINAIKOS”信封','PANATHINAIKOS 信封  带 5 星篮球图案','PANATHINAIKOS 信封<br />  带 5 星篮球图案','','','envelope-panathinaikos'),
	(2748,457,5,'ALVERTIS DVD','ALVERTIS DVD','ALVERTIS DVD','','','alvertis-dvd'),
	(2749,458,5,'带签名的 ALVERTIS T 恤衫，深绿色','带签名的 ALVERTIS T 恤衫，深绿色','带签名的 ALVERTIS T 恤衫，深绿色','','','alvertis-t-shirt-with-signature-dark-green'),
	(2750,459,5,'“25 TITLES”黑色 ALVERTIS T 恤衫','\"25 TITLES\"黑色 ALVERTIS T 恤衫','\"25 TITLES\"黑色 ALVERTIS T 恤衫','','','alvertis-t-shirt-25-titles-black'),
	(2751,461,5,'ALVERTIS 头巾','ALVERTIS 头巾','ALVERTIS 头巾','','','alvertis-scarf'),
	(2752,465,5,'ALVERTIS 全身印刷图案球衣','ALVERTIS 全身印刷图案球衣  库存期间优惠有效','ALVERTIS 全身印刷图案球衣<br />  库存期间优惠有效','','','alvertis-all-over-printed-jersey'),
	(2753,468,5,'计算器','三叶草形计算器','三叶草形计算器','','','calculator'),
	(2754,469,5,'官方篮球球衣 2009-10（绿色）','官方篮球球衣 2009-10   颜色：绿色    *印制后，球衣不可退换或退款。','官方篮球球衣 2009-10 <br />  颜色：绿色<br />  <br />  <p>*印制后，球衣不可退换或退款。</p>','','','official-basketball-jersey-2009-10-green'),
	(2755,470,5,'官方篮球球衣 2009-10（白色）','官方篮球球衣 2009-10   颜色：白色    *印制后，球衣不可退换或退款。','官方篮球球衣 2009-10 <br />  颜色：白色<br />  <br />  <p>*印制后，球衣不可退换或退款。</p>','','','official-basketball-jersey-2009-10-white'),
	(2756,471,5,'官方青少年篮球球衣 2009-10','官方青少年篮球球衣 2009-10   颜色：绿色    *印制后，球衣不可退换或退款。','官方青少年篮球球衣 2009-10 <br />  颜色：绿色<br />  <br />  <p>*印制后，球衣不可退换或退款。</p>  <br />','','','official-basketball-junior-jersey-2009-10'),
	(2757,472,5,'官方青少年篮球球衣 2009-10','官方青少年篮球球衣 2009-10   颜色：白色    *印制后，球衣不可退换或退款。','官方青少年篮球球衣 2009-10 <br />  颜色：白色<br />  <br />  <p>*印制后，球衣不可退换或退款。</p>','','','official-basketball-junior-jersey-2009-10'),
	(2758,473,5,'官方篮球球衣 2009-10（浅蓝色）','官方篮球球衣 2009-10   颜色：浅蓝色    *印制后，球衣不可退换或退款。','官方篮球球衣 2009-10 <br />  颜色：浅蓝色<br />  <br />  <p>*印制后，球衣不可退换或退款。</p>','','','official-basketball-jersey-2009-10-light-blue'),
	(2759,474,5,'官方青少年篮球球衣 2009-10（浅蓝色）','官方青少年篮球球衣 2009-10   颜色：浅蓝色    *印制后，球衣不可退换或退款。','官方青少年篮球球衣 2009-10 <br />  颜色：浅蓝色<br />  <br />  <p>*印制后，球衣不可退换或退款。</p>','','','official-basketball-junior-jersey-2009-10-light-blue'),
	(2760,475,5,'半三叶草 T 恤衫','半三叶草 T 恤衫   颜色：灰色','半三叶草 T 恤衫 <br />  颜色：灰色','','','t-shirt-half-clover'),
	(2761,476,5,'带 PAO 条纹的头巾','带 PAO 条纹的头巾','带 PAO 条纹的头巾','','','scarf-with-stripes-pao'),
	(2762,478,5,'PANATHINAIKOS 头巾','PANATHINAIKOS 头巾','PANATHINAIKOS 头巾','','','scarf-panathinaikos'),
	(2763,479,5,'PANATHINAIKOS 头巾','PANATHINAIKOS 头巾   带白色和绿色条纹','PANATHINAIKOS 头巾 <br />  带白色和绿色条纹','','','scarf-panathinaikos'),
	(2764,482,5,'MY PRIDE PANATHINAIKOS 1908 头巾','MY PRIDE PANATHINAIKOS 1908 头巾   带三叶草 PAO','MY PRIDE PANATHINAIKOS 1908 头巾 <br />  带三叶草 PAO','','','scarf-my-pride-panathinaikos-1908'),
	(2765,484,5,'ADIDAS 2009-2010 POLO 衫','ADIDAS 2009-2010 POLO 衫   颜色：白色','ADIDAS 2009-2010 POLO 衫 <br />  颜色：白色','','','polo-adidas-2009-2010'),
	(2766,486,5,'ADIDAS 2009-2010 棉短裤','ADIDAS 2009-2010 棉短裤  颜色：绿色','ADIDAS 2009-2010 棉短裤<br />  颜色：绿色','','','cotton-shorts-adidas-2009-2010'),
	(2767,492,5,'5 次欧洲奖杯别针套装','5 次欧洲奖杯别针套装','5 次欧洲奖杯别针套装','','','pin-set-of-5-european-trophies'),
	(2768,493,5,'2009 BERLIN CUP 别针','2009 BERLIN CUP 别针','2009 BERLIN CUP 别针','','','pin-2009-berlin-cup'),
	(2769,495,5,'ADIDAS 2009-2010 无袖 T 恤衫','ADIDAS 2009-2010 无袖 T 恤衫   颜色： 白色','ADIDAS 2009-2010 无袖 T 恤衫 <br />  颜色： 白色','','','sleeveless-tee-adidas-2009-2010'),
	(2770,496,5,'ADIDAS 2009-2010 棉短裤','颜色：白色','颜色：白色','','','cotton-shorts-adidas-2009-2010'),
	(2771,498,5,'ADIDAS 2009-2010 训练套装','ADIDAS 2009-2010 训练套装','ADIDAS 2009-2010 训练套装','','','sweat-suit-adidas-2009-2010'),
	(2772,499,5,'ADIDAS 2009-2010 绿色运动服','ADIDAS 2009-2010 绿色运动服','ADIDAS 2009-2010 绿色运动服','','','green-tracksuit-adidas-2009-2010'),
	(2773,500,5,'演奏队歌的套装盒','演奏帕纳辛纳克斯队歌的套装盒   含 3 个盒子   尺寸： 20.5x16x12, 17x13x11.5, 13.5x9.5x11','演奏帕纳辛纳克斯队歌的套装盒 <br />  含 3 个盒子 <br />  尺寸： 20.5x16x12, 17x13x11.5, 13.5x9.5x11','','','set-boxes-playing-anthem'),
	(2774,501,5,'演奏队歌的笔盒','演奏帕纳辛纳克斯队歌的笔盒','演奏帕纳辛纳克斯队歌的笔盒','','','pen-case-playing-anthem'),
	(2775,502,5,'演奏队歌的开瓶器','演奏帕纳辛纳克斯队歌的开瓶器','演奏帕纳辛纳克斯队歌的开瓶器','','','bottle-opener-playing-anthem'),
	(2776,503,5,'演奏队歌的笔','演奏帕纳辛纳克斯队歌的笔','演奏帕纳辛纳克斯队歌的笔','','','pen-playing-anthem'),
	(2777,504,5,'演奏队歌的小礼品袋','演奏帕纳辛纳克斯队歌的礼品袋   尺寸： 小款  尺寸： 13.5 x 6 x 10.5','演奏帕纳辛纳克斯队歌的礼品袋 <br />  尺寸： 小款<br />  尺寸： 13.5 x 6 x 10.5','','','small-gift-bag-playing-anthem'),
	(2778,505,5,'演奏队歌的礼品袋','演奏帕纳辛纳克斯队歌的礼品袋   尺寸： 中款  尺寸： 25 x 10 x20','演奏帕纳辛纳克斯队歌的礼品袋 <br />  尺寸： 中款<br />  尺寸： 25 x 10 x20','','','gift-bag-playing-anthem'),
	(2779,507,5,'半三叶草青少年睡衣','半三叶草青少年睡衣，面向 0-6 岁','半三叶草青少年睡衣，面向 0-6 岁','','','jounior-pyjamas-half-clover'),
	(2780,528,5,'ALVERTIS','ALVERTIS','ALVERTIS','','','alvertis'),
	(2781,529,5,'PAPANIKOLAOU','PAPANIKOLAOU','PAPANIKOLAOU','','','papanikolaou'),
	(2782,530,5,'BATISTE','BATISTE','BATISTE','','','batiste'),
	(2783,531,5,'CHATZIVRETTAS','CHATZIVRETTAS','CHATZIVRETTAS','','','chatzivrettas'),
	(2784,532,5,'TSARTSARIS','TSARTSARIS','TSARTSARIS','','','tsartsaris'),
	(2785,533,5,'DIAMANTIDIS','DIAMANTIDIS','DIAMANTIDIS','','','diamantidis'),
	(2786,534,5,'TOMASEVIC','TOMASEVIC','TOMASEVIC','','','tomasevic'),
	(2787,535,5,'SAKOTA','SAKOTA','SAKOTA','','','sakota'),
	(2788,536,5,'无名称','无名称','无名称','','','no-name'),
	(2789,537,5,'DELK','DELK','DELK','','','delk'),
	(2790,538,5,'BECIROVIC','BECIROVIC','BECIROVIC','','','becirovic'),
	(2791,539,5,'SISKAUSKAS','SISKAUSKAS','SISKAUSKAS','','','siskauskas'),
	(2792,540,5,'NTIKOUDIS','NTIKOUDIS','NTIKOUDIS','','','ntikoudis'),
	(2793,541,5,'XANTHOPOULOS','XANTHOPOULOS','XANTHOPOULOS','','','xanthopoulos'),
	(2794,542,5,'VUJANIC','VUJANIC','VUJANIC','','','vujanic'),
	(2795,543,5,'JAVTOKAS','JAVTOKAS','JAVTOKAS','','','javtokas'),
	(2796,544,5,'PERPEROGLOU','PERPEROGLOU','PERPEROGLOU','','','perperoglou'),
	(2797,545,5,'SPANOULIS','SPANOULIS','SPANOULIS','','','spanoulis'),
	(2798,546,5,'ZIZIC','ZIZIC','ZIZIC','','','zizic'),
	(2799,547,5,'WINSTON','WINSTON','WINSTON','','','winston'),
	(2800,548,5,'JASIKEVICIUS','JASIKEVICIUS','JASIKEVICIUS','','','jasikevicius'),
	(2801,549,5,'仅可使用希腊语的属性','仅可使用希腊语的属性','仅可使用希腊语的属性','','','attribute-available-in-greek-only'),
	(2802,550,5,'PRKACIN','PRKACIN','PRKACIN','','','prkacin'),
	(2803,551,5,'1 主题','1 主题','1 主题','','','1-subject'),
	(2804,552,5,'2 主题','2 主题','2 主题','','','2-subjects'),
	(2805,553,5,'3 主题','3 主题','3 主题','','','3-subjects'),
	(2806,554,5,'ΧΡΙΣΤΟΔΟΥΛΟΠΟΥΛΟΣ','ΧΡΙΣΤΟΔΟΥΛΟΠΟΥΛΟΣ','ΧΡΙΣΤΟΔΟΥΛΟΠΟΥΛΟΣ','','','CHRISTODOYLOPOYLOS'),
	(2807,555,5,'ΚΑΡΑΓΚΟΥΝΗΣ','ΚΑΡΑΓΚΟΥΝΗΣ','ΚΑΡΑΓΚΟΥΝΗΣ','','','KARAGKOYNHS'),
	(2808,556,5,'IVANSCHITZ','IVANSCHITZ','IVANSCHITZ','','','ivanschitz'),
	(2809,557,5,'RUKAVINA','RUKAVINA','RUKAVINA','','','rukavina'),
	(2810,558,5,'ΣΑΛΠΙΓΓΙΔΗΣ','ΣΑΛΠΙΓΓΙΔΗΣ','ΣΑΛΠΙΓΓΙΔΗΣ','','','SALPIGGIDHS'),
	(2811,559,5,'ΓΚΟΥΜΑΣ','ΓΚΟΥΜΑΣ','ΓΚΟΥΜΑΣ','','','GKOYMAS'),
	(2812,560,5,'GABRIEL','GABRIEL','GABRIEL','','','gabriel'),
	(2813,561,5,'SIMAO','SIMAO','SIMAO','','','simao'),
	(2814,562,5,'ΣΠΥΡΟΠΟΥΛΟΣ','ΣΠΥΡΟΠΟΥΛΟΣ','ΣΠΥΡΟΠΟΥΛΟΣ','','','SPYROPOYLOS'),
	(2815,563,5,'MATTOS','MATTOS','MATTOS','','','mattos'),
	(2816,564,5,'ΝΙΝΗΣ','ΝΙΝΗΣ','ΝΙΝΗΣ','','','NINHS'),
	(2817,565,5,'CLEYTON','CLEYTON','CLEYTON','','','cleyton'),
	(2818,566,5,'GILBERTO','GILBERTO','GILBERTO','','','gilberto'),
	(2819,567,5,'KECMAN','KECMAN','KECMAN','','','kecman'),
	(2820,568,5,'FOTSIS','FOTSIS','FOTSIS','','','fotsis'),
	(2821,569,5,'NICHOLAS','NICHOLAS','NICHOLAS','','','nicholas'),
	(2822,570,5,'PEKOVIC','PEKOVIC','PEKOVIC','','','pekovic'),
	(2823,571,5,'VERGINIS','VERGINIS','VERGINIS','','','verginis'),
	(2824,572,5,'PANTALEON','PANTALEON','PANTALEON','','','pantaleon'),
	(2825,573,5,'ANDRAE','ANDRAE','ANDRAE','','','andrae'),
	(2826,574,5,'ANDREADIS','ANDREADIS','ANDREADIS','','','andreadis'),
	(2827,575,5,'AGAMEZ','AGAMEZ','AGAMEZ','','','agamez'),
	(2828,576,5,'HERPE','HERPE','HERPE','','','herpe'),
	(2829,577,5,'CISSE','CISSE','CISSE','','','cisse'),
	(2830,578,5,'LETO','LETO','LETO','','','leto'),
	(2831,579,5,'PETROPOULOS','PETROPOULOS','PETROPOULOS','','','petropoulos'),
	(2832,580,5,'KATSOURANIS','KATSOURANIS','KATSOURANIS','','','katsouranis'),
	(2833,581,5,'VYNTRA','VYNTRA','VYNTRA','','','vyntra'),
	(2834,582,5,'SARRIEGI','SARRIEGI','SARRIEGI','','','sarriegi'),
	(2835,583,5,'TEPIC','TEPIC','TEPIC','','','tepic'),
	(2836,584,5,'BOGRIS','BOGRIS','BOGRIS','','','bogris'),
	(2837,585,5,'CALATHES','CALATHES','CALATHES','','','calathes'),
	(2838,586,5,'SHERMANDINI','SHERMANDINI','SHERMANDINI','','','shermandini'),
	(2839,588,5,'PANATHINAIKOS BC 夹克','PANATHINAIKOS 夹克  颜色：绿色','PANATHINAIKOS 夹克<br />  颜色：绿色','','','jacket-panathinaikos-bc'),
	(2840,593,5,'“BARCODE”长袖 T 恤衫','颜色： 绿色','颜色： 绿色','','','long-sleeved-t-shirt-barcode'),
	(2841,594,5,'HISTORY 2009 旗帜','HISTORY 2009 旗帜  尺寸： 90 x 150','HISTORY 2009 旗帜<br />  尺寸： 90 x 150','','','flag-history-2009'),
	(2842,595,5,'三冠王 2009 旗帜','三冠王 2009 旗帜  尺寸： 90 x 150','三冠王 2009 旗帜<br />  尺寸： 90 x 150','','','flag-triple-crown-2009'),
	(2843,596,5,'PAO 旗帜','PAO 旗帜  尺寸： 90 x 150','PAO 旗帜<br />  尺寸： 90 x 150','','','flag-pao'),
	(2844,597,5,'PAO 旗帜','PAO 旗帜  尺寸： 220 x 150','PAO 旗帜<br />  尺寸： 220 x 150','','','flag-pao'),
	(2845,598,5,'演奏队歌的热水袋','演奏帕纳辛纳克斯队歌的热水袋   尺寸： 12 x 8 x 41.50','演奏帕纳辛纳克斯队歌的热水袋 <br />  尺寸： 12 x 8 x 41.50','','','bottle-bag-playing-anthem'),
	(2846,599,5,'演奏队歌的文件夹','演奏帕纳辛纳克斯队歌的文件夹   尺寸： 15x10','演奏帕纳辛纳克斯队歌的文件夹 <br />  尺寸： 15x10','','','folder-playing-anthem'),
	(2847,600,5,'演奏队歌的小贺卡','演奏帕纳辛纳克斯队歌的贺卡   尺寸： 小款','演奏帕纳辛纳克斯队歌的贺卡 <br />  尺寸： 小款','','','small-greeting-card-playing-anthem'),
	(2848,601,5,'演奏队歌的大贺卡','演奏帕纳辛纳克斯队歌的贺卡   尺寸： 大款','演奏帕纳辛纳克斯队歌的贺卡 <br />  尺寸： 大款','','','greeting-card-playing-anthem-large'),
	(2849,602,5,'演奏队歌的小盒子','演奏帕纳辛纳克斯队歌的小盒','演奏帕纳辛纳克斯队歌的小盒','','','small-box-playing-anthem'),
	(2850,607,5,'长袖 POLO 衫 13 号','长袖 POLO 衫 13 号','长袖 POLO 衫 13 号','','','long-sleeved-polo-no13'),
	(2851,608,5,'MISS GREEN 长袖女式 POLO 衫','MISS GREEN 长袖女式 POLO 衫  颜色： 黑色','MISS GREEN 长袖女式 POLO 衫<br />  颜色： 黑色','','','long-sleeved-womens-polo-miss-green'),
	(2852,609,5,'天鹅绒女童训练套装','带星，  颜色： 灰色','带星，<br />  颜色： 灰色','','','velvet-sweat-suit-for-little-ladies'),
	(2853,610,5,'PANATHINAIKOS 女童训练套装','夹克和长裤，  颜色： 绿色','夹克和长裤，<br />  颜色： 绿色','','','sweat-suit-for-little-ladies-panathinaikos'),
	(2854,611,5,'MISS GREEN 女式夹克','MISS GREEN 女式夹克  颜色： 黑色','MISS GREEN 女式夹克<br />  颜色： 黑色','','','womans-jacket-miss-green'),
	(2855,612,5,'MISS GREEN 天鹅绒运动服','MISS GREEN 天鹅绒训练套装  颜色： 黑色','MISS GREEN 天鹅绒训练套装<br />  颜色： 黑色','','','velvet-tracksuit-miss-green'),
	(2856,613,5,'PANATHINAIKOS 男童裤子','PANATHINAIKOS 男童裤子  颜色： 绿色','PANATHINAIKOS 男童裤子<br />  颜色： 绿色','','','pants-for-little-boys-panathinaikos'),
	(2857,614,5,'PANATHINAIKOS 女童裤子','PANATHINAIKOS 女童裤子  颜色： 黑色','PANATHINAIKOS 女童裤子<br />  颜色： 黑色','','','pants-for-little-ladies-panathinaikos'),
	(2858,615,5,'官方篮球短裤 ADIDAS 2009-2010（绿色）','官方篮球短裤 ADIDAS 2009-2010  颜色： 绿色','官方篮球短裤 ADIDAS 2009-2010<br />  颜色： 绿色','','','official-basketball-shorts-adidas-2009-2010-green'),
	(2859,616,5,'官方篮球短裤 ADIDAS 2009-2010（白色）','官方篮球短裤 ADIDAS 2009-2010  颜色： 白色','官方篮球短裤 ADIDAS 2009-2010<br />  颜色： 白色','','','official-basketball-shorts-adidas-2009-2010-white'),
	(2860,617,5,'条形码儿童马甲','条形码儿童马甲  颜色： 黑色','条形码儿童马甲<br />  颜色： 黑色','','','kids-waistcoat-barcode'),
	(2861,618,5,'DAMAN 儿童运动衫','DAMAN 儿童运动衫  颜色： 绿色','<span style=\"background-color: #dee0e5;\">DAMAN 儿童运动衫<br />  颜色： 绿色</span>','','','sweatshirt-kids-daman'),
	(2862,619,5,'垂直 PANATHINAIKOS 儿童运动衫','垂直 PANATHINAIKOS 儿童运动衫  颜色： 灰色','<span style=\"background-color: #dee0e5;\">垂直 PANATHINAIKOS 儿童运动衫<br />  颜色： 灰色</span>','','','sweatshirt-kids-vertical-panathinaikos'),
	(2863,621,5,'半三叶草青少年睡衣','半三叶草青少年睡衣，面向 8-10-12 岁','半三叶草青少年睡衣，面向 8-10-12 岁','','','jounior-pyjamas-half-clover'),
	(2864,622,5,'半三叶草睡衣','半三叶草睡衣，面向 14-16 岁','半三叶草睡衣，面向 14-16 岁','','','pajamas-half-clover'),
	(2865,623,5,'PAO 儿童夹克','颜色： 绿色','颜色： 绿色','','','kids-jacket-pao'),
	(2866,624,5,'PANATHINAIKOS BC ZIPPO 打火机','带 4 星篮球图案','带 4 星篮球图案','','','zippo-lighter-panathinaikos-bc'),
	(2867,627,5,'PANATHINAIKOS 开瓶器钥匙环','PANATHINAIKOS 开瓶器钥匙环','PANATHINAIKOS 开瓶器钥匙环','','','bottle-opener-keyring-panathinaikos'),
	(2868,630,5,'PANATHINAIKOS HISTORY 大款锦旗','尺寸 48X28,5 cm','尺寸 48X28,5 cm','','','pennant-panathinaikos-history-large'),
	(2869,631,5,'PANATHINAIKOS HISTORY 大款三角锦旗','尺寸 35,5 cm','尺寸 35,5 cm','','','pennant-triangular-panathinaikos-history-large'),
	(2870,632,5,'三冠王 2009 小款锦旗','三冠王 2009 小款锦旗  尺寸 9,5X14,5','三冠王 2009 小款锦旗<br />  尺寸 9,5X14,5','','','pennant-triple-crown-2009-small'),
	(2871,635,5,'2010 日历鼠标垫','2010 日历鼠标垫','2010 日历鼠标垫','','','mouse-pad-calendar-2010'),
	(2872,637,5,'PANATHINAIKOS 2 件装香槟酒杯','PANATHINAIKOS 2 件装香槟酒杯','PANATHINAIKOS 2 件装香槟酒杯','','','2-champagne-glasses-panathinaikos'),
	(2873,638,5,'6 件装威士忌酒杯及冰盒','6 件装威士忌酒杯及冰盒','6 件装威士忌酒杯及冰盒','','','set-6-whisky-glasses-icebox'),
	(2874,639,5,'PANATHINAIKOS 标签','ΑΥΤΟΚΟΛΛΗΤΟ ΠΑΝΑΘΗΝΑΙΚΟΣ','ΑΥΤΟΚΟΛΛΗΤΟ ΠΑΝΑΘΗΝΑΙΚΟΣ','','','sticker-panathinaikos'),
	(2875,640,5,'“I LOVE PAO”标签','\"I LOVE PAO\"标签','\"I LOVE PAO\"标签','','','sticker-i-love-pao'),
	(2876,641,5,'三冠王 2009 金属标牌','三冠王 2009 金属标牌','三冠王 2009 金属标牌','','','triple-crown-2009-metal-tag'),
	(2877,642,5,'金属标牌','PANATHINAIKOS 金属标牌','PANATHINAIKOS 金属标牌','','','metal-tag'),
	(2878,643,5,'手机链','手机链 (PVC)','手机链 (PVC)','','','cell-phone-charm'),
	(2879,644,5,'PANATHINAIKOS 大款自动伞','带手柄的大款伞','带手柄的大款伞','','','umbrella-panathinaikos-automatic-large'),
	(2880,645,5,'PANATHINAIKOS 小款伞','袋装 PANATHINAIKOS 小款伞','<div style=\"padding-bottom: 0.6em; padding-left: 0.6em; padding-right: 0.6em; padding-top: 0.6em;\">袋装 PANATHINAIKOS 小款伞</div>','','','umbrella-panathinaikos-small'),
	(2881,647,5,'MP3 套','MP3 套&nbsp; 绿色','MP3 套&nbsp; 绿色','','','mp3-case'),
	(2882,648,5,'PANATHINAIKOS 无衬里绿色连帽风衣','PANATHINAIKOS 绿色无衬里连帽风衣','PANATHINAIKOS 绿色无衬里连帽风衣','','','anorak-panathinaikos-without-lining-green'),
	(2883,649,5,'PANATHINAIKOS 有衬里连帽风衣','PANATHINAIKOS 有衬里连帽风衣','PANATHINAIKOS 有衬里连帽风衣','','','anorak-panathinaikos-with-lining'),
	(2884,652,5,'官方儿童绿色篮球短裤','绿色儿童短裤','绿色儿童短裤','','','official-basketball-short-green-for-kids'),
	(2885,653,5,'官方儿童白色篮球短裤','白色儿童短裤','白色儿童短裤','','','official-basketball-shorts-white-for-kids'),
	(2886,655,5,'三叶草绿色帽子','三叶草绿色帽子','三叶草绿色帽子','','','cap-with-clover-green'),
	(2887,657,5,'帽子','三叶草 PANATHINAIKOS 帽子','三叶草 PANATHINAIKOS 帽子','','','cap'),
	(2888,660,5,'帽子','带网 PANATHINAIKOS 帽子','带网 PANATHINAIKOS 帽子','','','cap'),
	(2889,663,5,'篮球图案波浪联赛帽','篮球图案波浪联赛帽','篮球图案波浪联赛帽','','','crest-bronx-hat-with-ball'),
	(2890,665,5,'PANATHINAIKOS 帽子','带白色线条的 PANATHINAIKOS 波浪联赛帽','带白色线条的 PANATHINAIKOS 波浪联赛帽','','','hat-panathinaikos'),
	(2891,667,5,'帽子','5 星篮球图案绣在帽子正面。','<div class=\"description\">5 星篮球图案绣在帽子正面。 </div>','','','hat'),
	(2892,668,5,'PANATHINAIKOS 绿色手套','PANATHINAIKOS 绿色手套','PANATHINAIKOS 绿色手套','','','gloves-panathinaikos-green'),
	(2893,669,5,'PANATHINAIKOS 黑色手套','PANATHINAIKOS 黑色手套','PANATHINAIKOS 黑色手套','','','gloves-panathinaikos-black'),
	(2894,675,5,'PANATHINAIKOS 青少年睡衣 8-12','PANATHINAIKOS 儿童睡衣，面向 8 至 12 岁','PANATHINAIKOS 儿童睡衣，面向 8 至 12 岁','','','junior-pyzamas-panathinaikos-8-12'),
	(2895,676,5,'PANATHINAIKOS 青少年睡衣 14-16','PANATHINAIKOS 青少年睡衣，面向 14 至 16 岁','PANATHINAIKOS 青少年睡衣，面向 14 至 16 岁','','','junior-pyzamas-panathinaikos-14-16'),
	(2896,677,5,'MISS GREEN 长袖衬衣','面向 2 至 12 岁女童','面向 2 至 12 岁女童','','','long-sleeve-blouse-miss-green'),
	(2897,678,5,'半三叶草长袖 T 恤衫','半三叶草长袖婴儿 T 恤衫','半三叶草长袖婴儿 T 恤衫','','','long-sleeved-t-shirt-half-clover'),
	(2898,681,5,'TATAROUNIS','TATAROUNIS','TATAROUNIS','','','tatarounis'),
	(2899,683,5,'PANATHINAIKOS B.C. T 恤衫  儿童','我创造历史的地方...    这件 T 恤衫上展示了我们夺冠所在的五座城市的城市纪念碑。  背面是城市名称列表和决赛的取胜比分。    布料： 100% 棉','<p style=\"margin: 0cm 0cm 0pt;\">我创造历史的地方...<br />  <br />  这件 T 恤衫上展示了我们夺冠所在的五座城市的城市纪念碑。<br />  背面是城市名称列表和决赛的取胜比分。<br />  <br />  布料： 100% 棉</p>','','','t-shirt-panathinaikos-b-c-for-children'),
	(2900,684,5,'官方排球球衣 2009-2010','官方排球球衣 2009-2010  颜色： 绿色','<div class=\"description\"><span style=\"background-color: #dee0e5;\">官方排球球衣 2009-2010<br />  颜色： 绿色</span> </div>','','','official-volleyball-jersey-2009-2010'),
	(2901,691,5,'“PANATHINAIKOS”绿色气球','\"PANATHINAIKOS\"绿色气球  用于派对和各种庆祝活动的 Panathinaikos 气球。 每包 10 件装。','<p style=\"margin: 0cm 0cm 0pt;\"><span style=\"color: #333333; font-size: 9pt;\">\"PANATHINAIKOS\"绿色气球<br />  用于派对和各种庆祝活动的 Panathinaikos 气球。 </span><span style=\"color: #333333; font-size: 9pt;\">每包 10 件装。</span> </p>','','','balloons-panathinaikos-green'),
	(2902,692,5,'PANATHINAIKOS 多幅相框','带俱乐部徽标的多幅相框。 可容纳 2 张水平位置的照片和 2 张竖直的照片。','带俱乐部徽标的多幅相框。 可容纳 2 张水平位置的照片和 2 张竖直的照片。','','','multi-frame-panathinaikos'),
	(2903,694,5,'PANATHINAIKOS 闹钟','PANATHINAIKOS 闹钟','PANATHINAIKOS 闹钟','','','alarm-clock-panathinaikos'),
	(2904,695,5,'蓝色领带','小三叶草点缀的蓝色条纹领带','小三叶草点缀的蓝色条纹领带','','','blue-tie'),
	(2905,706,5,'BATISTE 海报','尺寸： 35&times;50','尺寸： 35&times;50','','','poster-batiste'),
	(2906,707,5,'JASIKEVICIUS 海报','尺寸： 35&times;50','尺寸： 35&times;50','','','poster-jasikevicius'),
	(2907,712,5,'“GREEK CHAMPION 2010” T 恤衫','“GREEK CHAMPION 2010” T 恤衫','“GREEK CHAMPION 2010” T 恤衫','','','t-shirt-greek-champion-2010'),
	(2908,714,5,'绿色足球球衣 2010-2011','绿色足球球衣 2010-2011','绿色足球球衣 2010-2011','','','football-jersey-green-2010-2011'),
	(2909,720,5,'带“RESPECT”徽标的练习本 2 层','尺寸：(17 x 25cm)  主题：2  页数： 70','尺寸：(17 x 25cm)<br />  主题：2<br />  页数： 70','','','exercise-book-with-logo-respect-2-sub'),
	(2910,721,5,'带“RESPECT”徽标的练习本 3 层','尺寸：(17 x 25cm)  主题： 3  页数： 105','<p style=\"margin: 0cm 0cm 0pt;\"><span style=\"color: #333333; font-size: 9pt;\">尺寸：(17 x 25cm)<br />  主题： 3<br />  页数： 105</span></p>','','','exercise-book-with-logo-respect-3-sub'),
	(2911,722,5,'“RESPECT”徽标笔记本','“RESPECT”徽标笔记本','“RESPECT”徽标笔记本','','','notebook-with-logo-respect'),
	(2912,723,5,'“RESPECT”徽标文件夹','带松紧带的纸质文件夹  尺寸： &Aacute;4','<span style=\"background-color: #dee0e5;\">带松紧带的纸质文件夹<br />  尺寸： &Aacute;4</span>','','','folder-with-logo-respect'),
	(2913,725,5,'“MY PRIDE”书包','带\"MY PRIDE\"徽标的书包','<span style=\"background-color: #dee0e5;\">带\"MY PRIDE\"徽标的书包</span>','','','school-bag-my-pride'),
	(2914,733,5,'“MY PRIDE”行李袋','带\"MY PRIDE\"徽标的行李袋','带\"MY PRIDE\"徽标的行李袋','','','duffel-bag-my-pride'),
	(2915,735,5,'“MY PRIDE”铅笔盒','铅笔盒为水桶状，带有俱乐部徽标和三叶草图案','铅笔盒为水桶状，带有俱乐部徽标和三叶草图案','','','pencil-case-my-pride'),
	(2916,737,5,'PAO 笔','带俱乐部徽标的塑料笔（1 支）','<span style=\"background-color: #dee0e5;\">带俱乐部徽标的塑料笔（1 支）</span>','','','pao-pen'),
	(2917,738,5,'派克笔','带俱乐部徽标的派克笔（1 支）   &nbsp;','<div class=\"description\"><span style=\"background-color: #dee0e5;\">带俱乐部徽标的派克笔（1 支）</span> </div>  <p>&nbsp;</p>','','','pen-parker'),
	(2918,739,5,'镀银念珠','到次等宝石的镀银 (925) 念珠 - 树枝石  7 天交货','到次等宝石的镀银 (925) 念珠 - 树枝石<br />  7 天交货','','','silver-plated-worry-bead'),
	(2919,743,5,'计时功能黑色腕表','带计时功能的黑色腕表   防水（不锈钢）  7 天交货','<span style=\"background-color: #dee0e5;\">带计时功能的黑色腕表 <br />  防水（不锈钢）<br />  7 天交货<br />  <br />  <br />  </span>','','','black-bracelet-watch-with-chronograph'),
	(2920,744,5,'计时功能白色腕表','计时功能白色腕表   防水（不锈钢）    7 天交货','<div class=\"description\"><span style=\"background-color: #dee0e5;\">计时功能白色腕表 <br />  防水（不锈钢）<br />  <br />  <strong>7 天交货</strong> <br />  </span></div>','','','white-chronograph-bracelet-watch'),
	(2921,745,5,'白色腕表','白色防水腕表   （不锈钢）  显示日期    7 天交货','<div class=\"description\"><span style=\"background-color: #dee0e5;\">白色防水腕表 <br />  （不锈钢）<br />  显示日期<br />  <br />  <strong>7 天交货</strong> <br />  </span></div>','','','bracelet-watch-white'),
	(2922,746,5,'黑色腕表','黑色腕表。  &nbsp;防水。 （不锈钢）  显示日期  7 天交货','<div class=\"description\"><span style=\"background-color: #dee0e5;\">黑色腕表。<br />  &nbsp;防水。 （不锈钢）<br />  显示日期<strong><br />  7 天交货</strong> <br />  </span></div>','','','bracelet-black-watch'),
	(2923,748,5,'烟灰缸','椭圆形陶瓷烟灰缸','椭圆形陶瓷烟灰缸','','','ashtray'),
	(2924,750,5,'200 幅相册','我创造历史的地方    这个相册上展示了我们夺冠所在的五座城市的城市纪念碑。','我创造历史的地方<br />  <br />  这个相册上展示了我们夺冠所在的五座城市的城市纪念碑。<br />','','','photo-album-200-photos'),
	(2925,752,5,'官方篮球球衣 2010-11（绿色）','官方篮球球衣 2010-11   颜色： 绿色','<p style=\"margin: 0cm 0cm 0pt;\"><span style=\"color: #333333; font-size: 9pt;\">官方篮球球衣 2010-11 <br />  颜色： 绿色</span></p>','','','official-basketball-jersey-2010-11-green'),
	(2926,753,5,'官方篮球球衣 2010-11（白色）','官方篮球球衣 2010-11   颜色： 白色','<p style=\"margin: 0cm 0cm 0pt;\"><span style=\"color: #333333; font-size: 9pt;\">官方篮球球衣 2010-11 <br />  颜色： 白色</span></p>','','','official-basketball-jersey-2010-11-white'),
	(2927,754,5,'官方篮球球衣 2010-11（浅蓝色）','官方篮球球衣 2010-11   颜色： 浅蓝色','<p style=\"margin: 0cm 0cm 0pt;\"><span style=\"color: #333333; font-size: 9pt;\">官方篮球球衣 2010-11 <br />  颜色： 浅蓝色</span></p>','','','official-basketball-jersey-2010-11-light-blue'),
	(2928,755,5,'官方篮球青少年球衣 2010-2011（绿色）','官方青少年篮球球衣 2010-11   颜色： 绿色','<p style=\"margin: 0cm 0cm 0pt;\"><span style=\"color: #333333; font-size: 9pt;\">官方青少年篮球球衣 2010-11 <br />  颜色： 绿色</span></p>','','','official-basketball-junior-jersey-2010-11-green'),
	(2929,757,5,'官方青少年篮球球衣 2010-11（浅蓝色）','官方青少年篮球球衣 2010-11   颜色： 浅蓝色','<p style=\"margin: 0cm 0cm 0pt;\"><span style=\"color: #333333; font-size: 9pt;\">官方青少年篮球球衣 2010-11 <br />  颜色： <span style=\"color: #333333; font-size: 9pt;\">浅蓝色</span></span></p>','','','official-basketball-junior-jersey-2010-11-light-blue'),
	(2930,759,5,'官方篮球短裤 ADIDAS 2010-2011（绿色）','官方篮球短裤 ADIDAS 2010-2011  颜色： 绿色','<p style=\"margin: 0cm 0cm 0pt;\"><span style=\"color: #333333; font-size: 9pt;\">官方篮球短裤 ADIDAS 2010-2011<br />  颜色： 绿色</span></p>','','','official-basketball-shorts-adidas-2010-2011-green'),
	(2931,760,5,'官方篮球短裤 ADIDAS 2010-2011（白色）','官方篮球短裤 ADIDAS 2010-2011  颜色： 白色','<p style=\"margin: 0cm 0cm 0pt;\"><span style=\"color: #333333; font-size: 9pt;\">官方篮球短裤 ADIDAS 2010-2011<br />  颜色： 白色</span></p>','','','official-basketball-shorts-adidas-2010-2011-white'),
	(2932,762,5,'ADIDAS 2011-2012 训练短裤（黑色）','ADIDAS 2011-2012 训练短裤  正面绣有 6 星篮球图案  颜色： 黑色  布料： 80% 棉和 20% 涤纶      这款 ADIDAS 产品带有 CLIMALITE COTTON 功能，带来舒适感和棉质手感，吸汗功能使皮肤干爽舒适。  ADIDAS 产品耐用，多功能（适用于任何类型的体育活动，可随时穿着），舒适且完美合身！','<p style=\"margin: 0cm 0cm 0pt;\"><span style=\"color: #333333; font-size: 9pt;\">ADIDAS 2011-2012 训练短裤<br />  正面绣有 6 星篮球图案<br />  颜色： 黑色<br />  布料： 80% 棉和 20% 涤纶<br />  <br />  </span></p>  <p>这款 ADIDAS 产品带有 CLIMALITE COTTON 功能，带来舒适感和棉质手感，吸汗功能使皮肤干爽舒适。<br />','','','training-shorts-adidas-2011-2012-black'),
	(2933,764,5,'ADIDAS 头罩式防水夹克','ADIDAS 头罩式防水夹克。  颜色： 黑色、绿色和浅绿色  布料：  面料： 100% 涤纶  夹克衬里： 100% 涤纶  衣袖下端衬里： 100% 尼龙','<p style=\"margin: 0cm 0cm 0pt;\"><span style=\"color: #333333; font-size: 9pt;\"><span style=\"color: #333333; font-size: 9pt;\">ADIDAS 头罩式防水夹克。<br />  颜色： 黑色、绿色和浅绿色<br />  布料：<br />  面料： 100% 涤纶<br />  夹克衬里： 100% 涤纶<br />  衣袖下端衬里： 100% 尼龙<br />  <br />  </spa','','','adidas-waterproof-jacket-with-hood'),
	(2934,778,5,'5 次欧洲冠军 DVD','5 次欧洲冠军 10 DVD 套装       豪华图库       统计数据       参与者访谈       由 Fragiskos Alvertis 讲述','<ul>      <li>5 次欧洲冠军 10 DVD 套装 </li>      <li>豪华图库 </li>      <li>统计数据 </li>      <li>参与者访谈 </li>      <li>由 Fragiskos Alvertis 讲述 </li>  </ul>','','','5-euroleague-titles-dvd'),
	(2935,781,5,'黑色足球球衣 2010-2011','黑色足球球衣 2010-2011','黑色足球球衣 2010-2011','','','football-jersey-black-2010-2011'),
	(2936,782,5,'ADIDAS 2010-2011 足球雨衣','ADIDAS 2010-2011 足球雨衣','ADIDAS 2010-2011 足球雨衣','','','football-raincoat-adidas-2010-2011'),
	(2937,783,5,'橡胶带手表','防水手表   带黑色橡胶带  7 天送货','防水手表 <br />  带黑色橡胶带<br />  <strong>7 天送货</strong> <br />','','','rubber-strap-watch'),
	(2938,784,5,'橡胶带手表','防水手表   带黑色橡胶带  7 天送货','防水手表 <br />  带黑色橡胶带<br />  <strong>7 天送货</strong> <br />','','','rubber-strap-watch'),
	(2939,786,5,'杯子','带 PANATHINAIKOS 徽标的瓷杯','带 PANATHINAIKOS 徽标的瓷杯','','','cup'),
	(2940,787,5,'PANATHINAIKOS 降落伞与梯子大战桌面游戏','PANATHINAIKOS 降落伞与梯子大战桌面游戏','PANATHINAIKOS 降落伞与梯子大战桌面游戏','','','panathinaikos-chutes-ladders-trouble-board-game'),
	(2941,789,5,'念珠','带次等保持的念珠 - 赭石','带次等保持的念珠 - 赭石','','','worry-bead'),
	(2942,790,5,'陶瓷存钱罐','陶瓷存钱罐。 非常适合年轻的存钱者！','<p>陶瓷存钱罐。 非常适合年轻的存钱者！ </p>','','','ceramic-money-pot'),
	(2943,792,5,'瓷杯。 2 件装','2 只瓷杯。 采用心形盒子包裹的礼物！','2 只瓷杯。 采用心形盒子包裹的礼物！','','','porcelain-cups-2-pieces'),
	(2944,795,5,'欧洲冠军 2011 T 恤衫','集体 T 恤衫。 庆祝 2011 年第 6 次夺得欧洲冠军。','<p><strong></strong></p>  集体 T 恤衫。 庆祝 2011 年第 6 次夺得欧洲冠军。','','','t-shirt-european-champion-2011'),
	(2945,796,5,'欧洲冠军 2011 儿童 T 恤衫','正反面带有两种印刷图案的棉质 T 恤衫','<p><strong></strong></p>  正反面带有两种印刷图案的棉质 T 恤衫','','','t-shirt-european-champion-2011-for-children'),
	(2946,797,5,'“GREEK CHAMPION 2011” T 恤衫','“GREEK CHAMPION 2011” T 恤衫','“GREEK CHAMPION 2011” T 恤衫','','','t-shirt-greek-champion-2011'),
	(2947,798,5,'官方篮球球衣 2011-12（绿色）','官方 6 星篮球球衣 2011-12  颜色： 绿色      帕纳辛纳克斯队成为首支装备了最先进技术球衣 NBA Revolution 30 的希腊球队。此球衣是由全部 30 支 NBA 球队参与的一项为期 4 年的研究的成果。 带有 ClimaCool 技术，可在 3 秒内吸收水分。 Formotion 技术可减少摩擦，方便活动。 比以往的球衣轻 30%，其中 60% 由回收材料制成。 球衣周围盘绕着若隐若现的三叶草图案，是一项精心打造的细节，旨在使这款球衣独一无二。         *印制后，球衣不','<p>官方 6 星篮球球衣 2011-12<br />  颜色： 绿色<br />  <br />  </p>  <p>帕纳辛纳克斯队成为首支装备了最先进技术球衣 NBA Revolution 30 的希腊球队。此球衣是由全部 30 支 NBA 球队参与的一项为期 4 年的研究的成果。 带有 ClimaCool 技术，可在 3 秒内吸收水分。 Formotion 技术可减少摩擦，方便活动。 比以往的球衣轻 30%，其中 60% 由回收材料制成。 球衣周围盘绕着若隐若现的三叶草图案，是一项精心打造的细节，旨','','','official-basketball-jersey-2011-12-green'),
	(2948,799,5,'官方篮球球衣 2011-12（白色）','官方 6 星篮球球衣 2011-12  颜色： 白色      帕纳辛纳克斯队成为首支装备了最先进技术球衣 NBA Revolution 30 的希腊球队。此球衣是由全部 30 支 NBA 球队参与的一项为期 4 年的研究的成果。 带有 ClimaCool 技术，可在 3 秒内吸收水分。 Formotion 技术可减少摩擦，方便活动。 比以往的球衣轻 30%，其中 60% 由回收材料制成。 球衣周围盘绕着若隐若现的三叶草图案，是一项精心打造的细节，旨在使这款球衣独一无二。         *印制后，球衣不','<p>官方 6 星篮球球衣 2011-12<br />  颜色： 白色<br />  <br />  </p>  <p>帕纳辛纳克斯队成为首支装备了最先进技术球衣 NBA Revolution 30 的希腊球队。此球衣是由全部 30 支 NBA 球队参与的一项为期 4 年的研究的成果。 带有 ClimaCool 技术，可在 3 秒内吸收水分。 Formotion 技术可减少摩擦，方便活动。 比以往的球衣轻 30%，其中 60% 由回收材料制成。 球衣周围盘绕着若隐若现的三叶草图案，是一项精心打造的细节，旨','','','official-basketball-jersey-2011-12-white'),
	(2949,800,5,'烫印篮球球衣 2011-12（绿色）','6 星烫印篮球球衣 2011-12  颜色： 绿色      此球衣带有 ClimaCool 技术，可在 3 秒内吸收水分。 是任何体育运动的理想之选。 堪称 2011-2012 球衣系列的最经济选择。         *印制后，球衣不可退换或退款。','<p>6 星烫印篮球球衣 2011-12<br />  颜色： 绿色<br />  <br />  </p>  <p>此球衣带有 ClimaCool 技术，可在 3 秒内吸收水分。 是任何体育运动的理想之选。 堪称 2011-2012 球衣系列的最经济选择。 <br />  <br />  <br />  </p>  <p>*印制后，球衣不可退换或退款。</p>','','','replica-basketball-jersey-2011-12-green'),
	(2950,801,5,'烫印篮球球衣 2011-12（黑色）','6 星烫印篮球球衣 2011-12  颜色： 黑色      此球衣带有 ClimaCool 技术，可在 3 秒内吸收水分。 是任何体育运动的理想之选。 堪称 2011-2012 球衣系列的最经济选择。         *印制后，球衣不可退换或退款。','<p>6 星烫印篮球球衣 2011-12<br />  颜色： 黑色<br />  <br />  </p>  <p>此球衣带有 ClimaCool 技术，可在 3 秒内吸收水分。 是任何体育运动的理想之选。 堪称 2011-2012 球衣系列的最经济选择。 <br />  <br />  <br />  </p>  <p>*印制后，球衣不可退换或退款。</p>','','','replica-basketball-jersey-2011-12-black'),
	(2951,802,5,'烫印篮球短裤 ADIDAS 2011-2013（绿色）','烫印篮球短裤 ADIDAS 2011-2013  颜色： 绿色      这款 ADIDAS 服装带有 CLIMACOOL 技术，有助于身体透气和水分管理，带来最佳的舒适和表现。 保持干爽！','<p>烫印篮球短裤 ADIDAS 2011-2013<br />  颜色： 绿色<br />  <br />  </p>  <p>这款 ADIDAS 服装带有 CLIMACOOL 技术，有助于身体透气和水分管理，带来最佳的舒适和表现。 保持干爽！</p>','','','replica-basketball-shorts-adidas-2011-2013-green'),
	(2952,803,5,'烫印篮球短裤 ADIDAS 2011-2013（黑色）','烫印篮球短裤 ADIDAS 2011-2013  颜色： 黑色      这款 ADIDAS 服装带有 CLIMACOOL 技术，有助于身体透气和水分管理，带来最佳的舒适和表现。 保持干爽！','<p>烫印篮球短裤 ADIDAS 2011-2013<br />  颜色： 黑色<br />  <br />  </p>  <p>这款 ADIDAS 服装带有 CLIMACOOL 技术，有助于身体透气和水分管理，带来最佳的舒适和表现。 保持干爽！</p>','','','replica-basketball-shorts-adidas-2011-2013-black'),
	(2953,805,5,'ADIDAS 2011-2012 POLO 衫','Adidas 2011-2012 Polo 衫  正面绣有 3d 三叶草图案，背部右侧肩膀处带有不连续的三叶草图案   颜色： 浅绿色和黑色  布料： 100% 棉','Adidas 2011-2012 Polo 衫<br />  正面绣有 3d 三叶草图案，背部右侧肩膀处带有不连续的三叶草图案 <br />  颜色： 浅绿色和黑色<br />  布料： 100% 棉','','','polo-adidas-2011-2012'),
	(2954,806,5,'ADIDAS 2011-2012 无袖 T 恤衫（白色）','ADIDAS 2009-2010 无袖 T 恤衫   正面绣有 6 星篮球图案  颜色： 白色','<div class=\"description\">ADIDAS 2009-2010 无袖 T 恤衫 <br />  正面绣有 6 星篮球图案<br />  颜色： 白色</div>','','','sleeveless-tee-adidas-2011-2012-white'),
	(2955,807,5,'ADIDAS 2011-2012 运动裤（绿色）','ADIDAS 2011-2012 运动裤  正面绣有 3D 三叶草图案  布料： 涤纶  颜色： 绿色','<p>ADIDAS 2011-2012 运动裤<br />  正面绣有 3D 三叶草图案<br />  布料： 涤纶<br />  颜色： 绿色</p>','','','exercise-pants-adidas-2011-2012-green'),
	(2956,808,5,'ADIDAS 2011-2012 涤纶长裤（绿色）','ADIDAS 2011-2012 长裤  正面绣有 6 星篮球图案   颜色： 绿色  布料： 涤纶','<p>ADIDAS 2011-2012 长裤<br />  正面绣有 6 星篮球图案 <br />  颜色： 绿色<br />  布料： 涤纶</p>','','','polyester-trousers-adidas-2011-2012-green'),
	(2957,809,5,'ADIDAS 长运动裤 2011-2012（灰色）','ADIDAS 长运动裤 2011-2012  正面绣有 3D 三叶草图案   颜色： 灰色  布料： 60% 棉和 40% 涤纶    这款 ADIDAS 产品带有 CLIMALITE COTTON 功能，带来舒适感和棉质手感，吸汗功能使皮肤干爽舒适。  ADIDAS 产品耐用，多功能（适用于任何类型的体育活动，可随时穿着），舒适且完美合身！','<p>ADIDAS 长运动裤 2011-2012<br />  正面绣有 3D 三叶草图案 <br />  颜色： 灰色<br />  布料： 60% 棉和 40% 涤纶  </p>  <p>这款 ADIDAS 产品带有 CLIMALITE COTTON 功能，带来舒适感和棉质手感，吸汗功能使皮肤干爽舒适。<br />  ADIDAS 产品耐用，多功能（适用于任何类型的体育活动，可随时穿着），舒适且完美合身！ </p>','','','adidas-sweat-pants-2011-2012-grey'),
	(2958,810,5,'ADIDAS 2011-2012 头罩式夹克','ADIDAS 2011-2012 头罩式夹克  正面绣有 3D 三叶草图案，背面印有 PANATHINAIKOS 一词  颜色：绿色和黑色  布料： 100% 涤纶','ADIDAS 2011-2012 头罩式夹克<br />  正面绣有 3D 三叶草图案，背面印有 PANATHINAIKOS 一词<br />  <p>颜色：绿色和黑色<br />  布料： 100% 涤纶</p>','','','jacket-with-hood-adidas-2011-2012'),
	(2959,811,5,'ADIDAS 2011-2012 夹克','ADIDAS 2011-2012 夹克  正面左侧绣有 6 星篮球图案，背面带有三叶草图案  涤纶制成  颜色： 绿色','ADIDAS 2011-2012 夹克<br />  正面左侧绣有 6 星篮球图案，背面带有三叶草图案<br />  涤纶制成<br />  颜色： 绿色','','','jacket-adidas-2011-2012'),
	(2960,812,5,'ADIDAS 2011-2012 运动衫（灰色）','ADIDAS 2011-2012 运动衫   正面绣有三叶草图案。  颜色： 灰色  布料： 60% 棉和 40% 涤纶    这款 ADIDAS 运动衫带有 CLIMALITE COTTON 功能，带来舒适感和棉质手感，吸汗功能使皮肤干爽舒适。 ADIDAS 产品耐用，多功能（适用于任何类型的体育活动，可随时穿着），舒适且完美合身！','ADIDAS 2011-2012 运动衫 <br />  正面绣有三叶草图案。<br />  颜色： 灰色<br />  布料： 60% 棉和 40% 涤纶<br />  <br />  <p>这款 ADIDAS 运动衫带有 CLIMALITE COTTON 功能，带来舒适感和棉质手感，吸汗功能使皮肤干爽舒适。 ADIDAS 产品耐用，多功能（适用于任何类型的体育活动，可随时穿着），舒适且完美合身！</p>','','','sweatshirt-adidas-2011-2012-grey'),
	(2961,813,5,'ADIDAS PAO T 恤衫（白色）','带俱乐部徽标的 ADIDAS T 恤衫。  颜色： 白色  这款 ADIDAS T 恤衫带有 CLIMALITE COTTON 功能，带来舒适感和棉质手感，吸汗功能使皮肤干爽舒适。  ADIDAS T 恤衫耐用，多功能（适用于任何类型的体育活动，可随时穿着），舒适且完美合身！','带俱乐部徽标的 ADIDAS T 恤衫。<br />  颜色： 白色<br />  <p>这款 ADIDAS T 恤衫带有 CLIMALITE COTTON 功能，带来舒适感和棉质手感，吸汗功能使皮肤干爽舒适。<br />  ADIDAS T 恤衫耐用，多功能（适用于任何类型的体育活动，可随时穿着），舒适且完美合身！ </p>','','','t-shirt-adidas-pao-white'),
	(2962,814,5,'ADIDAS PAO BC T 恤衫（灰色）','带银色\"PAO BC\"印刷图案的 ADIDAS T 恤衫。  颜色： 绿色    这款 ADIDAS T 恤衫带有 CLIMALITE COTTON 功能，带来舒适感和棉质手感，吸汗功能使皮肤干爽舒适。  ADIDAS T 恤衫耐用，多功能（适用于任何类型的体育活动，可随时穿着），舒适且完美合身！','带银色\"PAO BC\"印刷图案的 ADIDAS T 恤衫。<br />  颜色： 绿色<br />  <br />  <p>这款 ADIDAS T 恤衫带有 CLIMALITE COTTON 功能，带来舒适感和棉质手感，吸汗功能使皮肤干爽舒适。<br />  ADIDAS T 恤衫耐用，多功能（适用于任何类型的体育活动，可随时穿着），舒适且完美合身！ </p>','','','t-shirt-adidas-pao-bc-green'),
	(2963,829,5,'皮革钥匙环','皮革钥匙扣。 融合了\"PAO\"一词和三叶草图案。','皮革钥匙扣。 融合了\"PAO\"一词和三叶草图案。','','','key-ring-with-leather'),
	(2964,831,5,'DIAMANTIDIS No13 T 恤衫','我们的队长和他的 T 恤衫！ 漂亮大方！','我们的队长和他的 T 恤衫！ 漂亮大方！','','','t-shirt-diamantidis-no13'),
	(2965,832,5,'井字棋 T 恤衫','面向儿童的 T 恤衫！ 用我们的徽标玩井字棋！','面向儿童的 T 恤衫！ 用我们的徽标玩井字棋！','','','t-shirt-tic-tac-toe'),
	(2966,833,5,'念珠','一旦入手，爱不释手！','一旦入手，爱不释手！','','','worry-bead'),
	(2967,834,5,'悠悠球','压力悠悠球。 在孩提时代用于相互娱乐。 如今同样适合成年人！','压力悠悠球。 在孩提时代用于相互娱乐。 如今同样适合成年人！','','','ball-yo-yo'),
	(2968,835,5,'双筒望远镜','面向三叶草粉丝的双筒望远镜！ 用绿色的眼睛观察一切！','面向三叶草粉丝的双筒望远镜！ 用绿色的眼睛观察一切！','','','binoculars'),
	(2969,836,5,'帽子','6 星篮球图案绣在帽子正面。','6 星篮球图案绣在帽子正面。','','','cap'),
	(2970,837,5,'DIAMANTIDIS 帽子','帽子上是我们的队长！ 侧面带有队长签名的黑色帽子。','帽子上是我们的队长！ 侧面带有队长签名的黑色帽子。','','','cap-diamantidis'),
	(2971,838,5,'“AND THE JOURNEY GOES ON” T 恤衫','.....征途仍在继续！    这件 T 恤衫上展示了我们夺冠所在的六座城市的城市纪念碑。  背面是城市名称列表和决赛的取胜比分。    布料： 100% 棉','.....征途仍在继续！<br />  <br />  这件 T 恤衫上展示了我们夺冠所在的六座城市的城市纪念碑。<br />  背面是城市名称列表和决赛的取胜比分。<br />  <br />  布料： 100% 棉','','','t-shirt-and-the-journey-goes-on'),
	(2972,839,5,'“AND THE JOURNEY GOES ON” 鼠标垫','.....征途仍在继续！    这件鼠标垫上展示了我们夺冠所在的六座城市的城市纪念碑。','.....征途仍在继续！<br />  <br />  这件鼠标垫上展示了我们夺冠所在的六座城市的城市纪念碑。<br />','','','mouse-pad-and-the-journey-goes-on'),
	(2973,840,5,'盾牌 T 恤衫','我们的徽标在盾牌中！  布料： 100% 棉','<div class=\"description\">我们的徽标在盾牌中！<br />  布料： 100% 棉 </div>','','','t-shirt-shield'),
	(2974,841,5,'3D 立方体 T 恤衫','面向儿童的有趣 T 恤衫。   颜色：绿色  布料： 100% 棉','面向儿童的有趣 T 恤衫。 <br />  颜色：绿色<br />  布料： 100% 棉','','','t-shirt-3d-cubes'),
	(2975,842,5,'头巾','侧面绣有&nbsp;6 星篮球图案，另一侧是获得 6 颗星的地点！','侧面绣有&nbsp;6 星篮球图案，另一侧是获得 6 颗星的地点！','','','scarf'),
	(2976,843,5,'“AND THE JOURNEY GOES ON” 儿童 T 恤衫','.....征途仍在继续！    这件 T 恤衫上展示了我们夺冠所在的六座城市的城市纪念碑。  背面是城市名称列表和决赛的取胜比分。    布料： 100% 棉','.....征途仍在继续！<br />  <br />  这件 T 恤衫上展示了我们夺冠所在的六座城市的城市纪念碑。<br />  背面是城市名称列表和决赛的取胜比分。<br />  <br />  布料： 100% 棉','','','t-shirt-for-children-and-the-journey-goes-on'),
	(2977,844,5,'念珠','带腈纶珠子的念珠  颜色： 绿色','<div class=\"description\">带腈纶珠子的念珠<br />  颜色： 绿色 </div>','','','worry-bead'),
	(2978,845,5,'威尔胜皮制篮球','威尔胜帕纳辛纳克斯限量版篮球。  仅有 500 个集体用球。','<div class=\"vsc\" sig=\"hYB\" pved=\"0CCQQkgowAA\">  <h3 class=\"r\">  <p style=\"line-height: 16.8pt; margin: 0cm 0cm 10pt;\">威尔胜帕纳辛纳克斯限量版篮球。<br />  仅有 500 个集体用球。<br />  <br />  <br />  </p>  </h3>  </div>','','','wilson-leather-basketball'),
	(2979,848,5,'青少年足球球衣 2011-2012（绿色）','青少年足球球衣 2011-2012（绿色）','青少年足球球衣 2011-2012（绿色）','','','junior-football-jersey-2011-2012-green'),
	(2980,849,5,'足球球衣 2011-2012（绿色）','2011-2012 赛季官方 Adidas 足球球衣','2011-2012 赛季官方 Adidas 足球球衣','','','football-jersey-2011-2012-green'),
	(2981,855,5,'双面头巾','双面头巾','双面头巾','','','double-face-scarf'),
	(2982,856,5,'欧洲篮球联赛奖杯巴塞罗那 2011','欧洲篮球联赛奖杯巴塞罗那 2011','欧洲篮球联赛奖杯巴塞罗那 2011','','','euroleague-trophy-barcelona-2011'),
	(2983,857,5,'“EUROPEAN CHAMPION BARCELONA 2011”海报','此海报纪念我们的 6 次辉煌时刻之一： 2011 年 5 月，巴塞罗那大捷！','此海报纪念我们的 6 次辉煌时刻之一： 2011 年 5 月，巴塞罗那大捷！','','','poster-european-champion-barcelona-2011'),
	(2984,858,5,'“AND THE JOURNEY GOES ON”双面头巾','.....征途仍在继续！    这件头巾上展示了我们夺冠所在的六座城市的城市纪念碑。','.....征途仍在继续！<br />  <br />  这件头巾上展示了我们夺冠所在的六座城市的城市纪念碑。<br />','','','double-face-scarf-and-the-journey-goes-on'),
	(2985,859,5,'2012 希腊杯赛冠军 T 恤衫','庆祝希腊杯赛夺冠，一件 T 恤衫必不可少！','庆祝希腊杯赛夺冠，一件 T 恤衫必不可少！','','','t-shirt-greek-cup-champion-of-2012'),
	(2986,860,5,'第 6 次欧洲冠军 DVD','第 6 次夺得欧洲冠军 2 DVD 装   豪华图库   统计数据   参与者访谈    若已购买 5 DVD 套装，您可免费获得豪华碟盒以容纳两个套装！只需选择菜单按钮，选择\"双套装 DVD 盒\"选项。','<li>第 6 次夺得欧洲冠军 2 DVD 装 </li>  <li>豪华图库 </li>  <li>统计数据 </li>  <li>参与者访谈  <p><strong><br />  若已购买 5 DVD 套装，您可免费获得豪华碟盒以容纳两个套装！只需选择菜单按钮，选择<u>\"双套装 DVD 盒\"</u></strong>选项。</p>  </li>','','','6th-european-championship-dvd'),
	(2987,862,5,'6 次欧洲冠军 DVD 收藏套装','这款豪华 DVD 套装带有完整的欧洲夺冠内容。    该套装含有 2 个 DVD 盒。 第一个盒包含 5 次欧洲冠军内容，第二个盒包含第 6 次冠军内容。  豪华套装包括：    5 次欧洲冠军，10 张 DVD（代码： 1.119.0004)         豪华图库       统计数据       参与者访谈       由 Fragiskos Alvertis 讲述       第 6 次欧洲冠军（代码：1.119.0005）         5 次欧洲冠军 10 DVD 套装       豪华图','这款豪华 DVD 套装带有完整的欧洲夺冠内容。<br />  <br />  该套装含有 2 个 DVD 盒。 第一个盒包含 5 次欧洲冠军内容，第二个盒包含第 6 次冠军内容。<br />  豪华套装包括：<br />  <br />  <u>5 次欧洲冠军，10 张 DVD（代码： 1.119.0004)</u> <br />  <ul>      <li>豪华图库 </li>      <li>统计数据 </li>      <li>参与者访谈 </li>      <li>由 Fragiskos','','','dvd-collection-of-the-6-european-championships'),
	(2988,864,5,'SHAMROCK 别针','硅胶别针，金属底座。','硅胶别针，金属底座。','','','pin-shamrock'),
	(2989,865,5,'“MY PRIDE”钥匙环','金属钥匙环。 与常见的钥匙链略大一点！','金属钥匙环。 与常见的钥匙链略大一点！','','','keyring-my-pride'),
	(2990,867,5,'开瓶器钥匙环','这是一款金属开瓶器！ 实用而且便于携带！','这是一款金属开瓶器！ 实用而且便于携带！','','','keyring-with-bottle-opener'),
	(2991,868,5,'PANATHINAIKOS 冰箱磁性贴','带有姿态的磁铁！','带有姿态的磁铁！','','','panathinaikos-fridge-magnet'),
	(2992,869,5,'登山扣钥匙环','漂亮、实用而且绿色！！！','漂亮、实用而且绿色！！！','','','keyring-with-climbing-hook'),
	(2993,870,5,'SHAMROCK 冰箱磁性贴','也许不是你见过的最大尺寸，但绝对够大！','也许不是你见过的最大尺寸，但绝对够大！','','','fridge-magnet-shamrock'),
	(2994,871,5,'开瓶器冰箱磁性贴','一如既往，磁铁就是磁铁。 然而，带有开瓶器的磁铁更加实用！','一如既往，磁铁就是磁铁。 然而，带有开瓶器的磁铁更加实用！','','','fridge-magnet-with-bottle-opener'),
	(2995,872,5,'杯垫 6 件装','面向球队粉丝的杯垫！ 尽情畅饮，在杯子底部看到您最喜欢的球队徽标！','面向球队粉丝的杯垫！ 尽情畅饮，在杯子底部看到您最喜欢的球队徽标！','','','coasters-6-pcs'),
	(2996,873,5,'双面头巾','黑色绿色，双面头巾。  \"Panathinaikos\"以希腊语和拉丁语书写。','黑色绿色，双面头巾。<br />  \"Panathinaikos\"以希腊语和拉丁语书写。<br />','','','double-face-scarf'),
	(2997,875,5,'连身婴儿套服','连身婴儿套服','连身婴儿套服','','','footed-baby-suit'),
	(2998,876,5,'2 件装短袖婴儿紧身衣','2 件装短袖婴儿紧身衣','2 件装短袖婴儿紧身衣','','','2-pack-short-sleeve-baby-bodysuit'),
	(2999,877,5,'连身婴儿套服','连身婴儿套服','连身婴儿套服','','','footed-baby-suit'),
	(3000,881,5,'烫印篮球球衣 2012-13（绿色）','6 星烫印篮球球衣 2012-13  颜色： 绿色      此球衣带有 ClimaCool 技术，可在 3 秒内吸收水分。 是任何体育运动的理想之选。 堪称 2012-2013 球衣系列的最经济选择。         *印制后，球衣不可退换或退款。','<p>6 星烫印篮球球衣 2012-13<br />  颜色： 绿色<br />  <br />  </p>  <p>此球衣带有 ClimaCool 技术，可在 3 秒内吸收水分。 是任何体育运动的理想之选。 堪称 2012-2013 球衣系列的最经济选择。 <br />  <br />  <br />  </p>  <p>*印制后，球衣不可退换或退款。</p>','','','replica-basketball-jersey-2012-13-green'),
	(3001,882,5,'烫印篮球球衣 2012-13（黑色）','6 星烫印篮球球衣 2012-13  颜色： 黑色      此球衣带有 ClimaCool 技术，可在 3 秒内吸收水分。 是任何体育运动的理想之选。 堪称 2012-2013 球衣系列的最经济选择。         *印制后，球衣不可退换或退款。','<p>6 星烫印篮球球衣 2012-13<br />  颜色： 黑色<br />  <br />  </p>  <p>此球衣带有 ClimaCool 技术，可在 3 秒内吸收水分。 是任何体育运动的理想之选。 堪称 2012-2013 球衣系列的最经济选择。 <br />  <br />  <br />  </p>  <p>*印制后，球衣不可退换或退款。</p>','','','replica-basketball-jersey-2012-13-black'),
	(3002,895,5,'ZIPPO 打火机','5 天交货','5&nbsp;天交货','','','zippo-lighter'),
	(3003,896,5,'ZIPPO 打火机','5 天交货','5&nbsp;天交货','','','zippo-lighter'),
	(3004,897,5,'ZIPPO 打火机','5 天交货','5&nbsp;天交货','','','zippo-lighter'),
	(3005,898,5,'ZIPPO 打火机','5 天交货','5&nbsp;天交货','','','zippo-lighter'),
	(3006,899,5,'ZIPPO 打火机','5 天交货','5&nbsp;天交货','','','zippo-lighter'),
	(3007,903,5,'“RESPECT”别针','37mm 别针 6 件装','37mm 别针 6 件装','','','pins-respect'),
	(3008,907,5,'ΓΙΩΡΓΟΣ','ΓΙΩΡΓΟΣ','ΓΙΩΡΓΟΣ','','','GIORGOS'),
	(3009,908,5,'ΒΑΣΙΛΗΣ','ΒΑΣΙΛΗΣ','ΒΑΣΙΛΗΣ','','','VASILHS'),
	(3010,909,5,'ΑΝΤΩΝΗΣ','ΑΝΤΩΝΗΣ','ΑΝΤΩΝΗΣ','','','ANTONHS'),
	(3011,910,5,'ΓΙΑΝΝΗΣ','ΓΙΑΝΝΗΣ','ΓΙΑΝΝΗΣ','','','GIANNHS'),
	(3012,911,5,'ΧΡΗΣΤΟΣ','ΧΡΗΣΤΟΣ','ΧΡΗΣΤΟΣ','','','CHRHSTOS'),
	(3013,912,5,'ΑΝΑΣΤΑΣΗΣ','ΑΝΑΣΤΑΣΗΣ','ΑΝΑΣΤΑΣΗΣ','','','ANASTASHS'),
	(3014,913,5,'PANATHINAIKOS 钱包（黑色）','PANATHINAIKOS 钱包（黑色）','PANATHINAIKOS 钱包（黑色）','','','wallet-panathinaikos-black'),
	(3015,914,5,'ΚΩΣΤΑΣ','ΚΩΣΤΑΣ','ΚΩΣΤΑΣ','','','KOSTAS'),
	(3016,915,5,'ΘΑΝΑΣΗΣ','ΘΑΝΑΣΗΣ','ΘΑΝΑΣΗΣ','','','THANASHS'),
	(3017,916,5,'ΘΟΔΩΡΗΣ','ΘΟΔΩΡΗΣ','ΘΟΔΩΡΗΣ','','','THODORHS'),
	(3018,917,5,'ΔΗΜΗΤΡΗΣ','ΔΗΜΗΤΡΗΣ','ΔΗΜΗΤΡΗΣ','','','DHMHTRHS'),
	(3019,918,5,'ΜΙΧΑΛΗΣ','ΜΙΧΑΛΗΣ','ΜΙΧΑΛΗΣ','','','MICHALHS'),
	(3020,919,5,'ΑΝΔΡΕΑΣ','ΑΝΔΡΕΑΣ','ΑΝΔΡΕΑΣ','','','ANDREAS'),
	(3021,920,5,'3D DIAMANTIDIS 相框','尺寸： 25 x 35 cm','尺寸： 25 x 35 cm','','','frame-3d-diamantidis'),
	(3022,921,5,'ΝΙΚΟΣ','ΝΙΚΟΣ','ΝΙΚΟΣ','','','NIKOS'),
	(3023,922,5,'ΒΑΓΓΕΛΗΣ','ΒΑΓΓΕΛΗΣ','ΒΑΓΓΕΛΗΣ','','','VAGGELHS'),
	(3024,923,5,'ΜΑΝΩΛΗΣ','ΜΑΝΩΛΗΣ','ΜΑΝΩΛΗΣ','','','MANOLHS'),
	(3025,924,5,'ΠΑΝΓΙΩΤΗΣ','ΠΑΝΓΙΩΤΗΣ','ΠΑΝΓΙΩΤΗΣ','','','PANGIOTHS'),
	(3026,925,5,'ΣΠΥΡΟΣ','ΣΠΥΡΟΣ','ΣΠΥΡΟΣ','','','SPYROS'),
	(3027,926,5,'2 件装长袖婴儿紧身衣','2 件装长袖婴儿紧身衣','2 件装长袖婴儿紧身衣','','','2-pack-long-sleeve-baby-bodysuit'),
	(3028,927,5,'3D“AND THE JOURNEY GOES ON”相框','.....征途仍在继续！  这件鼠标垫上展示了我们夺冠所在的六座城市的城市纪念碑。      尺寸： 25 x 35 cm','<div class=\"description\">.....征途仍在继续！<br />  这件鼠标垫上展示了我们夺冠所在的六座城市的城市纪念碑。<br />  </div>  <br />  尺寸： 25 x 35 cm','','','frame-3d-and-the-journey-goes-on'),
	(3029,928,5,'ΑΛΕΞΑΝΔΡΟΣ','ΑΛΕΞΑΝΔΡΟΣ','ΑΛΕΞΑΝΔΡΟΣ','','','ALEKSANDROS'),
	(3030,929,5,'3D“I LOVE MY TEAM”相框','尺寸： 25 x 35 cm','尺寸： 25 x 35 cm','','','frame-3d-i-love-my-team'),
	(3031,930,5,'PANATHINAIKOS 杯子','带有您所选名字的 PANATHINAIKOS 杯子','带有您所选名字的 PANATHINAIKOS 杯子','','','cup-panathinaikos'),
	(3032,931,5,'连身婴儿套服','连身婴儿套服','连身婴儿套服','','','footed-baby-suit'),
	(3033,932,5,'欧洲城市挂钟','&nbsp;欧洲城市玻璃挂钟','<p>&nbsp;欧洲城市玻璃挂钟</p>','','','wall-clock-european-cities'),
	(3034,933,5,'PANATHINAIKOS 闹钟','PANATHINAIKOS 小型闹钟','PANATHINAIKOS 小型闹钟','','','alarm-clock-panathinaikos'),
	(3035,935,5,'“CAPTAIN”磁性贴','6 件磁铁套装（每件 37mm）  6 种独一无二的设计','6 件磁铁套装（每件 37mm）<br />  6 种独一无二的设计','','','magnet-captain'),
	(3036,936,5,'PANATHINAIKOS 烟灰缸和打火机','一件独特的礼物！  带 PANATHINAIKOS 徽标的烟灰缸和打火机！','一件独特的礼物！<br />  带 PANATHINAIKOS 徽标的烟灰缸和打火机！','','','ashtray-and-lighter-panathinaikos'),
	(3037,937,5,'三叶草陶瓷储钱罐','三叶草绿色陶瓷储钱罐','三叶草绿色陶瓷储钱罐','','','ceramic-money-drop-with-clover'),
	(3038,938,5,'KAPONO','KAPONO','KAPONO','','','kapono'),
	(3039,939,5,'BANKS','BANKS','BANKS','','','banks'),
	(3040,940,5,'官方婴儿篮球球衣 2006-2007（绿色）','官方婴儿篮球球衣 2006-2007（绿色）','官方婴儿篮球球衣 2006-2007（绿色）','','','official-basketball-jersey-2006-2007-for-babies-green'),
	(3041,941,5,'官方篮球球衣 2006-2007（绿色）','官方篮球球衣 2006-2007（绿色）','官方篮球球衣 2006-2007（绿色）','','','official-basketball-jersey-2006-2007-green'),
	(3042,942,5,'官方婴儿篮球球衣 2008-2009（绿色）','官方婴儿篮球球衣 2008-2009（绿色）','官方婴儿篮球球衣 2008-2009（绿色）','','','official-basketball-jersey-2008-2009-for-babies-green'),
	(3043,943,5,'正品篮球球衣 2012-13（绿色）','正品 6 星篮球球衣 2012-13 颜色： 绿色 帕纳辛纳克斯队成为首支装备了最先进技术球衣 NBA Revolution 30 的希腊球队。此球衣是由全部 30 支 NBA 球队参与的一项为期 4 年的研究的成果。 带有 ClimaCool 技术，可在 3 秒内吸收水分。 Formotion 技术可减少摩擦，方便活动。 比以往的球衣轻 30%，其中 60% 由回收材料制成。 球衣周围盘绕着若隐若现的三叶草图案，是一项精心打造的细节，旨在使这款球衣独一无二。 *印制后，球衣不','<p>正品 6 星篮球球衣 2012-13<br /> 颜色： 绿色</p>\r\n<p>帕纳辛纳克斯队成为首支装备了最先进技术球衣 NBA Revolution 30 的希腊球队。此球衣是由全部 30 支 NBA 球队参与的一项为期 4 年的研究的成果。 带有 ClimaCool 技术，可在 3 秒内吸收水分。 Formotion 技术可减少摩擦，方便活动。 比以往的球衣轻 30%，其中 60% 由回收材料制成。 球衣周围盘绕着若隐若现的三叶草图案，是一项精心打造的细节，旨</p>','','','authentic-basketball-jersey-2012-13-green'),
	(3044,944,5,'正品篮球球衣 2012-13（黑色）','正品 6 星篮球球衣 2012-13  颜色： 黑色  帕纳辛纳克斯队成为首支装备了最先进技术球衣 NBA Revolution 30 的希腊球队。此球衣是由全部 30 支 NBA 球队参与的一项为期 4 年的研究的成果。 带有 ClimaCool 技术，可在 3 秒内吸收水分。 Formotion 技术可减少摩擦，方便活动。 比以往的球衣轻 30%，其中 60% 由回收材料制成。 球衣周围盘绕着若隐若现的三叶草图案，是一项精心打造的细节，旨在使这款球衣独一无二。         *印制后，球衣不可退换或','<p>正品 6 星篮球球衣 2012-13<br />  颜色： 黑色</p>  <p>帕纳辛纳克斯队成为首支装备了最先进技术球衣 NBA Revolution 30 的希腊球队。此球衣是由全部 30 支 NBA 球队参与的一项为期 4 年的研究的成果。 带有 ClimaCool 技术，可在 3 秒内吸收水分。 Formotion 技术可减少摩擦，方便活动。 比以往的球衣轻 30%，其中 60% 由回收材料制成。 球衣周围盘绕着若隐若现的三叶草图案，是一项精心打造的细节，旨在使这款球衣独一无二。 <br','','','authentic-basketball-jersey-2012-13-black'),
	(3045,945,5,'正品篮球球衣 2012-13（白色）','正品 6 星篮球球衣 2012-13  颜色： 白色  帕纳辛纳克斯队成为首支装备了最先进技术球衣 NBA Revolution 30 的希腊球队。此球衣是由全部 30 支 NBA 球队参与的一项为期 4 年的研究的成果。 带有 ClimaCool 技术，可在 3 秒内吸收水分。 Formotion 技术可减少摩擦，方便活动。 比以往的球衣轻 30%，其中 60% 由回收材料制成。 球衣周围盘绕着若隐若现的三叶草图案，是一项精心打造的细节，旨在使这款球衣独一无二。         *印制后，球衣不可退换或','<p>正品 6 星篮球球衣 2012-13<br />  颜色： 白色</p>  <p>帕纳辛纳克斯队成为首支装备了最先进技术球衣 NBA Revolution 30 的希腊球队。此球衣是由全部 30 支 NBA 球队参与的一项为期 4 年的研究的成果。 带有 ClimaCool 技术，可在 3 秒内吸收水分。 Formotion 技术可减少摩擦，方便活动。 比以往的球衣轻 30%，其中 60% 由回收材料制成。 球衣周围盘绕着若隐若现的三叶草图案，是一项精心打造的细节，旨在使这款球衣独一无二。 <br','','','authentic-basketball-jersey-2012-13-white'),
	(3046,946,5,'2013 ADIDAS 希腊杯赛冠军 T 恤衫','2013 ADIDAS 希腊杯赛冠军 T 恤衫','2013 ADIDAS 希腊杯赛冠军 T 恤衫','','','t-shirt-adidas-greek-cup-champion-of-2013'),
	(3047,947,5,'2013 希腊杯赛冠军 T 恤衫','2013 希腊杯赛冠军 T 恤衫','2013 希腊杯赛冠军 T 恤衫','','','t-shirt-greek-cup-champion-of-2013'),
	(3048,948,5,'官方篮球球衣 2006-2007（白色）','官方篮球球衣 2006-2007（白色）','官方篮球球衣 2006-2007（白色）','','','official-basketball-jersey-2006-2007-white'),
	(3049,949,5,'“AND THE JOURNEY GOES ON”杯子','“AND THE JOURNEY GOES ON”杯子','“AND THE JOURNEY GOES ON”杯子','','','cup-and-the-journey-goes-on'),
	(3050,950,5,'带 MY PRIDE 条纹的头巾','带 MY PRIDE 条纹的头巾','带 MY PRIDE 条纹的头巾','','','scarf-with-stripes-my-pride'),
	(3051,951,5,'“AND THE JOURNEY GOES ON”锦旗','.....征途仍在继续！    锦旗正面展示了我们夺冠所在的六座城市的城市纪念碑。  背面是城市名称列表和决赛的取胜比分。','.....征途仍在继续！<br />  <br />  锦旗正面展示了我们夺冠所在的六座城市的城市纪念碑。<br />  背面是城市名称列表和决赛的取胜比分。','','','pennant-and-the-journey-goes-on'),
	(3052,953,3,'GIST','GIST','GIST','','','gist'),
	(3053,954,3,'SLEEVELESS BABY SUIT \"DIAMANTIDIS\"','I am a little Diamantidis','I am a little Diamantidis','','','sleeveless-baby-suit-diamantidis'),
	(3054,955,3,'BABY PACK','It consists of: 1 cotton baby bib, 1 little towel and 1 waterproof changing pad liners','It consists of: 1 cotton baby bib, 1 little towel and 1 waterproof changing pad liners','','','baby-pack'),
	(3055,956,3,'BABY BATHROBE','One special baby bathrobe! It is made of 100% cotton. <br />  One the right side there is an embroidery with a baby theme!','One special baby bathrobe! It is made of 100% cotton. <br />  One the right side there is an embroidery with a baby theme!','','','baby-bathrobe'),
	(3056,957,3,'BABY SHEETS','Includes 3 pieces: two sheets for the bed and one pillow case. Fabric: 100% Cotton','<div class=\"description\">Includes 3 pieces: two sheets for the bed and one pillow case.<br />  <br />  Fabric: 100% Cotton </div>','','','baby-sheets'),
	(3057,958,3,'SHORT SLEEVE BABY SUIT \"LITTLE STAR\"','PANATHINAIKOS LITTLE STAR','PANATHINAIKOS LITTLE STAR','','','short-sleeve-baby-suit-little star'),
	(3058,959,3,'SHORT SLEEVE BABY SUIT \"BIG LOVE\"','\"Daddy\'s & Mine Big Love\"','<p>\"Daddy\'s &amp; Mine Big Love\"</p>','','','short-sleeve-baby-suit-big-love'),
	(3059,960,3,'COTTON BABY BIB','COTTON BABY BIB','COTTON BABY BIB','','','cotton-baby-bib'),
	(3060,961,3,'PIQUE BLANKET FOR BABIES','Dimensions: 1,00 x 1,60 cm','Dimensions: 1,00 x 1,60 cm','','','pique-blanket-for-babies'),
	(3061,962,3,'T-SHIRT EUROPEAN CHAMPION 2011 (BLACK)','Collective tee. Celebrates the conquest of the 6th European Trophy in 2011. Color: Black','Collective tee. <br />  Celebrates the conquest of the 6th European Trophy in 2011.<br />  Color: Black','','','t-shirt-european-champion-2011-black');

/*!40000 ALTER TABLE `dpge_products_multilang` ENABLE KEYS */;
UNLOCK TABLES;


# Dump of table dpge_sessions
# ------------------------------------------------------------

DROP TABLE IF EXISTS `dpge_sessions`;

CREATE TABLE `dpge_sessions` (
  `id` char(32) NOT NULL,
  `modified` int(11) NOT NULL,
  `lifetime` int(11) NOT NULL,
  `data` text,
  PRIMARY KEY (`id`)
) ENGINE=InnoDB DEFAULT CHARSET=utf8;

LOCK TABLES `dpge_sessions` WRITE;
/*!40000 ALTER TABLE `dpge_sessions` DISABLE KEYS */;

INSERT INTO `dpge_sessions` (`id`, `modified`, `lifetime`, `data`)
VALUES
	('96cda4feb0d72bfd29bd37487ce1807c',1369705268,1440,'language|a:4:{s:9:\"territory\";s:5:\"el_GR\";s:11:\"lang_region\";s:2:\"el\";s:18:\"lang_shortcut_name\";s:2:\"el\";s:11:\"def_lang_id\";s:1:\"1\";}History|a:1:{s:9:\"LastVisit\";s:33:\"http://neweshop.local/admin/menus\";}adminpanel|a:6:{s:16:\"web_login_status\";b:1;s:6:\"author\";s:1:\"1\";s:9:\"firstname\";s:7:\"Angelos\";s:8:\"lastname\";s:8:\"Katsaris\";s:8:\"username\";s:19:\"akatsaris@gmail.com\";s:4:\"role\";s:13:\"administrator\";}');

/*!40000 ALTER TABLE `dpge_sessions` ENABLE KEYS */;
UNLOCK TABLES;


# Dump of table dpge_shipping_areas
# ------------------------------------------------------------

DROP TABLE IF EXISTS `dpge_shipping_areas`;

CREATE TABLE `dpge_shipping_areas` (
  `shipping_area_id` int(11) NOT NULL AUTO_INCREMENT,
  `shipping_pack_id` int(11) DEFAULT NULL,
  `area_id` int(11) DEFAULT NULL,
  PRIMARY KEY (`shipping_area_id`)
) ENGINE=InnoDB DEFAULT CHARSET=utf8;

LOCK TABLES `dpge_shipping_areas` WRITE;
/*!40000 ALTER TABLE `dpge_shipping_areas` DISABLE KEYS */;

INSERT INTO `dpge_shipping_areas` (`shipping_area_id`, `shipping_pack_id`, `area_id`)
VALUES
	(1,1,253),
	(2,3,249),
	(3,3,250),
	(4,3,251),
	(5,3,252),
	(6,3,254),
	(7,3,255),
	(8,3,256),
	(9,3,257),
	(10,3,258),
	(11,3,259),
	(12,3,260),
	(13,3,261),
	(14,3,262),
	(15,3,263),
	(16,3,264),
	(17,3,265),
	(18,3,266),
	(19,3,267),
	(20,3,268),
	(21,3,269),
	(22,3,270),
	(23,3,271),
	(24,3,272),
	(25,3,273),
	(26,3,274),
	(27,3,275),
	(28,3,276),
	(29,3,277),
	(30,3,278),
	(31,3,279),
	(32,3,280),
	(33,3,281),
	(34,3,282),
	(35,3,283),
	(36,3,284),
	(37,3,285),
	(38,3,286),
	(39,3,287),
	(40,3,288),
	(41,3,289),
	(42,3,290),
	(43,3,291),
	(44,3,292),
	(45,3,293),
	(46,3,294),
	(47,3,295),
	(48,3,296),
	(49,3,297),
	(50,3,298),
	(51,3,299),
	(52,7,1),
	(53,9,2),
	(54,9,3),
	(55,9,4),
	(56,9,5),
	(57,5,6),
	(58,9,7),
	(59,9,8),
	(60,9,9),
	(61,9,10),
	(62,9,11),
	(63,9,12),
	(64,7,13),
	(65,9,14),
	(66,9,15),
	(67,9,16),
	(68,7,17),
	(69,5,18),
	(70,9,19),
	(71,9,20),
	(72,7,21),
	(73,9,22),
	(74,5,23),
	(75,9,24),
	(76,9,25),
	(77,9,26),
	(78,9,27),
	(79,9,28),
	(80,9,29),
	(81,9,30),
	(82,9,31),
	(83,9,32),
	(84,9,33),
	(85,9,34),
	(86,9,35),
	(87,7,36),
	(88,9,37),
	(89,9,38),
	(90,9,39),
	(91,9,40),
	(92,9,41),
	(93,9,42),
	(94,7,43),
	(95,9,44),
	(96,9,45),
	(97,9,46),
	(98,9,47),
	(99,9,48),
	(100,9,49),
	(101,9,50),
	(102,5,51),
	(103,9,52),
	(104,9,53),
	(105,9,54),
	(106,5,55),
	(107,7,56),
	(108,7,57),
	(109,9,58),
	(110,7,59),
	(111,9,60),
	(112,9,61),
	(113,9,62),
	(114,9,63),
	(115,7,64),
	(116,9,65),
	(117,9,66),
	(118,9,67),
	(119,7,68),
	(120,9,69),
	(121,7,70),
	(122,9,71),
	(123,9,72),
	(124,9,73),
	(125,7,74),
	(126,7,75),
	(127,9,76),
	(128,7,77),
	(129,9,78),
	(130,7,79),
	(131,9,80),
	(132,9,81),
	(133,9,82),
	(134,7,83),
	(135,7,84),
	(136,9,85),
	(137,9,86),
	(138,9,87),
	(139,9,88),
	(140,9,90),
	(141,9,91),
	(142,9,92),
	(143,9,93),
	(144,9,94),
	(145,9,95),
	(146,9,96),
	(147,7,97),
	(148,5,98),
	(149,9,99),
	(150,7,100),
	(151,9,101),
	(152,7,102),
	(153,9,103),
	(154,7,104),
	(155,9,105),
	(156,9,106),
	(157,9,107),
	(158,9,108),
	(159,7,109),
	(160,7,110),
	(161,9,111),
	(162,9,112),
	(163,9,113),
	(164,9,114),
	(165,9,115),
	(166,9,116),
	(167,9,117),
	(168,9,118),
	(169,9,119),
	(170,9,120),
	(171,9,121),
	(172,9,122),
	(173,9,123),
	(174,9,124),
	(175,9,125),
	(176,9,126),
	(177,9,127),
	(178,9,128),
	(179,7,129),
	(180,9,130),
	(181,9,131),
	(182,9,132),
	(183,7,133),
	(184,7,134),
	(185,7,135),
	(186,9,136),
	(187,9,137),
	(188,7,138),
	(189,7,139),
	(190,5,140),
	(191,9,141),
	(192,9,142),
	(193,9,143),
	(194,5,144),
	(195,9,145),
	(196,9,146),
	(197,9,147),
	(198,9,148),
	(199,9,149),
	(200,9,150),
	(201,9,151),
	(202,9,152),
	(203,7,153),
	(204,9,154),
	(205,9,155),
	(206,9,156),
	(207,9,157),
	(208,9,158),
	(209,9,159),
	(210,9,160),
	(211,9,161),
	(212,9,162),
	(213,9,163),
	(214,9,164),
	(215,9,165),
	(216,7,166),
	(217,7,167),
	(218,9,168),
	(219,9,169),
	(220,9,170),
	(221,9,171),
	(222,9,172),
	(223,9,173),
	(224,9,174),
	(225,9,175),
	(226,9,176),
	(227,9,177),
	(228,9,178),
	(229,7,179),
	(230,9,180),
	(231,9,181),
	(232,9,182),
	(233,9,183),
	(234,7,184),
	(235,9,185),
	(236,9,186),
	(237,9,187),
	(238,9,188),
	(239,5,189),
	(240,5,190),
	(241,7,191),
	(242,9,192),
	(243,9,193),
	(244,9,194),
	(245,9,195),
	(246,9,196),
	(247,7,197),
	(248,9,198),
	(249,9,199),
	(250,5,200),
	(251,9,201),
	(252,7,202),
	(253,9,203),
	(254,7,204),
	(255,9,205),
	(256,9,206),
	(257,9,207),
	(258,9,208),
	(259,9,209),
	(260,9,210),
	(261,9,211),
	(262,9,212),
	(263,9,213),
	(264,9,214),
	(265,9,215),
	(266,9,216),
	(267,9,217),
	(268,9,218),
	(269,9,219),
	(270,9,220),
	(271,9,221),
	(272,9,222),
	(273,7,223),
	(274,9,224),
	(275,9,225),
	(276,9,226),
	(277,9,227),
	(278,7,228),
	(279,9,229),
	(280,9,230),
	(281,9,231),
	(282,9,232),
	(283,9,233),
	(284,7,234),
	(285,9,235),
	(286,9,236),
	(287,9,237),
	(288,9,238),
	(289,9,239),
	(290,9,240),
	(291,9,241),
	(292,9,242),
	(293,9,243),
	(294,9,244),
	(295,9,245),
	(296,9,246),
	(297,9,247),
	(298,9,248),
	(299,15,1),
	(300,19,2),
	(301,21,3),
	(302,23,4),
	(303,23,5),
	(304,15,6),
	(305,21,7),
	(306,23,8),
	(307,23,9),
	(308,23,10),
	(309,23,11),
	(310,23,12),
	(311,13,13),
	(312,23,14),
	(313,23,15),
	(314,23,16),
	(315,21,17),
	(316,15,18),
	(317,23,19),
	(318,21,20),
	(319,11,21),
	(320,23,22),
	(321,13,23),
	(322,19,24),
	(323,23,25),
	(324,23,26),
	(325,23,27),
	(326,23,28),
	(327,21,29),
	(328,23,30),
	(329,23,31),
	(330,23,32),
	(331,21,33),
	(332,23,34),
	(333,23,35),
	(334,15,36),
	(335,23,37),
	(336,17,38),
	(337,23,39),
	(338,23,40),
	(339,23,41),
	(340,23,42),
	(341,15,43),
	(342,23,44),
	(343,23,45),
	(344,23,46),
	(345,23,47),
	(346,21,48),
	(347,23,49),
	(348,23,50),
	(349,15,51),
	(350,23,52),
	(351,23,53),
	(352,23,54),
	(353,11,55),
	(354,13,56),
	(355,11,57),
	(356,23,58),
	(357,13,59),
	(358,23,60),
	(359,23,61),
	(360,19,62),
	(361,23,63),
	(362,13,64),
	(363,19,65),
	(364,23,66),
	(365,23,67),
	(366,13,68),
	(367,23,69),
	(368,13,70),
	(369,23,71),
	(370,23,72),
	(371,23,73),
	(372,15,74),
	(373,11,75),
	(374,23,76),
	(375,11,77),
	(376,23,78),
	(377,21,79),
	(378,23,80),
	(379,23,81),
	(380,23,82),
	(381,15,83),
	(382,15,84),
	(383,23,85),
	(384,23,86),
	(385,23,87),
	(386,23,88),
	(387,23,90),
	(388,23,91),
	(389,23,92),
	(390,23,93),
	(391,23,94),
	(392,21,95),
	(393,23,96),
	(394,23,97),
	(395,15,98),
	(396,23,99),
	(397,13,100),
	(398,21,101),
	(399,13,102),
	(400,19,103),
	(401,23,104),
	(402,21,105),
	(403,23,106),
	(404,21,107),
	(405,21,108),
	(406,15,109),
	(407,11,110),
	(408,15,111),
	(409,23,112),
	(410,19,113),
	(411,21,114),
	(412,23,115),
	(413,21,116),
	(414,21,117),
	(415,23,118),
	(416,23,119),
	(417,23,120),
	(418,21,121),
	(419,21,122),
	(420,19,123),
	(421,23,124),
	(422,21,125),
	(423,21,126),
	(424,19,127),
	(425,23,128),
	(426,15,129),
	(427,21,130),
	(428,23,131),
	(429,23,132),
	(430,13,133),
	(431,11,134),
	(432,13,135),
	(433,19,136),
	(434,19,137),
	(435,11,138),
	(436,15,139),
	(437,15,140),
	(438,23,141),
	(439,23,142),
	(440,23,143),
	(441,15,144),
	(442,23,145),
	(443,21,146),
	(444,21,147),
	(445,21,148),
	(446,23,149),
	(447,23,150),
	(448,23,151),
	(449,23,152),
	(450,13,153),
	(451,23,154),
	(452,21,155),
	(453,23,156),
	(454,17,157),
	(455,21,158),
	(456,23,159),
	(457,23,160),
	(458,23,161),
	(459,23,162),
	(460,23,163),
	(461,23,164),
	(462,23,165),
	(463,11,166),
	(464,15,167),
	(465,21,168),
	(466,23,169),
	(467,23,170),
	(468,23,171),
	(469,19,172),
	(470,23,173),
	(471,23,174),
	(472,23,175),
	(473,23,176),
	(474,21,177),
	(475,21,178),
	(476,13,179),
	(477,23,180),
	(478,23,181),
	(479,23,182),
	(480,23,183),
	(481,13,184),
	(482,23,185),
	(483,23,186),
	(484,19,187),
	(485,23,188),
	(486,13,189),
	(487,15,190),
	(488,15,191),
	(489,23,192),
	(490,19,193),
	(491,23,194),
	(492,23,195),
	(493,23,196),
	(494,13,197),
	(495,21,198),
	(496,23,199),
	(497,13,200),
	(498,23,201),
	(499,13,202),
	(500,23,203),
	(501,15,204),
	(502,23,205),
	(503,23,206),
	(504,23,207),
	(505,23,208),
	(506,23,209),
	(507,19,210),
	(508,23,211),
	(509,23,212),
	(510,23,213),
	(511,23,214),
	(512,23,215),
	(513,21,216),
	(514,21,217),
	(515,23,218),
	(516,23,219),
	(517,21,220),
	(518,19,221),
	(519,23,222),
	(520,15,223),
	(521,23,224),
	(522,23,225),
	(523,21,226),
	(524,23,227),
	(525,15,228),
	(526,23,229),
	(527,23,230),
	(528,17,231),
	(529,23,232),
	(530,21,233),
	(531,15,234),
	(532,23,235),
	(533,23,236),
	(534,23,237),
	(535,23,238),
	(536,21,239),
	(537,23,240),
	(538,23,241),
	(539,23,242),
	(540,19,243),
	(541,23,244),
	(542,23,245),
	(543,23,246),
	(544,23,247),
	(545,23,248);

/*!40000 ALTER TABLE `dpge_shipping_areas` ENABLE KEYS */;
UNLOCK TABLES;


# Dump of table dpge_shipping_pack_kg
# ------------------------------------------------------------

DROP TABLE IF EXISTS `dpge_shipping_pack_kg`;

CREATE TABLE `dpge_shipping_pack_kg` (
  `shipping_pack_kg_id` int(11) NOT NULL AUTO_INCREMENT,
  `shipping_pack_id` int(11) DEFAULT NULL,
  `min_kg` decimal(11,3) DEFAULT NULL,
  `max_kg` decimal(11,3) DEFAULT NULL,
  `shipping_price` decimal(11,2) DEFAULT NULL,
  PRIMARY KEY (`shipping_pack_kg_id`)
) ENGINE=InnoDB DEFAULT CHARSET=utf8;

LOCK TABLES `dpge_shipping_pack_kg` WRITE;
/*!40000 ALTER TABLE `dpge_shipping_pack_kg` DISABLE KEYS */;

INSERT INTO `dpge_shipping_pack_kg` (`shipping_pack_kg_id`, `shipping_pack_id`, `min_kg`, `max_kg`, `shipping_price`)
VALUES
	(3,1,0.000,2.000,3.50),
	(7,3,0.000,2.000,5.50),
	(8,5,0.000,0.500,10.00),
	(9,5,0.500,1.000,11.00),
	(10,5,1.000,1.500,13.00),
	(12,5,1.500,2.000,15.00),
	(13,5,2.000,2.500,20.00),
	(14,5,2.500,3.000,23.50),
	(15,5,3.000,3.500,28.00),
	(16,5,3.500,4.000,30.50),
	(17,5,4.000,4.500,35.00),
	(18,5,4.500,5.000,38.50),
	(19,7,0.000,0.500,10.50),
	(21,7,0.500,1.000,13.50),
	(22,7,1.000,1.500,17.50),
	(23,7,1.500,2.000,20.50),
	(24,7,2.000,2.500,25.50),
	(25,7,2.500,3.000,28.50),
	(26,7,3.000,3.500,33.50),
	(27,7,3.500,4.000,36.50),
	(28,7,4.000,4.500,40.20),
	(29,7,4.500,5.000,43.50),
	(30,9,0.000,0.500,15.00),
	(31,9,0.500,1.000,19.00),
	(32,9,1.000,1.500,23.00),
	(33,9,1.500,2.000,28.00),
	(34,9,2.000,2.500,35.00),
	(35,9,2.500,3.000,38.00),
	(36,9,3.000,3.500,41.00),
	(37,9,3.500,4.000,44.00),
	(38,9,4.000,4.500,47.50),
	(39,9,4.500,5.000,51.50),
	(40,11,0.000,0.500,25.00),
	(41,11,0.500,1.000,30.00),
	(42,11,1.000,1.500,35.00),
	(44,11,1.500,2.000,40.00),
	(45,11,2.000,2.500,45.00),
	(46,11,2.500,3.000,50.00),
	(47,11,3.000,3.500,58.00),
	(48,11,3.500,4.000,65.00),
	(49,11,4.000,4.500,70.00),
	(50,11,4.500,5.000,75.00),
	(51,13,0.000,0.500,28.00),
	(53,13,0.500,1.000,32.00),
	(54,13,1.000,1.500,37.00),
	(55,13,1.500,2.000,42.00),
	(56,13,2.000,2.500,49.00),
	(57,13,2.500,3.000,56.00),
	(58,13,3.000,3.500,62.00),
	(59,7,3.500,4.000,69.00),
	(60,13,4.000,4.500,76.00),
	(61,13,4.500,5.000,82.00),
	(62,15,0.000,0.500,40.00),
	(63,15,0.500,1.000,45.00),
	(64,15,1.000,1.500,49.00),
	(65,15,1.500,2.000,53.00),
	(66,15,2.000,2.500,60.00),
	(67,15,2.500,3.000,69.00),
	(68,15,3.000,3.500,78.00),
	(69,13,3.500,4.000,82.00),
	(71,11,4.000,4.500,75.00),
	(72,11,4.000,4.500,75.00),
	(73,13,4.000,4.500,83.00),
	(74,15,4.500,5.000,104.00),
	(75,15,4.000,4.500,99.00),
	(76,17,0.000,0.500,30.00),
	(77,17,0.500,1.000,33.00),
	(78,17,1.000,1.500,40.00),
	(79,17,1.500,2.000,48.00),
	(80,17,2.000,2.500,56.00),
	(81,17,2.500,3.000,65.00),
	(82,17,3.500,4.000,75.00),
	(83,17,4.500,5.000,82.00),
	(84,17,4.000,4.500,91.00),
	(85,17,4.500,5.000,101.00),
	(86,19,0.000,0.500,40.00),
	(87,19,0.500,1.000,45.00),
	(89,19,1.000,1.500,52.00),
	(90,19,1.500,2.000,58.00),
	(91,19,2.000,2.500,64.00),
	(92,19,2.500,3.000,75.00),
	(93,19,3.000,3.500,83.00),
	(94,19,3.500,4.000,90.00),
	(96,19,4.000,4.500,99.00),
	(97,19,4.500,5.000,107.00),
	(98,21,0.000,0.500,36.00),
	(99,21,0.500,1.000,41.00),
	(100,21,1.000,1.500,46.00),
	(101,21,1.500,2.000,52.00),
	(102,21,2.000,2.500,56.00),
	(103,21,2.500,3.000,62.00),
	(104,21,3.000,3.500,69.00),
	(105,21,3.500,4.000,69.00),
	(106,21,3.500,4.000,77.00),
	(107,21,4.000,4.500,85.00),
	(108,21,4.500,5.000,94.00),
	(109,23,0.000,0.500,44.00),
	(111,23,0.500,1.000,51.00),
	(112,23,1.000,1.500,60.00),
	(113,23,1.500,2.000,35.00),
	(116,23,2.000,2.500,74.00),
	(117,23,2.500,3.000,82.00),
	(119,23,3.000,3.500,91.00),
	(120,23,3.500,4.000,100.00),
	(122,23,4.000,4.500,108.00),
	(123,23,4.500,5.000,117.00),
	(124,17,3.000,3.500,75.00);

/*!40000 ALTER TABLE `dpge_shipping_pack_kg` ENABLE KEYS */;
UNLOCK TABLES;


# Dump of table dpge_shipping_packs
# ------------------------------------------------------------

DROP TABLE IF EXISTS `dpge_shipping_packs`;

CREATE TABLE `dpge_shipping_packs` (
  `shipping_packet_multilang_id` int(11) NOT NULL AUTO_INCREMENT,
  `shipping_packet_id` varchar(45) DEFAULT NULL,
  `shipping_provider_id` int(11) DEFAULT NULL,
  `la` int(11) DEFAULT NULL,
  `shipping_pack_name` varchar(50) DEFAULT NULL,
  `shipping_pack_description` varchar(255) DEFAULT NULL,
  `shipping_pack_cod_val` decimal(11,2) DEFAULT NULL,
  `shipping_pack_maxkg` decimal(11,2) DEFAULT NULL,
  `shipping_pack_extraweight` decimal(11,2) DEFAULT NULL,
  `shipping_pack_extraweight_price` decimal(11,2) DEFAULT NULL,
  `shipping_pack_maxweight_price` decimal(11,2) DEFAULT NULL,
  PRIMARY KEY (`shipping_packet_multilang_id`),
  KEY `fk1_provider_id` (`shipping_provider_id`),
  CONSTRAINT `fk1_provider_id` FOREIGN KEY (`shipping_provider_id`) REFERENCES `dpge_shipping_providers` (`shipping_provider_multilang_id`) ON DELETE CASCADE ON UPDATE NO ACTION
) ENGINE=InnoDB DEFAULT CHARSET=utf8;

LOCK TABLES `dpge_shipping_packs` WRITE;
/*!40000 ALTER TABLE `dpge_shipping_packs` DISABLE KEYS */;

INSERT INTO `dpge_shipping_packs` (`shipping_packet_multilang_id`, `shipping_packet_id`, `shipping_provider_id`, `la`, `shipping_pack_name`, `shipping_pack_description`, `shipping_pack_cod_val`, `shipping_pack_maxkg`, `shipping_pack_extraweight`, `shipping_pack_extraweight_price`, `shipping_pack_maxweight_price`)
VALUES
	(1,'1',1,1,'Courier Εντός Αττικής','Αποστολή με Courier Εντός Αττικής',2.50,2.00,1.00,1.20,3.50),
	(2,'1',1,2,'Courier in Attica','Send via Courier in Attica',2.50,2.00,1.00,1.20,3.50),
	(3,'3',1,1,'Courier Υπόλοιπη Ελλάδα','Αποστολή με Courier στην Υπόλοιπη Ελλάδα',2.50,2.00,1.00,2.50,5.50),
	(4,'3',1,2,'Courier Rest of Greece','Courier sent to Rest of Greece',2.50,2.00,1.00,2.50,5.50),
	(5,'5',3,1,'ΕΛΤΑ στο εξωτερικό ζώνη 1','ΕΛΤΑ στο εξωτερικό ζώνη 1',0.00,5.00,0.50,5.00,38.50),
	(6,'5',3,2,'ELTA outside Greece zone 1','ELTA outside of Greece zone 1',0.00,5.00,0.50,5.00,38.50),
	(7,'7',3,1,'ΕΛΤΑ στο εξωτερικό ζώνη 2','ΕΛΤΑ στο εξωτερικό ζώνη 2',0.00,5.00,0.50,5.00,43.50),
	(8,'7',3,2,'ELTA outside Greece zone 2','ELTA outside of Greece zone 2',0.00,5.00,0.50,5.00,43.50),
	(9,'9',3,1,'ΕΛΤΑ στο εξωτερικό ζώνη 3','ΕΛΤΑ στο εξωτερικό ζώνη 3',0.00,5.00,0.50,7.00,51.50),
	(10,'9',3,2,'ELTA outside Greece zone 3','ELTA outside of Greece zone 3',0.00,5.00,0.50,7.00,51.50),
	(11,'11',1,1,'Courier στο εξωτερικό ζώνη 1','Courier στο εξωτερικό ζώνη 1',0.00,5.00,0.50,8.00,75.00),
	(12,'11',1,2,'Courier outside greece zone 1','Courier outside of Greece zone 1',0.00,5.00,0.50,8.00,75.00),
	(13,'13',1,1,'Courier στο εξωτερικό ζώνη 2','Courier στο εξωτερικό ζώνη 2',0.00,5.00,0.50,7.00,82.00),
	(14,'13',1,2,'Courier outside greece zone 2','Courier outside of Greece zone 2',0.00,5.00,0.50,7.00,82.00),
	(15,'15',1,1,'Courier στο εξωτερικό ζώνη 3','Courier στο εξωτερικό ζώνη 3',0.00,5.00,0.50,9.00,104.00),
	(16,'15',1,2,'Courier outside greece zone 3','Courier outside of Greece zone 3',0.00,5.00,0.50,9.00,104.00),
	(17,'17',1,1,'Courier στο εξωτερικό ζώνη 4','Courier στο εξωτερικό ζώνη 4',0.00,5.00,0.50,10.00,101.00),
	(18,'17',1,2,'Courier outside greece zone 4','Courier outside of Greece zone 4',0.00,5.00,0.50,10.00,101.00),
	(19,'19',1,1,'Courier στο εξωτερικό ζώνη 5','Courier στο εξωτερικό ζώνη 5',0.00,5.00,0.50,11.00,107.00),
	(20,'19',1,2,'Courier outside greece zone 5','Courier outside of Greece zone 5',0.00,5.00,0.50,11.00,107.00),
	(21,'21',1,1,'Courier στο εξωτερικό ζώνη 6','Courier στο εξωτερικό ζώνη 6',0.00,5.00,0.50,9.00,94.00),
	(22,'21',1,2,'Courier outside greece zone 6','Courier outside of Greece zone 6',0.00,5.00,0.50,9.00,94.00),
	(23,'23',1,1,'Courier στο εξωτερικό ζώνη 7','Courier στο εξωτερικό ζώνη 7',0.00,5.00,0.50,9.00,117.00),
	(24,'23',1,2,'Courier outside greece zone 7','Courier outside of Greece zone 7',0.00,5.00,0.50,9.00,117.00);

/*!40000 ALTER TABLE `dpge_shipping_packs` ENABLE KEYS */;
UNLOCK TABLES;


# Dump of table dpge_shipping_payment_rel
# ------------------------------------------------------------

DROP TABLE IF EXISTS `dpge_shipping_payment_rel`;

CREATE TABLE `dpge_shipping_payment_rel` (
  `sp_rel_id` int(11) NOT NULL AUTO_INCREMENT,
  `shipping_packet_id` int(11) DEFAULT NULL,
  `pay_method_id` int(11) DEFAULT NULL,
  PRIMARY KEY (`sp_rel_id`),
  UNIQUE KEY `sp_rel_id_UNIQUE` (`sp_rel_id`),
  KEY `fk2_shipping_packet_id` (`shipping_packet_id`),
  KEY `fk1_pay_method_id` (`pay_method_id`),
  CONSTRAINT `fk1_pay_method_id` FOREIGN KEY (`pay_method_id`) REFERENCES `dpge_pay_methods` (`pay_method_multilang_id_id`) ON DELETE CASCADE ON UPDATE NO ACTION,
  CONSTRAINT `fk2_shipping_packet_id` FOREIGN KEY (`shipping_packet_id`) REFERENCES `dpge_shipping_packs` (`shipping_packet_multilang_id`) ON DELETE CASCADE ON UPDATE NO ACTION
) ENGINE=InnoDB DEFAULT CHARSET=utf8;

LOCK TABLES `dpge_shipping_payment_rel` WRITE;
/*!40000 ALTER TABLE `dpge_shipping_payment_rel` DISABLE KEYS */;

INSERT INTO `dpge_shipping_payment_rel` (`sp_rel_id`, `shipping_packet_id`, `pay_method_id`)
VALUES
	(1,1,1),
	(2,3,1),
	(3,1,3),
	(4,3,3),
	(5,1,5),
	(6,3,5),
	(7,5,1),
	(8,5,5),
	(9,7,1),
	(10,7,5),
	(11,9,1),
	(12,9,5),
	(13,11,1),
	(14,11,5),
	(15,13,1),
	(16,13,5),
	(17,15,1),
	(18,15,5),
	(19,17,1),
	(20,17,5),
	(21,19,1),
	(22,19,5),
	(23,21,1),
	(24,21,5),
	(25,23,1),
	(26,23,5);

/*!40000 ALTER TABLE `dpge_shipping_payment_rel` ENABLE KEYS */;
UNLOCK TABLES;


# Dump of table dpge_shipping_providers
# ------------------------------------------------------------

DROP TABLE IF EXISTS `dpge_shipping_providers`;

CREATE TABLE `dpge_shipping_providers` (
  `shipping_provider_multilang_id` int(11) NOT NULL AUTO_INCREMENT,
  `shipping_provider_id` int(11) DEFAULT NULL,
  `la` int(11) DEFAULT NULL,
  `shipping_provider_name` varchar(100) DEFAULT NULL,
  PRIMARY KEY (`shipping_provider_multilang_id`)
) ENGINE=InnoDB DEFAULT CHARSET=utf8;

LOCK TABLES `dpge_shipping_providers` WRITE;
/*!40000 ALTER TABLE `dpge_shipping_providers` DISABLE KEYS */;

INSERT INTO `dpge_shipping_providers` (`shipping_provider_multilang_id`, `shipping_provider_id`, `la`, `shipping_provider_name`)
VALUES
	(1,1,1,'Courier'),
	(2,1,2,'Courier'),
	(3,3,1,'ΕΛΤΑ'),
	(4,3,2,'Greek Postal');

/*!40000 ALTER TABLE `dpge_shipping_providers` ENABLE KEYS */;
UNLOCK TABLES;


# Dump of table dpge_site_sessions
# ------------------------------------------------------------

DROP TABLE IF EXISTS `dpge_site_sessions`;

CREATE TABLE `dpge_site_sessions` (
  `id` char(32) NOT NULL,
  `modified` int(11) NOT NULL,
  `lifetime` int(11) NOT NULL,
  `data` text,
  PRIMARY KEY (`id`)
) ENGINE=InnoDB DEFAULT CHARSET=utf8;

LOCK TABLES `dpge_site_sessions` WRITE;
/*!40000 ALTER TABLE `dpge_site_sessions` DISABLE KEYS */;

INSERT INTO `dpge_site_sessions` (`id`, `modified`, `lifetime`, `data`)
VALUES
	('49ffca4be25613a6fef5a84faa919360',1369727937,1440,'products_cat_properties|a:2:{s:13:\"prd_per_pages\";s:2:\"18\";s:11:\"prd_sorting\";s:13:\"end_price asc\";}language|a:4:{s:9:\"territory\";s:5:\"el_GR\";s:11:\"lang_region\";s:2:\"el\";s:18:\"lang_shortcut_name\";s:2:\"el\";s:11:\"def_lang_id\";s:1:\"1\";}History|a:1:{s:9:\"LastVisit\";s:62:\"http://neweshop.local/public/assets/js/jquery.ui.widget.min.js\";}visitor|a:5:{s:12:\"login_status\";s:6:\"online\";s:9:\"firstname\";s:7:\"Angelos\";s:8:\"lastname\";s:8:\"Katsaris\";s:8:\"username\";s:19:\"akatsaris@gmail.com\";s:4:\"role\";s:4:\"user\";}request|O:28:\"Zend_Controller_Request_Http\":15:{s:16:\"\0*\0_paramSources\";a:2:{i:0;s:4:\"_GET\";i:1;s:5:\"_POST\";}s:14:\"\0*\0_requestUri\";s:41:\"/public/assets/js/jquery.ui.widget.min.js\";s:11:\"\0*\0_baseUrl\";s:7:\"/public\";s:12:\"\0*\0_basePath\";N;s:12:\"\0*\0_pathInfo\";s:34:\"/assets/js/jquery.ui.widget.min.js\";s:10:\"\0*\0_params\";a:3:{s:6:\"assets\";s:2:\"js\";s:6:\"action\";s:5:\"index\";s:10:\"controller\";s:5:\"index\";}s:11:\"\0*\0_rawBody\";N;s:11:\"\0*\0_aliases\";a:0:{}s:14:\"\0*\0_dispatched\";b:1;s:10:\"\0*\0_module\";s:7:\"default\";s:13:\"\0*\0_moduleKey\";s:6:\"module\";s:14:\"\0*\0_controller\";s:5:\"index\";s:17:\"\0*\0_controllerKey\";s:10:\"controller\";s:10:\"\0*\0_action\";s:5:\"index\";s:13:\"\0*\0_actionKey\";s:6:\"action\";}cart|a:1:{s:9:\"totalcost\";d:111.099999999999994315658113919198513031005859375;}'),
	('96cda4feb0d72bfd29bd37487ce1807c',1369705808,1440,'products_cat_properties|a:2:{s:13:\"prd_per_pages\";s:2:\"18\";s:11:\"prd_sorting\";s:13:\"end_price asc\";}language|a:4:{s:9:\"territory\";s:5:\"el_GR\";s:11:\"lang_region\";s:2:\"el\";s:18:\"lang_shortcut_name\";s:2:\"el\";s:11:\"def_lang_id\";s:1:\"1\";}request|O:28:\"Zend_Controller_Request_Http\":15:{s:16:\"\0*\0_paramSources\";a:2:{i:0;s:4:\"_GET\";i:1;s:5:\"_POST\";}s:14:\"\0*\0_requestUri\";s:54:\"/product/943/authentic-basketball-jersey-2012-13-green\";s:11:\"\0*\0_baseUrl\";s:0:\"\";s:12:\"\0*\0_basePath\";N;s:12:\"\0*\0_pathInfo\";s:54:\"/product/943/authentic-basketball-jersey-2012-13-green\";s:10:\"\0*\0_params\";a:3:{s:6:\"pageId\";s:3:\"943\";s:6:\"action\";s:7:\"product\";s:10:\"controller\";s:5:\"index\";}s:11:\"\0*\0_rawBody\";N;s:11:\"\0*\0_aliases\";a:0:{}s:14:\"\0*\0_dispatched\";b:1;s:10:\"\0*\0_module\";s:7:\"default\";s:13:\"\0*\0_moduleKey\";s:6:\"module\";s:14:\"\0*\0_controller\";s:5:\"index\";s:17:\"\0*\0_controllerKey\";s:10:\"controller\";s:10:\"\0*\0_action\";s:7:\"product\";s:13:\"\0*\0_actionKey\";s:6:\"action\";}History|a:1:{s:9:\"LastVisit\";s:75:\"http://neweshop.local/product/943/authentic-basketball-jersey-2012-13-green\";}');

/*!40000 ALTER TABLE `dpge_site_sessions` ENABLE KEYS */;
UNLOCK TABLES;


# Dump of table dpge_stock_control
# ------------------------------------------------------------

DROP TABLE IF EXISTS `dpge_stock_control`;

CREATE TABLE `dpge_stock_control` (
  `stock_id` int(11) NOT NULL AUTO_INCREMENT,
  `product_id` int(11) DEFAULT NULL,
  `code` varchar(145) DEFAULT NULL,
  `extra_cost` float(15,2) DEFAULT NULL,
  `quantity` int(11) DEFAULT NULL,
  PRIMARY KEY (`stock_id`),
  UNIQUE KEY `stock_id_UNIQUE` (`stock_id`),
  KEY `fk_product_id_stock` (`product_id`),
  CONSTRAINT `fk_product_id_stock` FOREIGN KEY (`product_id`) REFERENCES `dpge_products` (`product_id`) ON DELETE CASCADE ON UPDATE NO ACTION
) ENGINE=InnoDB DEFAULT CHARSET=utf8;

LOCK TABLES `dpge_stock_control` WRITE;
/*!40000 ALTER TABLE `dpge_stock_control` DISABLE KEYS */;

INSERT INTO `dpge_stock_control` (`stock_id`, `product_id`, `code`, `extra_cost`, `quantity`)
VALUES
	(4,943,'1',1.00,50),
	(5,943,'3',0.00,60),
	(6,943,'5',0.00,60);

/*!40000 ALTER TABLE `dpge_stock_control` ENABLE KEYS */;
UNLOCK TABLES;


# Dump of table dpge_tags
# ------------------------------------------------------------

DROP TABLE IF EXISTS `dpge_tags`;

CREATE TABLE `dpge_tags` (
  `tag_multilang_id` int(11) NOT NULL AUTO_INCREMENT,
  `tag_id` int(11) NOT NULL DEFAULT '0',
  `la` int(11) NOT NULL,
  `tag` varchar(245) NOT NULL,
  PRIMARY KEY (`tag_multilang_id`)
) ENGINE=InnoDB DEFAULT CHARSET=utf8;

LOCK TABLES `dpge_tags` WRITE;
/*!40000 ALTER TABLE `dpge_tags` DISABLE KEYS */;

INSERT INTO `dpge_tags` (`tag_multilang_id`, `tag_id`, `la`, `tag`)
VALUES
	(21,21,1,'Όλα τα προϊόντα'),
	(22,21,2,'All Products'),
	(23,23,1,'Σειρά Μπάσκετ'),
	(24,23,2,'Basketball collection'),
	(25,25,1,'Σειρά Ποδόσφαιρο'),
	(26,25,2,'Football collection'),
	(27,27,1,'Σειρά Βόλεϊ'),
	(28,27,2,'Volleyball collection'),
	(31,31,1,'Miss Green'),
	(32,31,2,'Miss Green'),
	(33,33,1,'Junior Green'),
	(34,33,2,'Junior Green'),
	(37,37,1,'Είδη για το σπίτι'),
	(38,37,2,'Homeware'),
	(39,39,1,'Χαρτοσχολικά'),
	(40,39,2,'Stationary'),
	(41,41,1,'Αξεσουάρ γηπέδου'),
	(42,41,2,'Game accessories'),
	(43,43,1,'Συλλεκτική Σειρά \"ΑΛΒΕΡΤΗΣ\"'),
	(44,43,2,'Alvertis Memorabilia'),
	(45,45,1,'Εποχιακά'),
	(46,45,2,'Seasonal'),
	(47,47,1,'Προσφορές'),
	(48,47,2,'Offers'),
	(49,49,1,'Επίσημες Εμφανίσεις 2012-2013'),
	(50,49,2,'Official Jerseys 2012-2013'),
	(51,51,1,'Επίσημες Εμφανίσεις 2011-2012'),
	(52,51,2,'Official Jerseys 2011-2012'),
	(53,53,1,'Επίσημες Εμφανίσεις 2010-2011'),
	(54,53,2,'Official Jerseys 2010-2011'),
	(55,55,1,'Επίσημες Εμφανίσεις 2009-2010'),
	(56,55,2,'Official Jerseys 2009-2010'),
	(57,57,1,'Προπονητικό υλικό Adidas 2011-2012'),
	(58,57,2,'Training suits Adidas 2011-2012'),
	(59,59,1,'Προπονητικό υλικό Adidas 2009-2010'),
	(60,59,2,'Training suits Adidas 2009-2010'),
	(61,61,1,'Retro Εμφανίσεις'),
	(62,61,2,'Retro Uniforms'),
	(63,63,1,'T-shirts-Polo'),
	(64,63,2,'T-shirts-Polo'),
	(65,65,1,'Polo'),
	(66,65,2,'Polo'),
	(67,67,1,'Φόρμες-Φούτερ'),
	(68,67,2,'Tracksuits-Trousers'),
	(69,69,1,'Ζακέτες'),
	(70,69,2,'Jackets'),
	(71,71,1,'Φόρμες-Παντελόνια'),
	(72,71,2,'Tracksuits-Trousers'),
	(73,73,1,'Παιδικά'),
	(74,73,2,'Kids'),
	(75,75,1,'Βρεφικά'),
	(76,75,2,'Infants'),
	(77,77,1,'Συλλογές DVD'),
	(78,77,2,'DVD Collections'),
	(79,79,1,'Σειρά με τον ύμνο'),
	(80,79,2,'Gadgets with music'),
	(81,81,1,'Ασημένια αξεσουάρ'),
	(82,81,2,'Silver Accessories'),
	(83,83,1,'Ρολόγια'),
	(84,83,2,'Waches-Clocks'),
	(85,85,1,'Μπρελόκ'),
	(86,85,2,'Keyrings'),
	(87,87,1,'Κομπολόγια'),
	(88,87,2,'Worry beads'),
	(89,89,1,'Καρφίτσες-Μαγνήτες'),
	(90,89,2,'Pins-Magnets'),
	(91,91,1,'Είδη γραφείου-H/Y'),
	(92,91,2,'Stationary-Computer'),
	(93,93,1,'Τσάντες-Πορτοφόλια'),
	(94,93,2,'Bags-Wallets'),
	(95,95,1,'Μπάλες'),
	(96,95,2,'Balls'),
	(97,97,1,'Κύπελλα - Κουκλάκια'),
	(98,97,2,'Trophies-Bobbleheads'),
	(99,99,1,'Υαλικά - Κρύσταλλα'),
	(100,99,2,'Glasses-Crystals'),
	(101,101,1,'Σχολικά αξεσουάρ'),
	(102,101,2,'School accessories'),
	(103,103,1,'Κασκόλ'),
	(104,103,2,'Scarves'),
	(105,105,1,'Καπέλα'),
	(106,105,2,'Caps'),
	(107,107,1,'Σκούφοι-Γάντια'),
	(108,107,2,'Hats-Gloves'),
	(109,109,1,'Λάβαρα-Σημαίες'),
	(110,109,2,'Pennants-Flags'),
	(111,111,1,'Περικάρπια - Headbands'),
	(112,111,2,'Wristbands-Headbands'),
	(113,113,1,'Adidas'),
	(114,113,2,'Adidas'),
	(115,115,1,'Ανδρική ένδυση'),
	(116,115,2,'Menswear'),
	(117,117,1,'Γυναικεία ένδυση'),
	(118,117,2,'Womenswear'),
	(119,119,1,'Παιδική ένδυση'),
	(120,119,2,'Kidswear'),
	(121,121,1,'Accessories'),
	(122,121,2,'Accessories'),
	(123,123,1,'Αναπτήρες'),
	(124,123,2,'Lighters'),
	(125,125,1,'Jackets'),
	(126,125,2,'Jackets'),
	(127,127,1,'1η εμφάνιση'),
	(128,127,2,'1st jersey'),
	(129,129,1,'2η Εμφάνιση'),
	(130,129,2,'2nd jersey'),
	(131,131,1,'3η Εμφάνιση'),
	(133,131,2,'3rd Jersey'),
	(135,135,1,'Αυθεντική'),
	(136,135,2,'Official'),
	(137,137,1,'Replica'),
	(138,137,2,'Replica'),
	(139,127,3,'primero jersey'),
	(140,127,4,'1-й Джерси'),
	(141,127,5,'第一球衣'),
	(142,129,3,'segundo jersey'),
	(143,129,4,'2-й Джерси'),
	(144,129,5,'第二球衣'),
	(145,131,3,'tercera Jersey'),
	(146,131,4,'3-й Джерси'),
	(147,131,5,'第三球衣'),
	(148,121,3,'accesorios'),
	(149,121,4,'аксессуары'),
	(150,121,5,'配件'),
	(151,113,3,'Adidas'),
	(152,113,4,'Adidas'),
	(153,113,5,'Adidas'),
	(154,125,3,'chaquetas'),
	(155,125,4,'Куртки'),
	(156,125,5,'夹克'),
	(157,33,3,'Green para niños'),
	(158,33,4,'Зеленая форма для юниоров'),
	(159,33,5,'Junior Green'),
	(160,31,3,'Señorita verde'),
	(161,31,4,'Одежда с логотипом Miss Green'),
	(162,31,5,'Miss Green'),
	(163,65,3,'camisetas polo'),
	(164,65,4,'Майка-поло'),
	(165,65,5,'Polo 衫'),
	(166,137,3,'Réplica'),
	(167,137,4,'реплика'),
	(168,137,5,'复制品'),
	(169,61,3,'uniformes retro'),
	(170,61,4,'Форма ретро'),
	(171,61,5,'复刻版制服'),
	(172,63,3,'camisetas polo'),
	(173,63,4,'Футболки-поло'),
	(174,63,5,'T 恤-Polo 衫'),
	(175,123,3,'encendedores'),
	(176,123,4,'Зажигалки'),
	(177,123,5,'打火机'),
	(178,115,3,'Ropa para hombre'),
	(179,115,4,'Мужская одежда'),
	(180,115,5,'男装'),
	(181,41,3,'accesorios de juego'),
	(182,41,4,'Аксессуары для игр'),
	(183,41,5,'比赛用配件'),
	(184,81,3,'accesorios de plata'),
	(185,81,4,'Серебряные аксессуары'),
	(186,81,5,'银配件'),
	(187,135,3,'oficial'),
	(188,135,4,'официальный'),
	(189,135,5,'官方'),
	(190,75,3,'infantes'),
	(191,75,4,'Младенцы'),
	(192,75,5,'婴儿'),
	(193,117,3,'Ropa para mujer'),
	(194,117,4,'Женская одежда'),
	(195,117,5,'女装'),
	(196,37,3,'artículos para el hogar'),
	(197,37,4,'Товары для дома'),
	(198,37,5,'家居'),
	(199,91,3,'papelería - ordenador'),
	(200,91,4,'Канцелярские принадлежности и комплектующие для компьютера '),
	(201,91,5,'办公计算机'),
	(202,55,3,'jerseys oficiales 2009-2010'),
	(203,55,4,'Официальная верхняя форма, 2009-2010'),
	(204,55,5,'正式球衣 2009-2010'),
	(205,53,3,'Jerseys oficiales 2010-2011'),
	(206,53,4,'Официальная верхняя форма, 2010-2011'),
	(207,53,5,'正式球衣 2010-2011'),
	(208,51,3,'Jerseys oficiales 2011-2012'),
	(209,51,4,'Официальная верхняя форма, 2011-2012'),
	(210,51,5,'官方球衣 2011-2012'),
	(211,49,3,'Jerseys oficiales 2012-2013'),
	(212,49,4,'Официальная верхняя форма, 2012-2013'),
	(213,49,5,'官方球衣 2012-2013'),
	(214,45,3,'estacionales'),
	(215,45,4,'Сезон'),
	(216,45,5,'季节性物品'),
	(217,69,3,'chaquetas'),
	(218,69,4,'Куртки'),
	(219,69,5,'夹克'),
	(220,105,3,'gorras'),
	(221,105,4,'Кепки'),
	(222,105,5,'帽子'),
	(223,89,3,'pins - imanes'),
	(224,89,4,'Значки-магниты'),
	(225,89,5,'别针-磁铁'),
	(226,103,3,'bufandas'),
	(227,103,4,'Шарфы'),
	(228,103,5,'头巾'),
	(229,87,3,'kombolói'),
	(230,87,4,'Четки'),
	(231,87,5,'念珠'),
	(232,97,3,'trofeos - muñecos cabezones'),
	(233,97,4,'Кубки - Фигурки'),
	(234,97,5,'纪念品-泡泡头'),
	(235,109,3,'banderines - banderas'),
	(236,109,4,'Флажки - Флаги'),
	(237,109,5,'三角旗-旗帜'),
	(238,95,3,'balones'),
	(239,95,4,'Мячи'),
	(240,95,5,'球'),
	(241,85,3,'llaveros'),
	(242,85,4,'Ключедержатели'),
	(243,85,5,'钥匙环'),
	(244,73,3,'niños'),
	(245,73,4,'Дети'),
	(246,73,5,'儿童'),
	(247,119,3,'Ropa para niños'),
	(248,119,4,'Детская одежда'),
	(249,119,5,'童装'),
	(250,111,3,'muñequeras - bandas elásticas'),
	(251,111,4,'Повязки на запястье - Головные повязки'),
	(252,111,5,'腕带-头带'),
	(253,59,3,'Ropa de entrenamiento Adidas 2009-2010'),
	(254,59,4,'Тренировочные костюмы Adidas, 2009-2010'),
	(255,59,5,'训练服 Adidas 2009-2010'),
	(256,57,3,'Ropa de entrenamiento Adidas 2011-2012'),
	(257,57,4,'Тренировочные костюмы Adidas, 2011-2012'),
	(258,57,5,'训练服 Adidas 2011-2012'),
	(259,47,3,'ofertas'),
	(260,47,4,'Предложения'),
	(261,47,5,'优惠'),
	(262,83,3,'Relojes de Pulsera-Relojes'),
	(263,83,4,'Часы'),
	(264,83,5,'钟表'),
	(265,27,3,'Colección de Voleibol'),
	(266,27,4,'Волейбольная коллекция'),
	(267,27,5,'排球系列'),
	(268,79,3,'artefactos con música'),
	(269,79,4,'Музыкальные гаджеты'),
	(270,79,5,'带音乐小配件'),
	(271,23,3,'colección de baloncesto'),
	(272,23,4,'Баскетбольная коллекция'),
	(273,23,5,'篮球收藏'),
	(274,25,3,'colección de fútbol'),
	(275,25,4,'Футбольная коллекция'),
	(276,25,5,'足球收藏'),
	(277,107,3,'sombreros - guantes'),
	(278,107,4,'Шапки - Перчатки'),
	(279,107,5,'帽子-手套'),
	(280,43,3,'recuerdos Alvertis'),
	(281,43,4,'Памятная вещь Alvertis'),
	(282,43,5,'Alvertis 纪念品'),
	(283,77,3,'Colecciones de DVD'),
	(284,77,4,'Коллекции DVD'),
	(285,77,5,'DVD 系列'),
	(286,101,3,'accesorios escolares'),
	(287,101,4,'Аксессуары для школы'),
	(288,101,5,'学习配件'),
	(289,93,3,'bolsos - billeteros'),
	(290,93,4,'Сумки - Кошельки'),
	(291,93,5,'背包-钱包'),
	(292,99,3,'vidrios - cristales'),
	(293,99,4,'Стаканы - Хрусталь'),
	(294,99,5,'玻璃-水晶'),
	(295,71,3,'chándales - pantalones'),
	(296,71,4,'Брюки тренировочного костюма'),
	(297,71,5,'运动服-裤子'),
	(298,67,3,'chándales - pantalones'),
	(299,67,4,'Брюки тренировочного костюма'),
	(300,67,5,'运动服-裤子'),
	(301,39,3,'papelería  '),
	(302,39,4,'Канцелярские принадлежности'),
	(303,39,5,'办公用品'),
	(304,21,3,'Todos los productos'),
	(305,21,4,'Все продукты'),
	(306,21,5,'所有产品');

/*!40000 ALTER TABLE `dpge_tags` ENABLE KEYS */;
UNLOCK TABLES;


# Dump of table dpge_tags_plugin
# ------------------------------------------------------------

DROP TABLE IF EXISTS `dpge_tags_plugin`;

CREATE TABLE `dpge_tags_plugin` (
  `menu_data_multilang_id` int(11) NOT NULL AUTO_INCREMENT,
  `tags` varchar(245) DEFAULT NULL,
  PRIMARY KEY (`menu_data_multilang_id`),
  UNIQUE KEY `menu_data_multilang_id_UNIQUE` (`menu_data_multilang_id`),
  KEY `fk3_menu_data_multilang_id` (`menu_data_multilang_id`),
  CONSTRAINT `fk3_menu_data_multilang_id` FOREIGN KEY (`menu_data_multilang_id`) REFERENCES `dpge_menu_data_multilang` (`menu_data_multilang_id`) ON DELETE CASCADE ON UPDATE NO ACTION
) ENGINE=InnoDB DEFAULT CHARSET=utf8;

LOCK TABLES `dpge_tags_plugin` WRITE;
/*!40000 ALTER TABLE `dpge_tags_plugin` DISABLE KEYS */;

INSERT INTO `dpge_tags_plugin` (`menu_data_multilang_id`, `tags`)
VALUES
	(38,'1'),
	(39,'3'),
	(40,'4'),
	(48,'21'),
	(49,'21'),
	(50,'23'),
	(51,'23'),
	(52,'25'),
	(53,'25'),
	(54,'27'),
	(55,'27'),
	(56,'115'),
	(57,'115'),
	(58,'31'),
	(59,'31'),
	(60,'33'),
	(61,'33'),
	(62,'121'),
	(63,'121'),
	(64,'37'),
	(65,'37'),
	(66,'39'),
	(67,'39'),
	(68,'41'),
	(69,'41'),
	(70,'43'),
	(71,'43'),
	(72,'45'),
	(73,'45'),
	(74,'47'),
	(75,'47'),
	(76,'49'),
	(77,'49'),
	(78,'51'),
	(79,'57'),
	(80,'53'),
	(81,'53'),
	(84,'55'),
	(85,'55'),
	(86,'57'),
	(87,'57'),
	(88,'55'),
	(89,'55'),
	(90,'61'),
	(91,'61'),
	(92,'51'),
	(93,'51'),
	(94,'53'),
	(95,'53'),
	(96,'61'),
	(97,'61'),
	(100,'63'),
	(101,'63'),
	(102,'65'),
	(103,'65'),
	(104,'67'),
	(105,'67'),
	(106,'69'),
	(107,'69'),
	(108,'63'),
	(109,'63'),
	(110,'125'),
	(111,'125'),
	(112,'71'),
	(113,'71'),
	(114,'73'),
	(115,'73'),
	(116,'75'),
	(117,'75'),
	(118,'77'),
	(119,'77'),
	(120,'79'),
	(121,'79'),
	(122,'81'),
	(123,'81'),
	(124,'83'),
	(125,'83'),
	(126,'85'),
	(127,'85'),
	(128,'87'),
	(129,'87'),
	(130,'89'),
	(131,'89'),
	(132,'91'),
	(133,'91'),
	(134,'93'),
	(135,'93'),
	(136,'95'),
	(137,'95'),
	(138,'97'),
	(139,'97'),
	(140,'99'),
	(141,'99'),
	(142,'101'),
	(143,'101'),
	(144,'101'),
	(145,'101'),
	(146,'103'),
	(147,'103'),
	(148,'105'),
	(149,'105'),
	(150,'107'),
	(151,'107'),
	(152,'111'),
	(153,'111'),
	(154,'111'),
	(155,'111'),
	(156,'113'),
	(157,'113'),
	(158,'115'),
	(159,'115'),
	(160,'117'),
	(161,'117'),
	(162,'119'),
	(163,'119'),
	(164,'121'),
	(165,'121'),
	(166,'123'),
	(167,'123'),
	(168,'21'),
	(169,'21'),
	(170,'21'),
	(171,'23'),
	(172,'23'),
	(173,'23');

/*!40000 ALTER TABLE `dpge_tags_plugin` ENABLE KEYS */;
UNLOCK TABLES;


# Dump of table dpge_template_sections
# ------------------------------------------------------------

DROP TABLE IF EXISTS `dpge_template_sections`;

CREATE TABLE `dpge_template_sections` (
  `template_section_id` int(11) NOT NULL AUTO_INCREMENT,
  `template_id` int(11) DEFAULT NULL,
  `section_name` varchar(245) DEFAULT NULL,
  `section_file` varchar(245) DEFAULT NULL,
  `section_color` varchar(45) DEFAULT NULL,
  PRIMARY KEY (`template_section_id`),
  UNIQUE KEY `template_section_id_UNIQUE` (`template_section_id`),
  KEY `fk1_template_id` (`template_id`),
  CONSTRAINT `fk1_template_id` FOREIGN KEY (`template_id`) REFERENCES `dpge_templates` (`template_id`) ON DELETE CASCADE ON UPDATE NO ACTION
) ENGINE=InnoDB DEFAULT CHARSET=utf8;

LOCK TABLES `dpge_template_sections` WRITE;
/*!40000 ALTER TABLE `dpge_template_sections` DISABLE KEYS */;

INSERT INTO `dpge_template_sections` (`template_section_id`, `template_id`, `section_name`, `section_file`, `section_color`)
VALUES
	(1,1,'sidebar','sidebar.phtml','red'),
	(4,1,'bottom','bottom.phtml','green'),
	(6,2,'sidebar','sidebar.phtml','red'),
	(7,2,'bottom','bottom.phtml','green'),
	(8,1,'home_sections','home_sections.phtml','grey'),
	(10,3,'sidebar','sidebar.phtml','red'),
	(11,3,'bottom','bottom.phtml','green'),
	(13,4,'sidebar','sidebar.phtml','red'),
	(14,4,'bottom','bottom.phtml','green'),
	(15,4,'cart_top','cart_top.phtml','yellow'),
	(16,4,'cart_bottom','cart_bottom.phtml','magenta'),
	(17,3,'top_section','top_section.phtml','magenta'),
	(18,3,'bottom_section','bottom_section.phtml','blue'),
	(19,5,'bottom','bottom.phtml','green'),
	(20,5,'bottom_section','bottom_section.phtml','gray'),
	(21,5,'sidebar','sidebar.phtml','pink'),
	(22,5,'top_section','top_section.phtml','yellow');

/*!40000 ALTER TABLE `dpge_template_sections` ENABLE KEYS */;
UNLOCK TABLES;


# Dump of table dpge_template_view
# ------------------------------------------------------------

DROP TABLE IF EXISTS `dpge_template_view`;

CREATE TABLE `dpge_template_view` (
  `template_view_id` int(11) NOT NULL AUTO_INCREMENT,
  `template_id` int(11) DEFAULT NULL,
  `template_name` varchar(145) DEFAULT NULL,
  `default` tinyint(1) DEFAULT '0',
  PRIMARY KEY (`template_view_id`),
  UNIQUE KEY `template_view_id_UNIQUE` (`template_view_id`)
) ENGINE=InnoDB DEFAULT CHARSET=utf8;

LOCK TABLES `dpge_template_view` WRITE;
/*!40000 ALTER TABLE `dpge_template_view` DISABLE KEYS */;

INSERT INTO `dpge_template_view` (`template_view_id`, `template_id`, `template_name`, `default`)
VALUES
	(1,1,'HomePage 1',1),
	(3,2,'Content default',1),
	(4,3,'Product tags',1),
	(5,3,'Faneles Template',0),
	(6,4,'Cart',1),
	(7,5,'Product View Default',1);

/*!40000 ALTER TABLE `dpge_template_view` ENABLE KEYS */;
UNLOCK TABLES;


# Dump of table dpge_template_widgets
# ------------------------------------------------------------

DROP TABLE IF EXISTS `dpge_template_widgets`;

CREATE TABLE `dpge_template_widgets` (
  `template_widget_id` int(11) NOT NULL AUTO_INCREMENT,
  `template_view_id` int(11) DEFAULT NULL,
  `template_section_id` int(11) DEFAULT NULL,
  `widget_id` int(11) DEFAULT NULL,
  PRIMARY KEY (`template_widget_id`),
  UNIQUE KEY `widget_id_UNIQUE` (`template_widget_id`),
  KEY `fk_template_view_id` (`template_view_id`),
  KEY `fk_template_section_id` (`template_section_id`),
  KEY `fk_widget_id` (`widget_id`),
  CONSTRAINT `fk_template_section_id` FOREIGN KEY (`template_section_id`) REFERENCES `dpge_template_sections` (`template_section_id`) ON DELETE CASCADE ON UPDATE NO ACTION,
  CONSTRAINT `fk_template_view_id` FOREIGN KEY (`template_view_id`) REFERENCES `dpge_template_view` (`template_view_id`) ON DELETE CASCADE ON UPDATE NO ACTION,
  CONSTRAINT `fk_widget_id` FOREIGN KEY (`widget_id`) REFERENCES `dpge_widgets` (`widget_id`) ON DELETE CASCADE ON UPDATE NO ACTION
) ENGINE=InnoDB DEFAULT CHARSET=utf8;

LOCK TABLES `dpge_template_widgets` WRITE;
/*!40000 ALTER TABLE `dpge_template_widgets` DISABLE KEYS */;

INSERT INTO `dpge_template_widgets` (`template_widget_id`, `template_view_id`, `template_section_id`, `widget_id`)
VALUES
	(121,3,6,1),
	(128,4,10,1),
	(132,4,11,4),
	(133,4,11,5),
	(134,4,11,6),
	(136,5,10,1),
	(141,5,11,4),
	(142,5,11,5),
	(143,5,11,6),
	(144,1,1,1),
	(208,1,4,4),
	(209,1,4,5),
	(210,1,4,6),
	(214,3,7,4),
	(215,3,7,5),
	(216,3,7,6),
	(218,6,13,1),
	(222,6,14,4),
	(223,6,14,5),
	(224,6,14,6),
	(234,7,21,1),
	(238,7,19,4),
	(239,7,19,5),
	(240,7,19,6),
	(242,6,16,12),
	(246,1,8,11),
	(247,1,8,13),
	(248,1,8,12),
	(249,1,8,14),
	(252,7,22,11);

/*!40000 ALTER TABLE `dpge_template_widgets` ENABLE KEYS */;
UNLOCK TABLES;


# Dump of table dpge_templates
# ------------------------------------------------------------

DROP TABLE IF EXISTS `dpge_templates`;

CREATE TABLE `dpge_templates` (
  `template_id` int(11) NOT NULL AUTO_INCREMENT,
  `template_name` varchar(45) DEFAULT NULL,
  `template_file` varchar(245) DEFAULT NULL,
  PRIMARY KEY (`template_id`),
  UNIQUE KEY `template_id_UNIQUE` (`template_id`)
) ENGINE=InnoDB DEFAULT CHARSET=utf8;

LOCK TABLES `dpge_templates` WRITE;
/*!40000 ALTER TABLE `dpge_templates` DISABLE KEYS */;

INSERT INTO `dpge_templates` (`template_id`, `template_name`, `template_file`)
VALUES
	(1,'homepage','homepage.phtml'),
	(2,'content','content.phtml'),
	(3,'tags','tags.phtml'),
	(4,'cart','cart.phtml'),
	(5,'product','product.phtml');

/*!40000 ALTER TABLE `dpge_templates` ENABLE KEYS */;
UNLOCK TABLES;


# Dump of table dpge_useraccounts
# ------------------------------------------------------------

DROP TABLE IF EXISTS `dpge_useraccounts`;

CREATE TABLE `dpge_useraccounts` (
  `user_id` int(11) NOT NULL AUTO_INCREMENT,
  `username` varchar(145) NOT NULL,
  `password` varchar(245) NOT NULL,
  `role` varchar(45) NOT NULL,
  `firstname` varchar(145) DEFAULT NULL,
  `lastname` varchar(145) DEFAULT NULL,
  PRIMARY KEY (`user_id`),
  UNIQUE KEY `user_id_UNIQUE` (`user_id`)
) ENGINE=InnoDB DEFAULT CHARSET=utf8;

LOCK TABLES `dpge_useraccounts` WRITE;
/*!40000 ALTER TABLE `dpge_useraccounts` DISABLE KEYS */;

INSERT INTO `dpge_useraccounts` (`user_id`, `username`, `password`, `role`, `firstname`, `lastname`)
VALUES
	(1,'akatsaris@gmail.com','a87b2aaf923eeb056925220118a8e690','administrator','Angelos','Katsaris');

/*!40000 ALTER TABLE `dpge_useraccounts` ENABLE KEYS */;
UNLOCK TABLES;


# Dump of table dpge_widgets
# ------------------------------------------------------------

DROP TABLE IF EXISTS `dpge_widgets`;

CREATE TABLE `dpge_widgets` (
  `widget_id` int(11) NOT NULL AUTO_INCREMENT,
  `widget_name` varchar(145) DEFAULT NULL,
  `widget` varchar(145) DEFAULT NULL,
  `params` varchar(245) DEFAULT NULL,
  `html` text,
  PRIMARY KEY (`widget_id`),
  UNIQUE KEY `widget_id_UNIQUE` (`widget_id`)
) ENGINE=InnoDB DEFAULT CHARSET=utf8;

LOCK TABLES `dpge_widgets` WRITE;
/*!40000 ALTER TABLE `dpge_widgets` DISABLE KEYS */;

INSERT INTO `dpge_widgets` (`widget_id`, `widget_name`, `widget`, `params`, `html`)
VALUES
	(1,'left menu','menu','tag:top_menu,type:side',NULL),
	(4,'footer menu','menu','tag:footer_menu,type:footer',''),
	(5,'footer 2','menu','tag:footer_menu_2,type:footer',''),
	(6,'footer menu 3','menu','tag:footer_menu_3,type:footer',NULL),
	(11,'top home message','multilanguage_content','id:1',''),
	(12,'Banner Home Page','multilanguage_content','id:3',''),
	(13,'Offers','two_products_section','id:2,title:offers,limit:2',''),
	(14,'Best Sellers','four_products_section','id:3,limit:4,title:Best Sellers','');

/*!40000 ALTER TABLE `dpge_widgets` ENABLE KEYS */;
UNLOCK TABLES;



/*!40111 SET SQL_NOTES=@OLD_SQL_NOTES */;
/*!40101 SET SQL_MODE=@OLD_SQL_MODE */;
/*!40014 SET FOREIGN_KEY_CHECKS=@OLD_FOREIGN_KEY_CHECKS */;
/*!40101 SET CHARACTER_SET_CLIENT=@OLD_CHARACTER_SET_CLIENT */;
/*!40101 SET CHARACTER_SET_RESULTS=@OLD_CHARACTER_SET_RESULTS */;
/*!40101 SET COLLATION_CONNECTION=@OLD_COLLATION_CONNECTION */;
